source,review_id,rating,title,text,date,helpful_votes,provenance,word_count
app_store,us_14200768961,3.0,Recommended songs,The recommends songs are not based off my wants.  Too many ads and the price is too high… I do like the feature of adding songs in order for the que.,2026-06-19T03:35:27-07:00,0,scraped,31
app_store,us_14200709665,5.0,Smitten,Spotify always has the tracks I like and makes suggestions for my playlists.  I really love this app,2026-06-19T03:11:39-07:00,0,scraped,18
app_store,us_14200334037,3.0,Repeated songs,"I’ll choose Spotify any day over every listening platform, but the shuffle messes it up for me. Literally replays the same shuffle. If not 5 starts",2026-06-19T00:25:53-07:00,0,scraped,26
app_store,us_14200284485,5.0,Idea!,I have been a Spotify premium plan member for a long time now and I absolutely love this application. I have tried other apps and while they may have some cool features Spotify is still the best in my opinion. I have made suggestions before and surprisingly I was listened to and things were added. I am hoping that if I share another maybe Spotify will find a way to implement it as well. Does anyone remember those computer screen savers that used to either move to the music you had on or would change color to the beat? It looked something from a geometry class equation. I think that would be a really cool feature to add so when you are listening and just wanna zone out you could have that on your screen. Thanks for a great app Spotify!!!!,2026-06-19T00:03:53-07:00,0,scraped,141
app_store,us_14199999330,3.0,What is this?,"This app is good but it has WAY TO MANY ADDS I GET ONE AFTER EVERY SINGLE SONG, and why do I have to buy the premium membership in order to listen to the song on repeat it’s ridicules, I like how you can find every single song but still it’s crazy and pandora is free, doesn’t have adds, you can listen to it on repeat, and I find literally every single song I’m looking for even new ones",2026-06-18T21:56:17-07:00,0,scraped,79
app_store,us_14199930438,5.0,Great!!!,This app is great for kids and adults and premeuim is even better I highly recommend,2026-06-18T21:25:51-07:00,0,scraped,16
app_store,us_14199766002,1.0,Plays same songs over and over,App won’t stop playing the same songs over and over within your playlist.,2026-06-18T20:15:37-07:00,0,scraped,13
app_store,us_14199691787,2.0,Spotify,"It’s good if your paying 800$ a month (exaggeration). Money is tight right now and so we had to cancel paying for spotify and it turned into the worst app possible. everything is on “ shuffle” but it doesn’t even play the songs from the playlist you pick, it gives you “suggested” songs that are completely different. The ads are after EVERY song, and there’s two..Spotify if you see this, please change whatever you’re doing or lower prices. other then that i love the app a lot more then any other music apps.",2026-06-18T19:45:32-07:00,0,scraped,93
app_store,us_14199629723,3.0,What’s going on,Ever time I want to search up a song it says there’s nothing I JUST WANT TO LISTEN TO A NEW SONG and plus the app is extremely laggy now ands I don’t know what’s happening,2026-06-18T19:20:57-07:00,0,scraped,36
app_store,us_14199566821,4.0,It’s great,"I love Spotify, it’s usually my go to music app. I can’t afford Premium, so I’ve always stuck with the free version, and honestly I was fine with that. But lately it’s been driving me crazy. I’ll play one of my playlists, and after one or two songs it switches to recommended tracks. When I try to go back to my playlist, it won’t let me and just keeps reminding me to buy Premium if I want to listen to what I actually picked. Anyways I still do think highly of the app and would like to recommend to others but at the moment I hesitate to",2026-06-18T18:56:47-07:00,0,scraped,107
app_store,us_14199440621,5.0,Love the Algorithm!,I absolutely love how Spotify can pick up on what’s songs you like or would like after you play your whole playlist. That’s how I discover new music and artist! Apple Music can’t even compare!,2026-06-18T18:08:36-07:00,0,scraped,35
app_store,us_14199129027,5.0,The Amazing Spotify,"The best tailored and curated sound experience by any music program thus far - 2026 
~ the comfort zone",2026-06-18T16:07:13-07:00,0,scraped,19
app_store,us_14199128112,5.0,Spotify,Love Spotify thought I wouldn’t need  it but it’s so fire can make multiple playlist and songs are never glitchy super high-quality app love this if anybody is reading this review get Spotify it also has awesome audiobooks and it recommends the best songs(I love listening to Ariana Grande with this)🤍 yeah that’s pretty much it just get the app,2026-06-18T16:06:52-07:00,0,scraped,60
app_store,us_14199083825,2.0,Repeat,"It always repeats the same songs, I skip & skip and it’s always the same. I search for new music but it always comes back to the same playlist.",2026-06-18T15:49:27-07:00,0,scraped,29
app_store,us_14199082730,3.0,ads are annoying,stop adding recommended to my playlist let me listen to my music other then that has a lot of good music,2026-06-18T15:49:00-07:00,0,scraped,21
app_store,us_14198993044,1.0,music sekection,"The list that Spotify suggests are OK but when I look specifically for the music, I want to listen to it's not there",2026-06-18T15:13:33-07:00,0,scraped,23
app_store,us_14198727316,2.0,songs in podcasts,They are amazing podcast. I listen to them all the time and the songs are amazing too. Spotify recommends the best songs.,2026-06-18T13:34:19-07:00,0,scraped,22
app_store,us_14198674208,5.0,app suggestion,"By far my favorite app ever, i love music. But my suggestion is, maybe add a light mode? Even better, make it to where we can make it our own theme with our own custom colors.",2026-06-18T13:15:14-07:00,0,scraped,36
app_store,us_14198605540,5.0,Charlee Clifton,I really love this app I can listen to free music that I personally love and can put my music taste in categories to see which one to choose and I'm happy that you don't have to pay if you don't want to.,2026-06-18T12:51:27-07:00,0,scraped,43
app_store,us_14198420088,3.0,I'm mad,I used to use repeat on my iPad and then it wasn't there and I googled it and It's PREMIUM this made me so made and I'm not paying for premium,2026-06-18T11:48:57-07:00,0,scraped,31
app_store,us_14198412810,1.0,Same issues never fixed,They changed the logo but can’t fix the issue with the queue. I will delete songs on it but they come back up when i re open the app later. I have tried everything. I also see the same songs play on playlists that have over hundreds of songs.,2026-06-18T11:46:31-07:00,0,scraped,49
app_store,us_14198331106,1.0,How the mighty has fallen,Horrible random algorithm plays the same songs over and over again to save on streaming bandwidth,2026-06-18T11:19:42-07:00,0,scraped,16
app_store,us_14198320744,4.0,"It's pretty great, other than a few things","I love that we can listen to any music that is on there, game soundtracks, audiobooks, podcasts, etc. I also love that we can make several playlists and the app will suggest songs that match the vibe. 

However, one thing that sometimes gets annoying, is that for people who either can't afford Premium or have something holding them back from getting it, they have a small amount of chances to choose a song they want to listen to right there and then. 

I understand that you need a way to get people to buy Premium. Because several people who love music can't afford premium, it lowers user satisfaction rate. 

This isn't just about limited choices, it's also about how playlists that aren't your liked songs often don't play those songs, instead they start playing recommended songs instead of the ones in the playlist. 

There are many other reasons that balance the good reasons too. I just want this to be addressed.",2026-06-18T11:16:20-07:00,0,scraped,161
app_store,us_14198268346,3.0,Ehh,Constant adds and not able to Skip unless you have premium. Barely any songs are slowed and reverb on here. Spotify wrapped said I was 51 (I’m 10-15😭🙏) and agains unless you have premium you can only pick like 5 songs per day then you have to listen to what ever auto plays. but over all it’s okay.,2026-06-18T10:59:36-07:00,0,scraped,58
app_store,us_14198241066,5.0,Streaming music choice,overall the platform has been very user friendly and consistent with recommendations for new music when listening to music you already know.,2026-06-18T10:50:56-07:00,0,scraped,22
app_store,us_14198205935,1.0,Not much songs,This streaming use to be good. Now it’s not the same with the new music in each genre. Some you cannot find. I’m disappointed.,2026-06-18T10:39:40-07:00,0,scraped,24
app_store,us_14198203547,3.0,Three stars,It’s helpful for when you’re just trying to listen to your playlist and you get to make your own album cover which is pretty cool but if you try to search up an artist or singer Spotify shows you the artist but they show you there best rated songs and doesn’t show you all of the singer’s songs and how you access a song you have to know the name and artist of it so it is very hard to discover new songs but other then that it’s a okay website,2026-06-18T10:38:54-07:00,0,scraped,91
app_store,us_14198083481,5.0,Algorithm,"Great music suggestion algorithm, it’s very easy to find more music",2026-06-18T10:01:27-07:00,0,scraped,11
app_store,us_14197974373,1.0,New Play Style,Don’t care for a new song starting before the old one ends!,2026-06-18T09:28:40-07:00,0,scraped,12
app_store,us_14197957124,1.0,.,Shuffling a playlist isn’t shuffling a playlist when it’s the same songs in the same order it’s just Spotifys order.  Slightly annoying,2026-06-18T09:23:36-07:00,0,scraped,22
app_store,us_14197901440,5.0,Spotify review,I really like Spotify I so wish that you didn’t have to pay premium to skip as much as you want or click any song you want but other than that.i 100% recommend listening to music on Spotify,2026-06-18T09:07:22-07:00,0,scraped,38
app_store,us_14197893229,4.0,"Good, but ONLY if you have prem.","I use Spotify all the time, but I have prem and I don’t regret it . If you can’t pay for premium, I’d recommend listening to songs on pandora or YouTube music",2026-06-18T09:05:00-07:00,0,scraped,32
app_store,us_14197873500,1.0,The app discriminates heavily,"There is an endless stream of music with racial themes, particularly from black folks but I have noticed that pro-European themed music like Saxon or No Face Nate, which doesn't advocate crime the way the aforementioned often does, is banned. If an alternative becomes available without the discrimination I would recommend it over this one.",2026-06-18T08:59:19-07:00,0,scraped,55
app_store,us_14197869577,5.0,Love the music !!,"This app is super duper good! Except when you get short ads 🌸😔 But, it’s still really good! I suggest you to get it if you wanna listen to music or podcasts ! I’m more of the music part, but it’s okay if you like both!",2026-06-18T08:58:11-07:00,0,scraped,46
app_store,us_14197654824,1.0,Better radio suggestions for songs and artists,Need better radio suggestions that are similar and consistent to the artist and song style,2026-06-18T07:57:01-07:00,0,scraped,15
app_store,us_14197648566,5.0,the music is great!!,i love that i can listen wherever i go and it has literally all of my favorite songs. HIGHLY recommend,2026-06-18T07:55:14-07:00,0,scraped,20
app_store,us_14197550977,4.0,Great music app,"Spotify is a great music app, you can pick endless amount of songs plus make more than one playlist. Spotify even recommends songs and playlists full of all types of songs for you if you’re looking to try something new. Me personally I enjoy using Spotify whenever I’m in the mood for music 🎵! But there is one thing that isn’t the best there is an adds that will interrupt your playlist, sometimes Spotify will play 4 adds in total just to get to the next song 🎶. But if you had premium that wouldn’t be a problem.",2026-06-18T07:27:26-07:00,0,scraped,98
app_store,us_14197530056,5.0,Dj update,"I’ve been using this app for about five years I think it’s one of the best out there as far as variety new artist, playlist compilation ability to skip compile playlist and share another just recently they have done an update to the DJ function. It’s a very smooth transition now better mix. I highly recommend this app.",2026-06-18T07:21:25-07:00,0,scraped,58
app_store,us_14197446009,5.0,Best music app,"Best music app period. Especially if you pay for an upgraded monthly subscription. Unlimited downloads, skips, playlists. So customizable. It even sees what you listen to and your preferences and recommends new music for you. You get the new drops as soon as they drop. I love it here!!!! Over 15,000 songs on my playlists and growing!!",2026-06-18T06:57:27-07:00,0,scraped,57
app_store,us_14197410435,1.0,hopeful,"i’ve been using spotify for years and i try to love it.  however the algorithm isn’t always the best and after 10,000 songs the app barely works.  i hope things get better and i will continue to support",2026-06-18T06:47:01-07:00,0,scraped,38
app_store,us_14197405363,3.0,Ehhhh app,"The Shuffle is literally repeating its sequence, like how is that even possible.",2026-06-18T06:45:31-07:00,0,scraped,13
app_store,us_14197372960,3.0,Spotify is just ok,Kind of tedious for building playlists.  Super repetitive algorithms.  Should allow you to drag and drop artists into a playlist.  Then give you the option to toggle on an algorithm which would seek out similar artists.  Instead they make you pick specific songs.,2026-06-18T06:36:01-07:00,0,scraped,43
app_store,us_14197253229,1.0,Poor shuffle algorithm,I have playlist with over 140 songs and I constantly only here maybe 30 of them. Same 30 over and over when shuffle play is on.,2026-06-18T05:59:49-07:00,0,scraped,26
app_store,us_14197232927,5.0,❤️💗,I love listening to music on spotify! I would 100% recommend for anyone wgo loves listening to music! 🎵,2026-06-18T05:53:32-07:00,0,scraped,19
app_store,us_14197160425,1.0,Repeats the same songs,It’s not even worth liking songs they won’t play them anyway get used to hearing the same stuff on repeat or searching for your own song.,2026-06-18T05:30:43-07:00,0,scraped,26
app_store,us_14197083153,3.0,Fix the algorithm,"Not sure what has happened to the algorithm, but the “for you” playlists are tired, overplayed and the exact same music regardless of whether your working, doing the DJ function, running, pool party. Can we go back to 10 years ago when Spotify introduced you to new songs and artists when you opted into the “For You” playlists.",2026-06-18T05:05:30-07:00,0,scraped,58
app_store,us_14196833667,5.0,The must have music And posdcast app,You can find almost every song you want to listen too. Have been using for many years and have a playlist for every mood and occasion. Spent several hours looking at and finding new artist and songs for my playlist.,2026-06-18T03:36:19-07:00,0,scraped,40
app_store,us_14196602168,3.0,Should have a not interested option,"Everything’s cool but, there should be like an not interested option to remove unwanted songs and playlists from the recommendations",2026-06-18T01:58:34-07:00,0,scraped,20
app_store,us_14196284390,3.0,Just meh,"If you read most of the “5 star reviews” it’s people complaining here’s my not “5 star review”: 
Used to like using this app, but anymore I hate even looking at it. The “random shuffle” is a lie it plays the same songs over and over constantly and you only get 6 skips after that you don’t have any left so you’re forced to listen to the exact same songs. Just kidding, after every single song there’s 5-6 ads. So you’re not listening to anything at all! Just ads. Constantly. I’ve tracked it if you listen to the 5 ads you’ll get 2 songs before another 5 or 6 ads. 2 whole songs and that’s if you’re lucky! Honestly the audacity the music has to just interrupt this apps advertisements is just awful. That’s all this app even is is just ads the entire time. You reset the app? Sure have 5 ads. You reset again you get 1 song then 6 ads after that. I refuse to give an advertisement app any money to let me listen to a few more songs before getting bombarded with ads ever. Music or podcast app? Nah not even close it’s just an advertisement app with a 2 minute and 15 second song that might play before another 6 ads. Come on dude they’re not even skippable either… if I didn’t like just a handful of songs I’d delete this off my phone now but I’ll make a list of songs soon so I can then.",2026-06-17T23:31:59-07:00,0,scraped,253
app_store,us_14196272711,5.0,The best appppppp ever,Loves this so good for when I on rides or reading a book highly recommend,2026-06-17T23:26:24-07:00,0,scraped,15
app_store,us_14196190811,5.0,LOVE folders (please let us add images to folders),Thank you so so much for giving the mobile app the ability to create folders and move playlists to different folders. LOVE IT! Just one suggestion would be to allow us to add a photo cover to a folder. I’m tired of the boring gray.,2026-06-17T22:47:35-07:00,0,scraped,45
app_store,us_14196178712,5.0,Love this app!,"Spotify is my favorite app for streaming music because of its extensive library, personalized playlists, high-quality sound, and user-friendly interface.",2026-06-17T22:41:51-07:00,0,scraped,20
app_store,us_14195930765,5.0,BEST MUSIC PLATFORM EVER!,"I love Spotify bc you can listen to every song there is, new songs daily and SUPER GOOD QUALITY!!🤗🥹",2026-06-17T20:48:21-07:00,0,scraped,19
app_store,us_14195887769,5.0,VERY sophisticated complexes,"I am Horsatia Wighair Beanzs~ this is a very sophisticated app because in my many thousands of years of listening to *hatsune miku* and *Kasane Teto* I have found inspiration for my favor of the games dandy’s world, forsaken, and undertale I have finally found insurance for my lung cancer, you see my cousin Roccia mellony beanzs recommended this and I did it for the honor of autism, adhd, and anger issues. Farewell my dear autistic friends I love all of you! Kayyyyyy TTYL! Slay that queen.",2026-06-17T20:29:41-07:00,0,scraped,87
app_store,gb_14199451568,5.0,I LOVE SPOTIFY,"you gave me and my ex’s spotify blend a 94% similarity percentage and said it’s relationship goals, i hope this motivates him enough 💕 love u spotify",2026-06-18T18:12:49-07:00,0,scraped,27
app_store,gb_14198901958,5.0,THE BEST APP,"Spotify is literally my most used app, I use it practically every chance I get, it’s a great platform to easily stream peak music and has great quality! I would definitely also recommend getting premium, it is so worth it, great subscription, as you can mix tunes, no ads, watch the music video (whilst listening), see collaborations and interesting facts about song. Music has genuinely helped me in so many different ways and if I didn’t have Spotify, I don’t have a clue what I’d do! THANK YOU SPOTIFY 🥹🥹p.s: Michael Jackson is the best, no one can tell me otherwise!",2026-06-18T14:38:39-07:00,0,scraped,101
app_store,gb_14198766759,5.0,👌,"I used to use Amazon Music all the time and then I started to use  Spotify and now I’m obsessed! The music is good quality and the ads are bearable. Really good, I recommend. Only improvement would be making playlists because it immediately takes to back to recommendations after adding a song. But it’s really good!",2026-06-18T13:48:31-07:00,0,scraped,56
app_store,gb_14198461326,1.0,This app was what Karl Marx aimed to eradicate,This is one of the most horrid apps I’ve ever witnessed. I don’t know what sadist created this but the concept of you being treated like a serf if u don’t pay for premium disgusts me. It’s a music app and you’re just unable to listen to music on phone if ur a third class citizen. 6 skips per HOUR and u only get to CHOOSE what song YOU listen to 6 times. Religious people are stupid for believing there could possibly be a God when this is what’s happening in his supposed garden of Eden. And just like what Elon wants   I’m gonna keep the app bc I want my Spotify wrapped. Maybe if this country uses more child slave labour I’ll have wages high enough to both pay for Spotify premium and heat my house.,2026-06-18T12:02:37-07:00,0,scraped,137
app_store,gb_14198169230,2.0,Auto-plays podcasts you’re not interested in.,"There’s no block or silence function for podcasts you are not interested in, and Spotify will only ever auto play suggested podcasts you are not interested in. I follow/subscribe to so many podcasts yet Spotify is intent in autoplaying something I don’t want to listen to instead of a podcast I actually follow. Surely this isn’t a difficult feature to implement?",2026-06-18T10:28:02-07:00,0,scraped,61
app_store,gb_14193900126,1.0,Too many recommendations,"Spotify I have a question for you. Why do you think I make my own playlist? 

To play my OWN songs. So why are you giving me over 10 recommendations in a row when my playlist isn’t even finished. If I wanted recommendations I would play a bloody playlist by Spotify. But I DON’T want your stupid recommendations when the music you recommend isn’t even to my liking. I use Spotify free so I have to use all my skips on your stupid recommendations. I am getting really frustrated because I don’t want to be hearing random songs when I listen to my OWN playlist. This is getting really out of hand so please sort this out before I crash out!",2026-06-17T08:42:30-07:00,0,scraped,121
app_store,gb_14193371221,5.0,Unreal,Such an app if you can stick the ads. Download your songs and hit play. Highly recommended,2026-06-17T06:08:44-07:00,0,scraped,17
app_store,gb_14193081085,4.0,Much better than other music applications,I really like the recommendation algorithm. It pushes me towards great music I’d never find otherwise. The amount of new / additional services prominent on the landing page however is annoying and in danger of becoming off putting noise.,2026-06-17T04:36:10-07:00,0,scraped,39
app_store,gb_14191372666,5.0,Elite app,"Probably the app I use the most 

Unbelievable quality, with a wide variation of options including music videos, podcasts, audio books & music

My favourite feature is the Mix option for playlists…FANTASTIC

Always reliable and with some fantastic features if you opt in for premium (recommended)",2026-06-16T16:42:38-07:00,0,scraped,46
app_store,gb_14191106115,5.0,Best app to ever exist,Would recommend 100% has changed my life fir the better,2026-06-16T15:00:18-07:00,0,scraped,10
app_store,gb_14190389682,5.0,amazing,i love spotify. it’s my everything. the one thing that can heal a broken heart fulfil ur souls when ur sad or just be in the moment with you. strongly recommend premium tho bc the ads do get on my nerves but they’re not that bad,2026-06-16T11:00:31-07:00,0,scraped,46
app_store,gb_14189301815,2.0,Taste profile,I listen many different genres. But my core taste is not being fed through Spotify. For example I listen to instrumentals when I’m reading. If I’m reading for a long time Spotify hard locks on that genre of music and I’m not discovering anything new within what I actually like. Which would be fine if there was a way to reset and alter it. For that I’m giving a low rating. Other than it’s good but it’s forcing me to consider different apps,2026-06-16T05:28:46-07:00,0,scraped,83
app_store,gb_14188405503,5.0,Spotify,"I love Spotify definitely the number one app when it comes to listening to music 

Personally I think it’s definitely easier to use than Apple Music although all my friends use apple music 

I also love all the new features like the being able to switch your playlist so it plays your most recently added songs first

1000% recommend but I do think Spotify premium is better

❤️",2026-06-15T23:08:00-07:00,0,scraped,68
app_store,gb_14186496757,5.0,The best music app,"Spotify is way far the best music app, I have tried them all. Great personalisation and recommendations. Brilliant.",2026-06-15T10:48:08-07:00,0,scraped,18
app_store,gb_14186365167,5.0,Love Spotify,I love Spotify it’s the best music platform ever love listening to music on here and I love the little end of year thing when you see how many times you’ve listened to a song I think it’s called “unwrapped”,2026-06-15T10:07:32-07:00,0,scraped,40
app_store,gb_14185174804,5.0,Fantastic,Spotify is absolutely amazing there is so much to listen to and it covers every genre and for the price it is well worth it,2026-06-15T04:01:23-07:00,0,scraped,25
app_store,gb_14182106184,4.0,Sooo good,"I LOVE spotify, its so personalised and its probably my most used app, I would love if they made games though because i have to use whisperify for that!",2026-06-14T08:13:15-07:00,0,scraped,29
app_store,gb_14182055998,5.0,Best app ever,I love this app you can play whatever music u want and it’s really good  quality u can make playlists as well where I can put ur favourite songs on the only thing they could improve on is maybe they could make it easier to make playlists because when u tap on a singer and then wanna add all their songs when u tap on one of then it comes up with tons of recommendations that I don’t want so it would definitely help to take away the recommendations,2026-06-14T07:58:38-07:00,0,scraped,89
app_store,gb_14181063414,5.0,Love the app,"Spotify is an amazing app and easily my most-used app. I use it literally every day for listening to music, discovering new artists, and making playlists. The interface is easy to use, and the music recommendations are usually spot on. The only downside is that Spotify Premium can be quite expensive compared to some other music streaming services. Apart from that, it’s a fantastic app and one I would highly recommend.",2026-06-14T02:11:41-07:00,0,scraped,71
app_store,gb_14179463685,5.0,Fave app,Spotify is my ride or die. I genuinely cannot go a day without listening to music. The only thing is I wish it wouldn’t play me recommended songs instead of my playlist sometimes. This is only an issue on my phone though and not my IPad. Other than that literally the app I use the most. There should lowkey be a feature where you can curate and send playlists made for those you love🤭.,2026-06-13T15:09:07-07:00,0,scraped,74
app_store,gb_14179216259,1.0,Do not get Spotify,I got Spotify and I started listening to music next thing i know I do not get any freedom whatsoever to play my favourite music plus do u exspect to see a 10 year old with a credit card and go I’m getting a Spotify account and plus 6 skips AN HOUR that is atrocious what is this Amazon music Spotify is a scam I highly recommend to get soundcloud,2026-06-13T13:36:52-07:00,0,scraped,70
app_store,gb_14178377923,2.0,you can’t do anything without premium,okay so it’s a generally good app but im getting ads every 2 songs and it’s rlly distracting having to listen to them and they annoying music in the back when im trying to study for my exams and just listen to music and how the ads are sometimes 4 at a time which is 2 mins also when it plays suggested songs like ive turned off the function but it still does it,2026-06-13T09:03:09-07:00,0,scraped,74
app_store,gb_14178368180,3.0,suggestion,pls can you bring back the heart button when you favourite songs ✨🗣️💔,2026-06-13T09:00:16-07:00,0,scraped,13
app_store,gb_14178344328,5.0,Good,It’s a good app to listen to songs I would recommend to anyone,2026-06-13T08:53:12-07:00,0,scraped,13
app_store,gb_14177458010,5.0,Spotify,Really good one of my fave apps and I can listen to my Stray kids songs😆 (and all the K-pop💛🥹) skz is the best🥰☺️🥹 OH sorry I’m of topic defo recommend DOWNLOAD NOW 🙂😍😇🥰,2026-06-13T04:20:43-07:00,0,scraped,34
app_store,gb_14177378567,5.0,Can’t be without it!,"As someone who loves music so much- it’s just absolutely changed the overall experience of enjoying, categorising as well as exploring new music!!!",2026-06-13T03:51:44-07:00,0,scraped,23
app_store,gb_14173071367,5.0,Love it,"Been with Spotify for ten years and honestly couldn’t live without it ! For running and dancing , ANY genre I want ❤️",2026-06-12T01:52:32-07:00,0,scraped,23
app_store,gb_14172793611,5.0,.,i love spotify they have every song i want to listen to and even suggest great songs for me to listen too. and the dj thing is so cool.,2026-06-11T23:43:52-07:00,0,scraped,29
app_store,gb_14171575718,5.0,Have always enjoyed using Spotify,"I’m a long time subscriber to Spotify Premium even though I live in the Apple ecosphere. I’m at ease and at home with how Spotify arranges its music, podcasts and audiobooks all within the same app, the way the music is managed and how new stuff is suggested to me. Spatial sound may be missing but all your other sound resolutions exist. For the most part, the catalogue of music available meets my requirements.",2026-06-11T15:06:40-07:00,0,scraped,74
app_store,gb_14170565861,5.0,My review,"I use Spotify almost everyday and would recommend this as the best music app,there are all kinds of genres and it’s easy to make a playlist with your favourite tracks in the click of a button,the only downfall to the app is the frequent amount of ads throughout song to song and I know this won’t be an issue to most people I just find it slightly irritating ,overall I’ve never regretted installing this app and you won’t too xx",2026-06-11T09:40:48-07:00,0,scraped,80
app_store,gb_14170321271,5.0,Music🎶🎶🎶,An amazing Rich variety of music absolutely wonderful. I would recommend you hundred percent play Stars yeah it’s just so much so much music yeah yeah it makes me wanna boogy,2026-06-11T08:28:59-07:00,0,scraped,31
app_store,gb_14168954378,5.0,Spotify,Omg amazing for music I absolutely love it and recommend it,2026-06-11T00:20:27-07:00,0,scraped,11
app_store,gb_14168883201,4.0,Great app but still missing that key ingredient,"hence the 4 stars instead of 5.  I have used Spotify for several years and it is great. However, it is still missing one feature that users have asked for time and time again on the Spotify community and that is to allow users to save albums into genre folders. There are workarounds apparently that can be done on a desktop but let’s keep it simple for those on the move; subscribing customers wanting be able to save favourite albums in folders as genres. I would like a go to place where I can pick, for example, an 80’s album from a collection I have centralised in the app. I don’t want to download each individual song into its own single folder as that is not helpful.  It’s in the art of the possible to design, so come on Spotify, give the people what they want and leave the other music apps even further bring. Thank you.",2026-06-10T23:46:47-07:00,0,scraped,157
app_store,gb_14168776550,3.0,Feature creep is slowly ruining this thing,"Still great for streaming music and giant library but this app was getting so slow on my phone that it discouraged me from using it at all. Everything feels designed in the model of social media now: there’s tiktok-style discovery features and even a messaging feature for some reason. Also every song has four or five different features to scroll down: lyrics, about the artist, this useless “song dna” feature which I’m not sure actually does anything, artist’s mercy, etc. This overload of useless features meant that it would take two minutes at a time for anything to load on my phone, to the point where I had to delete the app altogether and put it onto a dummy phone for my patience’s sake. Maybe this app is just teaching me to appreciate the slow internet of the 90’s, but it needs some genuine redesigning. Please get rid of these nonsensical add-ons, or even make a mode where you can only see the bare minimum possible to use it. Using this app makes me crave old MP3 players with 2cm squared of screen.",2026-06-10T22:56:06-07:00,0,scraped,183
app_store,gb_14167466712,5.0,It’s Spotify,"You know the drill. Reasonable price, any tune you want on any device and a genuinely excellent recommendation engine that’s more hit than miss.",2026-06-10T13:52:17-07:00,0,scraped,24
app_store,gb_14167401069,5.0,AMAZING APP,This app is just amazing way better than other music platforms 10/10 u can make free playlists and listen to music on the go ! 100% recommend,2026-06-10T13:28:32-07:00,0,scraped,27
app_store,gb_14167356214,5.0,Great (with premium),"The app is great with premium spotify as there are no ads, a DJ feature and some audiobooks to listen to (although not all). Although the premium is quite expensive, given that essentially it just blocks ads and has a these extra features, it gives a good user experience (I know I sound like a bot shush). All in all: with premium, the content and quality is very good. Recommended if you don’t mind paying the subscription.",2026-06-10T13:12:40-07:00,0,scraped,77
app_store,gb_14167262824,5.0,Review,I think Spotify is a great app and there are some many genres and artists to explore in music and the podcasts Spotify provides.,2026-06-10T12:40:38-07:00,0,scraped,24
app_store,gb_14167150625,5.0,Spotify x,"Spotify is AMAZING it’s so good as you can listen to music,books and podcasts it is really good. I would recommend to random people!!!!",2026-06-10T12:02:58-07:00,0,scraped,24
app_store,gb_14167055602,5.0,Best app ever but………….,Best music app ever but without the premium account it is not as good so I suggest that you get the premium account and download the app,2026-06-10T11:31:37-07:00,0,scraped,27
app_store,gb_14166776833,3.0,DJX,DJ x has been awful recently he keeps playing the same songs over and over again and i have to skip for ages to find new songs,2026-06-10T10:02:45-07:00,0,scraped,27
app_store,gb_14165310651,2.0,AI music is out of control,It would be better if I was allowed to exclude AI artists. But for some reason Spotify keeps suggesting them to me it’s really ruining my experience and trust on this app.,2026-06-10T01:59:16-07:00,0,scraped,32
app_store,gb_14165061917,2.0,Too many ads,I get the same 4 ads and it keeps recommending me songs the have already recommended me,2026-06-10T00:02:12-07:00,0,scraped,17
app_store,gb_14163879561,3.0,Shuffle sucks but good otherwise,"I like the app, except for the fact that whenever I try to listen to music, sometimes I feel it’s better to stay in silence because no matter how I mess about with the settings, the shuffle replays the same 20 songs on repeat until I want to throw my phone at the wall. If that was fixed this would be the best app EVER.",2026-06-09T15:36:14-07:00,0,scraped,65
app_store,gb_14163664085,5.0,I love spotify,spotify has helped me excite so much new music and helped me to find out lots about myself plus there are never any except for some podcasts :)✨✨✨✨✨✨🤩🤩🤩🤩🤩🎶🎼🎵🎹,2026-06-09T14:12:40-07:00,0,scraped,28
app_store,gb_14162091877,5.0,Great,"Great platform to fine new artists, it has a fantastic recommendation algorithm!",2026-06-09T05:54:17-07:00,0,scraped,12
app_store,gb_14161137072,5.0,Good Music app,"I have been with Spotify for the last 3 and half years and would consider it to be one of the best music streaming platforms ever but there is one thing I would like when you buy premium on Spotify, I would like the Audiobooks to come with Spotify premium but except that amazing app highly recommend getting it",2026-06-08T23:24:40-07:00,0,scraped,59
app_store,ca_14200691432,5.0,Playlists,My algorithms are perfect for every mood I set just amazing,2026-06-19T03:04:17-07:00,0,scraped,11
app_store,ca_14199492702,3.0,Trop de redondance,"Il est difficile de découvrir du nouveau contenu, l’algorithme de l’application pousse toujours les même chansons dans les listes d’écoute. C’est dommage.",2026-06-18T18:28:30-07:00,0,scraped,22
app_store,ca_14198276765,5.0,The Dance,I love Spotify ! It has all the music I love and the knew songs as well,2026-06-18T11:02:15-07:00,0,scraped,17
app_store,ca_14197841131,1.0,Royalty Dispersion,"I love the diverse genres of music and the natural algorithmic selections. I just wish the musicians received more financial return on each stream.

Over the last year Spotify has been really lagging with loading especially now that it has videos.",2026-06-18T08:49:55-07:00,0,scraped,41
app_store,ca_14191767650,2.0,Expensive,Premium expensive asf. Only reason I even still have this app is because I’m a sheeple and I have no personality.,2026-06-16T19:12:24-07:00,0,scraped,21
app_store,ca_14190531061,5.0,recommend premium,"I always listen to Spotify or bad in the morning lunchtime every single day and honestly worth it because I have mental breakdowns, listening to is not best thing",2026-06-16T11:45:42-07:00,0,scraped,29
app_store,ca_14189516289,3.0,Generally the service is great,"Generally the service is good, excluding the algorithm always funnels to the most listened too, and therefore leads you to a bunch of AI top popularity remix music, rather than introducing you to artists that play real instruments that you may have not heard of.",2026-06-16T06:36:06-07:00,0,scraped,45
app_store,ca_14188141953,2.0,Plays same songs over,Shuffle plays the same songs over and over I like Britney and three days grace but that isn’t all i want to listen too with over 2500+ songs Britney and Three Days Grace aren’t the only ones on my play list and they have more then 3 songs too 🙄,2026-06-15T21:02:42-07:00,0,scraped,50
app_store,ca_14187858708,5.0,How Spotify is the best music app,"This is because I don’t even have premium and I get almost NO ADS. Crazy right? Well if you think that’s crazy you should see all the features they add to the app to make it better like the cue, new song lists, and more. Therefore this is why I think Spotify is the best music, and podcast app there is.",2026-06-15T19:02:42-07:00,0,scraped,61
app_store,ca_14183992779,1.0,"Too many limits too many ads, it’s just radio again now.","Can’t always choose songs, have to pay or listen to ads, no replaying a song… The old rules for the free version were limiting enough.  
Songs are too repetitive, playlists are too repetitive, and not imaginative.  Blocking an annoying song only blocks one version of the likely 20-ish or so versions on Spotify. Ya no.",2026-06-14T19:10:48-07:00,0,scraped,55
app_store,ca_14183765418,5.0,Wonderful,"I adore this app!! It works wonderfully and I love the listening together feature^^ Also, the video podcasts are peak ;D I’ve made SO many playlists and I adore customizing them! :3 The only thing I would suggest adding is downloading the lyrics to songs, I can’t sing along when I’m offline and it makes me kinda sad :( 

Over all, a great app!! Love it! Keep up the good work, Spotify! <3",2026-06-14T17:40:40-07:00,0,scraped,73
app_store,ca_14181941166,5.0,Long time user and fan,"Spotify has been a privilege to use since 2018. Seven years later, I am able to see my 2018 wrapped. A great feature, love that Spotify keeps listening data. I love how much Spotify cares about it users.",2026-06-14T07:24:41-07:00,0,scraped,38
app_store,ca_14176384352,3.0,Lots of little annoying factors,"There are cool features like Spotify wrapped but there are a lot of ads, you have a limit on how many songs you get to choose to play one by one, limited skipping, and a lot of other little things you can’t access without premium",2026-06-12T20:50:34-07:00,0,scraped,45
app_store,ca_14176091357,5.0,App recommendations,This app is great. I love it. I would like to give Spotify an idea. I would love it if you could give me a number of how long my que is. Like if I’ve question songs the app could tell me how long they will go for. Eg. your que is 1 hour and 15 minutes long. That way I can time it with my drives etc.,2026-06-12T18:54:02-07:00,0,scraped,68
app_store,ca_14175513784,1.0,Constantly charging more money for a worse service,"Im basically locked into this since I have a family plan. But I wouldn’t recommend Spotify who actually likes music. Only for like grandparents that barely use the internet and just need something to listen to music. Garbage AI features, constant price increases for a worse app. Nothing to praise for Spotify compared to other services.",2026-06-12T15:07:33-07:00,0,scraped,56
app_store,ca_14175484057,5.0,Love it,I love listening to my favourite songs on here. They have every song you could ever imagine. I recommend it to everyone,2026-06-12T14:55:59-07:00,0,scraped,22
app_store,ca_14175184389,5.0,Love it!,This app is a great for new songs playlists and to try new music.Personally it’s my favourite app!,2026-06-12T13:06:35-07:00,0,scraped,18
app_store,ca_14174349471,1.0,Shuffle repeat,"Sooo… I have found lately the shuffle and using DJ AI, really just ends up playing all the music in my saved playlists and not really shuffling more / new music, which is kind of annoying..  I also found that while searching through other music playlists it’s often what I already have in my own saved playlists, again.. not much for a variety.",2026-06-12T08:45:26-07:00,0,scraped,63
app_store,ca_14172680623,5.0,Love Spotify!,"Great music recommendations, smooth app experience, and tons of songs and podcasts all in one place.",2026-06-11T22:50:42-07:00,0,scraped,16
app_store,ca_14170932082,4.0,"Excellent app, but algorithm is annoying sometimes","Sometimes it looks like the algorithm pushes for a specific artist and even if I toggle the “play less from this artist” it still gets played a lot. I had to go dig deep in the settings to find out that you can completely remove an artist from your algorithm permanently. It’s good that you can do that, but it’s buried so deep that probably most of the users won’t ever bother to search that much. Therefore 4 stars ⭐️",2026-06-11T11:30:10-07:00,0,scraped,80
app_store,ca_14170349411,5.0,Use it all day everyday,"My most used app by far. I love it. Music, radio shows, podcasts.",2026-06-11T08:37:12-07:00,0,scraped,13
app_store,ca_14169632076,4.0,Decent,Great for music. Podcast interface is a little clunky and not very intuitive on figuring out what should be next. Like the playlist building options and suggestions but sometimes frustrating. I have to re-search a band every time I select a song from them when I use the search function. I can’t just select multiple songs of theirs to add all at one.,2026-06-11T05:01:58-07:00,0,scraped,63
app_store,ca_14168742578,4.0,why is it youtube now,spotify is awesome but why am i looking at a youtube 2.0 now? if i wanted to watch a video i’d go on youtube. i dont want these recommended videos on my page.,2026-06-10T22:40:14-07:00,0,scraped,33
app_store,ca_14168438837,3.0,Shuffle is not shuffle.,Seems like there’s algorithms for some songs and they play more frequently than other songs.,2026-06-10T20:21:37-07:00,0,scraped,15
app_store,ca_14167959478,5.0,Peak app,"Literally love this app, I'm on it for like 4 hours a day, highly recommend. It's only good if you get premium though but other than that it's peak",2026-06-10T17:06:40-07:00,0,scraped,29
app_store,ca_14166240757,2.0,Not free.,"I’ve been using Spotify since 2023. Since then, absolutely no issues whatsoever with money or payments or anything like that. For some reason, today—every song and video and podcast is shaded a gray darker, like—you know when you cannot open a specific song because it’s not of your region? That’s happening to me except whether I try clicking a song it says something about ‘oh, you’ve discovered something new about Spotify premium!’
I’m not a genius, but I don’t think I have to pay premium to listen TO EVERYTHING. I can’t even open any song or podcast or video anymore. Does anyone else have this strange glitch? Please help, I can’t listen to anything anymore!",2026-06-10T07:23:14-07:00,0,scraped,115
app_store,ca_14164642355,3.0,I hate the new logo,"The new logo is horrible, please get rid of it!  I hate how it looks like a glitched app.  The app was better when it was possible to dislike songs to improve the algorithm recommendations. The audiobooks need a feature to allow replay that doesn’t count towards the minutes listened since ppl like to fall asleep to audiobooks and need to be able to replay missed chapters",2026-06-09T20:47:26-07:00,0,scraped,67
app_store,ca_14164387339,1.0,Cluttered,"Spotify use to be a platform where you could find and organize what you like and the algorithm worked to help you. Now it wants to be a social media feed, endlessly refreshing “new content” so quickly that you can open it for the first time on any given day and see something that looks interesting and before you have time to select it, it vanishes to a reload of some paid curated nonsense that doesn’t fit anything you regularly listen to. Once upon a time I loved Spotify, those days are far removed",2026-06-09T19:00:16-07:00,0,scraped,94
app_store,ca_14164211755,1.0,Spotify does not want to hear it,I would love to give suggestions on how to improve their interface and how I would like to have at least a list of all my podcasts that I follow. Super clunky to use. There’s not even select all delete option for podcast saved or downloaded. You have to go through at one at a time.,2026-06-09T17:50:13-07:00,0,scraped,56
app_store,ca_14164041157,1.0,Trash,"My homepage is filled with trashy audiobooks and nonsense recommendations I’ve never clicked or had any interest in; they intersperse recommendations for you based on your taste with endless garbage, it’s horrible.",2026-06-09T16:41:19-07:00,0,scraped,32
app_store,ca_14159633656,1.0,Premium is Getting Much Worse While Getting More Expensive,"I’ve been subscribed for almost 10 years (and loved it at first) and I use Spotify almost every day. I can’t enjoy listening to my playlists anymore because they’re all large and Spotify only plays about 2-3 hours of your playlist before it repeats those same songs. I still have no idea why they made that change. If you reshuffle, it still plays a lot of the same songs and completely ignores others (prioritizing algorithms over functionality). I normally buy physical albums but I was drawn to Spotify because of its playlist feature. Now I’m fed up and about to unsubscribe for good.",2026-06-08T13:10:18-07:00,0,scraped,103
app_store,au_14200472124,5.0,Why I like spotify,"Spotify is great because it helps me express myself and how I feel in moments of my life. It has an amazing range of music and is always giving me opportunities to find out new genres that I love. Spotify knows the moment and can always match a perfect song. Their new feature DJ, I like is also awesome. He’s got a great sense of humour and always knows what vibe i’m looking for. I think spotify is pretty affordable too! Considering i’m a student who loves music i’m happy to pay a small fee every month for this amazing app.",2026-06-19T01:28:29-07:00,0,scraped,101
app_store,au_14199255404,5.0,Gets me through the day,"I’ve been using Spotify for the last three years and dealing with the ads and loving the choice of the music but to be honest I’m going to move to premium and I should’ve done it from the beginning. I listened to Spotify more than the radio or the television, it just says everything that I require and I’m not joking anyway keep up the good work Spotify",2026-06-18T16:57:35-07:00,0,scraped,68
app_store,au_14199072219,1.0,Audiobooks faulty,My audiobooks keeps repeating chapters. Has been happening for about a month. Can’t seem to be able to fix it. Glitch in the app!,2026-06-18T15:44:50-07:00,0,scraped,24
app_store,au_14198916882,3.0,Shuffle,"When you have a playlist for some reason, the shuffle plays the same songs before you go through the whole playlist",2026-06-18T14:44:22-07:00,0,scraped,21
app_store,au_14198846170,1.0,"greedy, greedy people","every time i make a playlist i can’t even listen to it because it adds all of its stupid songs. they should make the free one better smh. do not recommend. why are they so greedy? they do not need to put 4 ads in between each song it ruins the mood. and how come i can’t control what order i want to listen to the song? oh because you want more money. this company is so greedy that it won’t allow low-middle class to listen to music comfortably only people who are rich enough can. what is this inequality. i’m so disappointed, it’s 2026, be better.",2026-06-18T14:17:42-07:00,0,scraped,107
app_store,au_14197390709,5.0,Spotify is so good!,"Spotify is an amazing listening app, great for all genres, best & fav app I’ve installed , podcasts, videos, music! 100% recommend!!",2026-06-18T06:41:16-07:00,0,scraped,22
app_store,au_14195737009,5.0,Best Music App!,Love Spotify! Been using it for years and couldn’t recommend it enough. It does everything you need it to do for you.,2026-06-17T19:27:07-07:00,0,scraped,22
app_store,au_14192687115,1.0,Opt out of ai songs,There should be a setting to exclude the AI songs from the suggestions that are made to me or placed on my discovery mode. I want to be able to find new artists without having to review if they actually exist.,2026-06-17T02:00:10-07:00,0,scraped,41
app_store,au_14191730288,5.0,About this app>>,This app is so amazing. I highly recommend it and it’s really good for when you’re going on late night drives or even playing your favourite games or even just hanging out with people in general I highly recommend this app because it’s the best app I ever used for music I wouldn’t even use YouTube. This would be my first app. I would pick for music. My opinion though.❤️😍,2026-06-16T18:58:19-07:00,0,scraped,70
app_store,au_14189073088,1.0,Limitations,"Spotify without premium feels like a constant push to buy premium. Random song selections, 6 skips an hour, unable to choose songs from your playlists at times and just chooses songs from the recommendations. It feels like a constant push to give them money for a better experience. 

I don’t recommend the app if your not willing to spend money",2026-06-16T04:09:37-07:00,0,scraped,60
app_store,au_14188660509,1.0,Fix it please.,"Please re-add the repeat button, it’s a pain having to keep adding a song to que just to listen to it on repeat. It’s much simpler to just press the repeat button. No one likes it like this, it sucks and I won’t be surprised if people delete this app because of it.",2026-06-16T01:10:45-07:00,0,scraped,53
app_store,au_14183872425,5.0,Sorry Apple Music,Spotify just has a better algorithm for discovering new music and suggesting songs,2026-06-14T18:22:50-07:00,0,scraped,13
app_store,au_14183582066,1.0,Doesn’t shuffle,And repeats.  Too expensive. Disliking a song on release radar does nothing,2026-06-14T16:27:12-07:00,0,scraped,12
app_store,au_14182127800,2.0,Keeps crashing + need premium for everything,"There’s two problems with Spotify: it keeps crashing and you need premium for almost everything if your on a phone. On my iPad, I keep having to reinstall it over and over again because it when I open it, it gets stuck on the loading screen and won’t let me exit the app for 5 to 7 minutes. I’ve cleared my cache and tried various other things but nothing works. I’m not sure if it’s just that my iPad is slow, the app is not supported on my iPad, or something else. The other thing is that when you’re on phone, you need premium to listen to the selected song you want to listen to and to fast forward or rewind the song! There’s a lot of ads too but I’m fine with that, though they aren’t very relevant and the same ads keep repeating. Please do better and fix your app.",2026-06-14T08:19:36-07:00,0,scraped,152
app_store,au_14180552865,3.0,A suggestion,why can’t I adjust the progress bar for a song now? It is used to be available…,2026-06-13T22:30:35-07:00,0,scraped,17
app_store,au_14179654867,5.0,5 Stars,Spotify is an amazing app fit for all ages and music tastes.,2026-06-13T16:22:56-07:00,0,scraped,12
app_store,au_14177628997,4.0,i recommend following KATSEYE,"I like Spotify, i just wish that premium was cheaper. This app is free btw, and it is optional to get premium. Premium is just no ads, and you can download songs to listen offline, and 2 stuff more. Overall it is the best app to listen to music and yea. Im an eyekon bye🏀",2026-06-13T05:19:13-07:00,0,scraped,55
app_store,au_14176255967,2.0,Crashing on iPhone 16E,"This app has gone downhill in the last month. The bloat and AI slop is getting out of hand. It feels like this app has been vibe-coded, it literally takes more than 5 seconds to add a song to a playlist. 

Trying to give a fair review, I am grateful I get to listen to pretty much every song ever released. But the video podcasts, AI slop, unwanted recommendations, and overall bloat are making me want to switch.

There is a special place in hell for the person who designed Smart Shuffle.",2026-06-12T19:58:11-07:00,0,scraped,92
app_store,au_14176138410,5.0,Great for music,"I love Spotify, you can download songs and listen to it anywhere, definitely would recommend.",2026-06-12T19:11:51-07:00,0,scraped,15
app_store,au_14176029677,2.0,Basic features are now locked behind a paywall!,"I can’t use Spotify much anymore, I’m no longer allowed to skip back to a different song (the arrows on the bottom) I might accidentally skip a song I liked and I can’t go back to it, and if I wanted to I would have to click the same song again and sometimes it doesn’t even show up. I also can’t go to certain lyrics anymore, it doesn’t let me skip to a part of the song I might only like nothing works. It doesn’t say I have to pay premium  as it could be a bug since Spotify has a lot of bugs, but if it is. Fix it asap",2026-06-12T18:30:23-07:00,0,scraped,111
app_store,au_14175760364,1.0,Rubbish and NOT RECOMMENDED,Spotify is rubbish because In search I wrote Siente Dance and I pressed the picture and it freaking said “You discovered a Premium feature!” ARE YOU SERIOUS I DISCOVERED SOMETHING RUBBISH!!! Plus with an explanation mark??? Spotify loves rich people and I hate Spotify if App Store allowed zero stars I would do zero stars.,2026-06-12T16:45:47-07:00,0,scraped,55
app_store,au_14171917643,1.0,Genuinely…,"First of all, Spotify used to be my go to! I adored it and cherished it. Lately, the app has been pressuring most free users to buy premium. This is far too money greedy!

I cannot pick my own songs and recommendations keep on popping up like this is temu. Let us pick what we want!",2026-06-11T17:26:13-07:00,0,scraped,56
app_store,au_14169823227,5.0,TST Radio,"Ryan is a giant on top of his game. Great show, breakout ideas, often challenging, always edgy and wild 🤩",2026-06-11T06:02:51-07:00,0,scraped,20
app_store,au_14168432731,4.0,It’s great overall but kinda expensive,"Honestly i think that this is an alright app for a music app with some great features, great cross device support, great accessory support, great social features, and an average user interface experience that could be better.

However, The premium membership is definitely a bit pricey as a premium subscriber myself as it currently starts at just AUD$15.99 per month with a terrible mobile experience for non-subscribers on top of shoving a ton of ads repeatedly that can’t be skipped every few songs down your throat while also not allowing you to upgrade or to even see how much each premium plan costs each month inside the app which is a shame.",2026-06-10T20:18:53-07:00,0,scraped,112
app_store,au_14166215622,5.0,8 years and still my go-to,"I’ve been with Spotify for 8 years now and it just keeps getting better. The playlists, Discover Weekly, and Spotify Wrapped never miss - it always knows my vibe. The audio quality is solid, it works perfectly with my AirPods, and having all my music + podcasts in one place is a lifesaver. Couldn’t imagine switching.",2026-06-10T07:15:54-07:00,0,scraped,56
app_store,au_14164575005,1.0,Easily the worst mobile music app,"Spotify is good if you want to pay the overpriced monthly subscription. Otherwise, you can forget about choosing what songs to listen to and listening to your own playlists/albums without spotify deciding for you what you want to listen to. 

Without premium, you can’t just search for and play a song you want to listen to. It will force you to listen to random reccomended songs first, then a few bunches of 1:30 of unskippable ads, and then finally if you’re lucky it will play you the song you actually searched for. 
Without premium, if you make a playlist and want to listen to it, spotify forces its own “recommended similar songs” into your queue which are often more commonly played instead of the songs that are actually IN THE PLAYLIST YOU CREATED.
Too bad if you want to listen to an album, because spotify will instead choose other songs from other albums from the artist when you click play and then also sprinkle in some songs from entirely different artists and suddenly you’re an hour into listening and all you have heard is 20 minutes of ads, 2 album songs, 3 songs from different albums, and 6 songs from completely different artists.
Also, too bad if you want to skip the songs you didn’t ask for, because there is a limit on the amount of skips you can do per hour too. 
Spotify free is only okay if you use desktop pc or laptop, in which these issues are non-existent.",2026-06-09T20:18:14-07:00,0,scraped,251
app_store,au_14163946241,5.0,Still great,"It does everything. Remembers what you listen to and when. Access to all podcasts, music. Recommends things. It’s awesome.",2026-06-09T16:02:53-07:00,0,scraped,19
app_store,au_14162166631,5.0,10/10,Highly recommend spotify it’s not complicated it’s easy and sign up you get premium for a month overall very good,2026-06-09T06:17:22-07:00,0,scraped,20
app_store,au_14161828335,2.0,Improve,"Unless you want to buy premium expect ads and no control over what your playlists, pretty good with premium but sucks at recommending good songs, needs improvement with a lot of other stuff but would recommend using YouTube instead",2026-06-09T04:26:36-07:00,0,scraped,39
app_store,au_14161430586,5.0,Jonos review,Best music app out there do feel like shuffle ai dj and song suggestions could be better but overall great app and good services,2026-06-09T01:43:08-07:00,0,scraped,24
app_store,au_14160029166,3.0,Meh,"Plan on listening to new music? Don’t. Instead, prepare to listen to the same thing over and over again. Smart shuffle plays the same songs it did 4 days ago, a week ago even. Not matter how many times you skip it (because you’ve already listened to it 14 times) prepare to skip it again. This app is a serious thumb work out. That’s the only issue. Lowkey miss Apple Music. Where shuffle means “shuffle” 😾",2026-06-08T15:37:27-07:00,0,scraped,76
app_store,au_14156996184,4.0,Improve the algorithms,"Whenever I activate shuffle in my library, is I skip a song it appears again a few tracks later… and also they repeat songs a lot. I have around 900 songs in my library, it’s not a little to repeat the songs… I think you should improve the algorithms. There’s a reason to skip a song, don’t reproduce it again a few minutes later.",2026-06-07T20:53:04-07:00,0,scraped,64
app_store,au_14156852464,5.0,This is so much better than YouTube music,Compared to YouTube music this is like a perfect cupcake and YouTube music is a burnt piece of toast I would recommend it to anyone,2026-06-07T19:49:24-07:00,0,scraped,25
app_store,au_14156081890,1.0,Stupid logo,"Enough already with the stupid disco ball logo. I can’t see it anyway, is such an unclear design for an app icon and I keep having trouble finding Spotify on my phone. I want the familiar colour logo back now please.",2026-06-07T14:33:04-07:00,0,scraped,41
app_store,au_14154048600,5.0,The besttt,I love Spotify it’s the best. Like I’ve got premium and no ads. It’s wayyyyy better than apple misic. I recommendddd.,2026-06-07T03:26:45-07:00,0,scraped,21
app_store,au_14152989765,5.0,Spotify,"Spotify is an amazing music app with a huge variety of songs, podcasts, and playlists. I love how easy it is to discover new music, and the personalised playlists are always spot on. The app is simple to use, works smoothly, and lets me listen to my favourite artists anytime. Overall, Spotify makes listening to music fun and convenient, and I would definitely recommend it to others.",2026-06-06T19:53:56-07:00,0,scraped,67
app_store,au_14152730695,2.0,Disgruntled,"The doorway Spotify opens to such a vast musical library is wonderful. The down side is that although you are invited in to this amazing world your listening experience is all too often interrupted by too many ads, and more and more repetitive ads - punctuated by reminders from Spotify that you can avoid them by paying for Premium access. Well it’s absolutely impossible to pay for premium when you’re as poor as me so I’m increasingly going back to CD’s if I want to play songs or music from the past.",2026-06-06T18:10:22-07:00,0,scraped,92
app_store,au_14146269829,5.0,This app is amazing,If your thinking about downloading this app I definitely recommend it. This app is amazing. It’s free and also has an option for a paid subscription. Listen to your favourite songs without having to pay or download the song on Apple Music. Any song by the touch of your keyboard?,2026-06-05T03:49:06-07:00,0,scraped,50
app_store,au_14145845734,5.0,Splendiferous Soundsk,"Spotify is a luminous platform that has been for me a saviour from the boredom of a hotel room with a pathetic radio and television selection in a pacific island town I would not name.
To be able to listen to music that enriches the souls and revives my psyche after a long hard day in court is beyond words.
Spotify you’re a soul reviver! Thank you for your uplifting intervention to my life.",2026-06-05T00:44:27-07:00,0,scraped,74
app_store,au_14145220117,5.0,Such a good app!,I LOVE Spotify! Love the customisation. The algorithm when it recommends new songs. Love the blended playlists & audiobooks (wish there were more hours included in the monthly listening though),2026-06-04T19:53:22-07:00,0,scraped,30
app_store,au_14142412171,3.0,Great,Basically there is a LOT of ads I had like 4 or 5 ads something like that and it took a long time then I listened to my next song then it ads again after just 1 songgg 😭😭😭 otherwise I recommend it such an amazing app and great quality but yeah if u hate ads I recommend getting premium so yeah nice app and ALSO what the heck apparently APPARENTLY I used up all my lyrics for the month when I hadn’t even listened to Spotify that month or like 2 months so now we’re assuming things I see.,2026-06-04T03:32:02-07:00,0,scraped,100
app_store,au_14141300053,2.0,When is the icon changing back,Btw the disco icon looks like it’s updating and another thing why is it when I stop my music and after while I go back it repeats from where I started need to fix that,2026-06-03T19:10:20-07:00,0,scraped,35
app_store,in_14200406869,3.0,Bad after subscribing,After subscription suggestions and algorithm stopped working. I’m not satisfied with the song suggestions.,2026-06-19T00:58:58-07:00,0,scraped,14
app_store,in_14199886326,3.0,Spotify’s AI is thrash,"Well you can only use this if you’re ready to pay the premium and even though if I have a premium account, the AI recommendations and the song recommendations when you play a random song is thrash.",2026-06-18T21:06:38-07:00,0,scraped,37
app_store,in_14196122041,5.0,Music suggestions are good,The music suggestions are better then apple music but can you add siri’s features to add songs to our playlist. I would be really helpful,2026-06-17T22:15:16-07:00,0,scraped,25
app_store,in_14195916750,5.0,Please don’t change the icon,"Hated the app Icon that was changed for a few weeks. Love the original you’ve come back to again :)
And yes, love the app and especially how well you understand my music taste and send relevant recommendations plus the Indie artists",2026-06-17T20:42:12-07:00,0,scraped,42
app_store,in_14195910075,5.0,Play List,"Thank you for creating / suggesting amazing play list for me to listen , appreciated !",2026-06-17T20:39:16-07:00,0,scraped,16
app_store,in_14193694518,1.0,Money grabbing,"Waste app it only lets to do 6 skips Mtlb kuch bhi bhai and then which songs don’t like the same song it plays for no reason and too much too much of ads please Spotify please improve these all mistakes when your planning to ideas with money it can also be without money good idea but as I said without money then you can get more customers then now please improve these mistakes
And also increasing of ads like 1of2 ,1of3 ,1of 4 like it was so bad to listen 4 ads bro",2026-06-17T07:42:48-07:00,0,scraped,94
app_store,in_14190636049,1.0,Very bad experience,Selection of songs very bad especially play lists.the algorithm of selection very bad,2026-06-16T12:19:04-07:00,0,scraped,13
app_store,in_14181315458,5.0,Spotify my saviour,Best app to browse and listen to music. Pretty user friendly interface and great collection,2026-06-14T03:55:19-07:00,0,scraped,15
app_store,in_14178499406,1.0,Repetitive ads,"Pls stop ai will eat jobs ad by raj shamani, it’s so annoying",2026-06-13T09:39:47-07:00,0,scraped,13
app_store,in_14177716436,5.0,Hey,"It’s very good app Spotify remains the most popular music streaming app in 2026 thanks to its unmatched discovery features and massive catalog, but users highlight rising subscription costs and poor artist payouts as major drawbacks. If you value personalized playlists and seamless cross-device use, Spotify is still the best choice, though ethically and financially it’s less compelling.",2026-06-13T05:47:22-07:00,0,scraped,58
app_store,in_14173245805,1.0,Not Enjoyable,Recommended for premium paid users only. Otherwise you can’t able to choose the songs or enjoy the full songs as per your wish.,2026-06-12T03:07:40-07:00,0,scraped,23
app_store,in_14169018544,5.0,5 stars for everything except music recommendations,"Honestly one of the best apps for music listening, and I am saying this after using this app for more than 8 years. Apart from the suggested songs, (yt music is still way ahead in this idk how) this app is solid. I am more playlist focused listener, so what i listen to is always pre-curated, so the recommendations doesn’t really get in my way. I switch to yt music when i really want to something new.",2026-06-11T00:50:56-07:00,0,scraped,77
app_store,in_14162531902,5.0,Unlimited music Streaming experience,"Spotify provides an outstanding music streaming experience with a huge library of songs and podcasts. The personalized playlists are fantastic, and the audio quality is excellent. A perfect app for music lovers.",2026-06-09T08:05:18-07:00,0,scraped,32
app_store,in_14150254770,5.0,Love it!,"I love Spotify — the sound quality is excellent, playlists are perfectly curated, and the recommendations actually introduce me to new favorites. Consistently my go-to for discovering music and listening on the go.",2026-06-06T04:01:35-07:00,0,scraped,33
app_store,in_14147493169,3.0,Good but can be better,U have noticed that when i play some specific songs it shows like …radio from Spotify which includes  more than a twenty songs where i can’t find my specific song the rest is good,2026-06-05T09:59:26-07:00,0,scraped,34
app_store,in_14145954409,1.0,HONEST REVIEW,Worst music app you have to buy premium for everything wanna skip buy premium wanna listen again the same song buy premium wanna play any other song buy premium!,2026-06-05T01:35:12-07:00,0,scraped,29
app_store,in_14143775646,5.0,No recommendations,Doesn’t recommend the right songs for such a long time.,2026-06-04T10:42:08-07:00,0,scraped,10
app_store,ie_14187833600,5.0,Mhm,love. but it would be nice to be able to repeat songs w out premium. spotify pls make it so that like the 6 free skips we get 6 free repeats or sum,2026-06-15T18:52:50-07:00,0,scraped,33
app_store,ie_14186956785,5.0,Spotify,I think Spotify is great because it’s great for seeing new songs and hearing them,2026-06-15T13:17:39-07:00,0,scraped,15
app_store,ie_14183481228,3.0,Grand,Sometimes the song repeat button is active despite I having turned it off. I hate it when it’s changed,2026-06-14T15:46:27-07:00,0,scraped,19
app_store,ie_14169316594,2.0,App icon,"Get rid of that god awful disco ball, do that and it’s 5 stars, premium is recommended as it’s just brilliant.",2026-06-11T03:05:08-07:00,0,scraped,21
app_store,ie_14159571938,3.0,Alright,Generally pretty happy with the amount of music on the platform but it’s hard to find new music unless you already know a title and are just searching for it or if an artist you follow has a new release. The custom playlists it makes you often have songs with mislabeled genres and mostly play songs you already liked,2026-06-08T12:49:17-07:00,0,scraped,59
app_store,ie_14127969131,1.0,Such a bad app,Used to be so good. Now the playlists are awful all the same songs and the DJ literally plays the same thing over and over again. Will be switching to Apple Music,2026-05-31T09:51:52-07:00,0,scraped,32
app_store,ie_14127079281,4.0,Amazing,Everything is amazing but I hate that Spotify tries to add songs to my playlist as recommendations.,2026-05-31T05:27:03-07:00,0,scraped,17
app_store,ie_14108533023,5.0,Spotify,Amazing app best for music and i would really recommend pro,2026-05-26T08:31:07-07:00,0,scraped,11
app_store,ie_14100796889,1.0,Love and Hate.,I love and hate Spotify. First : I have it only because certain songs aren’t available on iTunes due to copyright. 2. I cannot customise Home Screen or even recommendations. I already pay subscription so why I have to deal with what your AI or you think I will like ?! Let those enjoying features for those who aren’t willing to pay ! The new icon : what the hell have you been thinking about?! It’s horrible ! Please add more option to customise  not just Home Screen but the whole experience.! We already pay. Leave the version that isn’t possible to customise to the people that aren’t willing to pay ! It’s easy. Also one podcast isn’t available in my region ok get it ( there isn’t better podcast app that Apple one let’s be honest here ! ) and yet I cannot delete it from my screen and it’s still on my list ! Again we pay monthly fee and it’s not a low amount ! What are your developers doing ?! What are you paying them for ?! Are you 1. lazy to add the customise options 2. Unable to do so ?! Do two versions of Spotify one for paying customers where they will be able to even choose better icon because this one is horrible and customise Home Screen etc. and second one for the ones that aren’t willing to pay. It makes me feel like you don’t appreciate paying customer.,2026-05-24T07:29:49-07:00,0,scraped,246
app_store,ie_14096373657,5.0,Spotify review,Love this app so much has every single song I recommend,2026-05-23T04:22:32-07:00,0,scraped,11
app_store,ie_14091723493,5.0,Terrific,"Been using Spotify for almost 10 years and I’ve no complain at all. Easy to operate, car play, everything is simple so anyone can use it. I recommend",2026-05-21T21:52:07-07:00,0,scraped,28
app_store,ie_14079953451,5.0,Nickita,"I love this app highly recommend. Plus, you don’t even need your phone to be on I would highly recommend.",2026-05-18T15:17:08-07:00,0,scraped,20
app_store,ie_14074811193,5.0,Amazing,This app is perfect I love it so much def recommend this app for anyone thanks Spotify 😇,2026-05-17T06:41:40-07:00,0,scraped,18
app_store,ie_14071226170,5.0,Helps my sleep and travels,"Spotify has genuinely improved both my sleep and my travels. The sleep playlists and relaxing sounds help me unwind every night, and I fall asleep much faster now. When I’m travelling, having my favourite music, podcasts, and offline playlists all in one place makes every trip more enjoyable and stress-free. The recommendations are always spot on, and I discover new music all the time. Easily one of the apps I use every single day.",2026-05-16T07:43:20-07:00,0,scraped,74
app_store,ie_14070879804,5.0,Great app,"It’s a great app, it’s picks up on lyrics if you don’t know the name of a song, it has great song recommendations, and personal playlists, I don’t really have much bad to say about it,",2026-05-16T06:01:20-07:00,0,scraped,36
app_store,ie_14052984059,3.0,Ads,Keep getting dames adds over and over again even though I rate it as repetitive. Not good enough 👎,2026-05-11T08:24:12-07:00,0,scraped,19
app_store,ie_14025017048,3.0,Do something,"The app isn’t bad, but they should stop recommending rubbish I’m not interested in, like reggaeton or mainstream stuff that only people without a brain care about, because if I listen to metal, for example, I only want to see things related to it or within the rock genre.
They should also add the song’s duration next to each track, so you don’t have to check the player – it should just pop up automatically next to the three dots. It’s not that hard.
And sync up the lyrics too – it’s not that hard. If I could, I’d do it myself. Don’t be useless – we’re paying for a reason.",2026-05-03T13:14:49-07:00,0,scraped,111
app_store,ie_14000837502,3.0,To Spotify,"There are so little things that you can do with free Spotify, also Spotify videos and Spotify text messages or something like that it’s like Snapchat becoming a social media platform when it’s an app just for music please make the app more fair I can’t even skip or repeat songs the app is EXTREMELY greedy and unfair please become fair the ads are extremely annoying only for Spotify premium I just want to listen to music not listen to ad’s, thank you for reading all of this",2026-04-26T18:10:34-07:00,0,scraped,88
app_store,ie_13989643907,4.0,Great but one thing,"I’m typing from a different account but I used to be depressed and I was always playing songs that barely cheer me up because it’s like my comfort zone but there’s always this pet hair ad that goes “IS UR DOG IN SHEDDING SEASON AGAIN? BUYT HE VELCRO MOP IT GETS EVERY CORNER,FLOOR ,SHELF,CEILING,BACK GARDEN,TOILET AND EVERYTHING",2026-04-23T13:00:42-07:00,0,scraped,57
app_store,ie_13982697525,5.0,Algorithm,My Discover Mondays does not reflect my eclectic music preferences,2026-04-21T12:35:59-07:00,0,scraped,10
app_store,ie_13978208960,2.0,Great!,"I think it’s amazing that I get to play any song I’d like!
I get to make playlists, so I can listen to my song on repeat, it’s just super!
I love KATSEYE and their new song, “Pinky Up” and I can listen to it anytime I choose. Truly AMAZING app!",2026-04-20T06:12:41-07:00,0,scraped,51
app_store,ie_13961629135,5.0,Fav app!,"Love Spotify wrapped, much attention to detail, the new playlist features are also cool! Listened to Spotify for over 50,000 minutes last year, Spotify premium is honestly such a must have I love it and it’s my favourite subscription! If you use a different streaming app, switch to Spotify rn 🖤💚🖤💚🖤💚",2026-04-15T13:18:09-07:00,0,scraped,51
app_store,ie_13933942010,2.0,Video update is the WORST,"I thought the music video / podcast update would be so good, I was so wrong. First of all the music videos take ages to load and are usually low quality. Second of all the podcast videos get recommended on your homepage with clickbait thumbnails worse than YouTube, and if you like listening to a few specific true time podcasts all they’ll recommend is horror videos and even innapropriate titled videos with creepy thumbnails.
I go onto Spotify to listen to music at night and I’m met with horrible thumbnails, I don’t know how it takes over my page considering I click the NOT INTERESTED button everytime, clearly doesn’t seem to work. Even podcasts I’ve listened to once keep getting recommended on repeat and I didn’t like them that’s why I listened once, I don’t follow these podcasts and press not interested and they STILL get recommended. Just because I like some true crime girlies doesn’t mean I want horrific recommendations. I pressed follow on podcasts I am interested in and not interested on podcasts I don’t like and would honestly block if I could. What’s the point in these buttons if they don’t work? Honestly it’s ruined my entire Spotify experience not to mention it takes up more energy and storage on my phone over an update that literally IS SO ANNOYING. I want to play music and listen to podcasts. This update is literally taking away from my music experience. AND IM PAYING FOR IT? No thanks I hope Spotify can fix these issues soon because I was a big fan of the app.",2026-04-07T17:18:35-07:00,0,scraped,266
app_store,ie_13931261295,5.0,Spotify premium,I love Spotify it has helped me find all the songs and podcast I need .i share premium with my family and honestly I can’t live without it 100% recommend,2026-04-06T23:41:44-07:00,0,scraped,30
app_store,ie_13921943916,2.0,Plays same songs,I have a playlist of 2500 songs and keeps playing the same songs over and over,2026-04-04T08:20:59-07:00,0,scraped,16
app_store,ie_13914710810,5.0,My go-to music app,"The premium may seem expensive at first, but it’s so worth it. Without ad interruptions you can explore the absolutely amazing diversity and versatility of Spotify. I’ve actually had such a good experience with this app, and before you say to yourself, I was not in fact paid to write this I just love Spotify",2026-04-02T08:50:18-07:00,0,scraped,55
app_store,ie_13900333112,1.0,Horrible update added,I noticed today my music (despite explicit content being allowed on my account) is having all of the swear words automatically censored which completely ruins the songs. Nobody asked for this I’d suggest looking for alternative platforms.,2026-03-29T08:48:46-07:00,0,scraped,37
app_store,ie_13890362241,5.0,Its pretty good,Every single time i try to play a specific song it says u need premium. Im sorry but wtf. So basically I can’t even play my liked songs and gives me “recommended songs”,2026-03-26T14:26:00-07:00,0,scraped,33
app_store,ie_13883405146,2.0,advertisements are getting out of hand..,"After EVERY song i am getting an ad, i know you need them to get paid but it’s constantly i cant even blend my music anymore bc the ads please change it because i know people will convert from spotify to another platform it’s so annoying 1 minute of ads after every song and they say a free hour of listening and then just keep playing ads..some people don’t have money to be dropping on spotify. UPDATE:: I have been listening to spotify these last few days,why am i getting 3 advertisements after every song. 6 advertisements 3 minutes long..basically a song",2026-03-24T15:19:43-07:00,0,scraped,102
app_store,ie_13798365586,1.0,Stop Liking Spotify.,"I recently downloaded Spotify for my headphones so I can listen with no bad ads, no songs switching immediately. At first I was like”This is going Great! I won’t need any other social media to listen to.” I was listening to my songs today. I wanted to play a song 2x in a row because one I didn’t like came on. So I tried playing You Spin Me Right Round again, and the most ANNOYING thing came up. It said I HAVE to pay premium. I just wanted to listen to music! But Spotify said “Nope!” And forced me on shuffle. Wouldn’t recommend.",2026-02-28T04:37:10-07:00,0,scraped,103
app_store,ie_13785170097,5.0,Good,Personally I don’t use any other music app because this one is my favourite. I wouldn’t recommend Spotify without Spotify premium though because adds pop up all the time and you have limited skips.,2026-02-24T12:38:36-07:00,0,scraped,34
app_store,ie_13774113782,5.0,Just amazing,"Spotify has completely changed the way I experience music. The sound quality is excellent, the recommendations feel incredibly personalized, and I’m always discovering new artists and playlists that match my vibe perfectly. The interface is clean and easy to use, whether I’m on my phone, laptop, or car.
I especially love the curated playlists and features like Discover Weekly — they consistently introduce me to songs I end up playing on repeat. Streaming is smooth, downloads work flawlessly, and the premium experience is absolutely worth it.",2026-02-21T10:16:26-07:00,0,scraped,86
app_store,ie_13770461613,5.0,Worst app ever !!,Omg the ads are so repetitive.. the glitches the overpriced “premium” everything!! It sucks and I wish I never downloaded it..,2026-02-20T10:05:22-07:00,0,scraped,21
app_store,ie_13760079251,3.0,I was loving it but..,I was loving it but then today I went to play my playlist like usually and now there are a load of songs that I have even heard of playing instead of just my playlist so can you remove whatever you added to do that and don’t say I need premium because some people can’t spend a lot of money on apps and come on if you do recommend songs MAKE IT MORE THAN 6 SKIPS,2026-02-17T11:44:47-07:00,0,scraped,76
app_store,ie_13747823216,2.0,Pay the artists,"Pay the artists better. Also, the shuffle function for playlists is stupid. It plays the same songs over and over and forgets others.",2026-02-14T03:04:37-07:00,0,scraped,23
app_store,ie_13691968819,1.0,Brian,DJ function plays same songs on repeat. Library songs don’t shuffle and again it’s the same songs on repeat,2026-01-29T23:34:22-07:00,0,scraped,19
app_store,ie_13685671211,5.0,My Spotify review,I really like Spotify cause I is just so good to let you’re emotions out with the songs you play  and I love that you can make you own personalised playlist with all you’re favourite songs that you’re friend can listen to too.,2026-01-28T07:38:53-07:00,0,scraped,43
app_store,ie_13620963346,5.0,spotify,very good loads of songs to choose from definitely recommend,2026-01-11T04:53:24-07:00,0,scraped,10
app_store,ie_13614935460,5.0,My opinion,App is such a good app and I so recommended to others it’s just brilliant for so much this night. I’m a definite musical listener so I need a good music app but when I first saw this I was probably like no but I was like I need to give it a chance when I downloaded it I’ve never felt The Simpsons has the best songs and such recommendation.,2026-01-09T15:56:37-07:00,0,scraped,70
app_store,ie_13603182253,5.0,Yay,It gives curige to people who are shy music is my saviour when I’m scared and Spotify gives me comfort courage and peace. Definitely recommend to young musicians or anyone to be honest. It brings out the best in me and plenty of others people hope this helps and thanks for reading this,2026-01-06T14:49:38-07:00,0,scraped,53
app_store,ie_13589371872,5.0,It’s great,Can you update the dj to add just a bit more new songs it sometimes just keeps playing the same song,2026-01-03T04:39:52-07:00,0,scraped,21
app_store,ie_13571409807,5.0,spotify is the best!!,"spotify is so good it’s my escape from the world i could spend my whole life on it, it has great benefits and it’s my favourite app i love it so much i recommend a lot!",2025-12-29T19:42:46-07:00,0,scraped,36
app_store,ie_13565657419,1.0,Glitches,"The new UI is useless, favouring their recommendations over being able to browse music (what am I paying for then?) — too expensive a service to be this bad",2025-12-28T09:46:01-07:00,0,scraped,29
app_store,ie_13561924860,4.0,Spotify,"It’s really good and easy to use but u just don’t appreciate the amount of ads, it’s too much but I really recommend downloading it",2025-12-27T10:55:01-07:00,0,scraped,25
app_store,ie_13556888163,5.0,Spotify,Spotify is great you get to listen all different types of music and it recommends music to you,2025-12-26T05:22:13-07:00,0,scraped,18
app_store,ie_13540519246,1.0,Wouldn’t recommend,"Lack of controls of what’s content is suggested. Bombarded with suggestions for audiobooks, podcasts regardless of if they’re of interest and no way to turn them off. More and more AI slop finding its way to the app.",2025-12-21T16:24:42-07:00,0,scraped,38
app_store,ie_13534484092,5.0,Spotify revie,I am infact listening to music on spotify as i write this its the best app ever most played on on my phone love defo recommend,2025-12-20T03:39:36-07:00,0,scraped,26
app_store,ie_13470850161,4.0,Issue,My Spotify wrapped does not work even tho my app is updated to the newest version aswell,2025-12-03T08:40:22-07:00,0,scraped,17
app_store,ie_13470676258,5.0,spotify i love u!!,I received my 2025 spotify wrapped and im so happy this is so emotional all these songs remind me alot tysm spotify im crying of joy🥹🥹,2025-12-03T07:45:55-07:00,0,scraped,26
app_store,nz_14192601232,4.0,Spotify :),It’s super good I recommend! But when I listen to an album it never plays all of the song it plays one of the songs than randomly chosen a song :3,2026-06-17T01:21:36-07:00,0,scraped,31
app_store,nz_14187263499,5.0,Very great service,10/10 been a user for years and am a big fan the only thing I can suggest is a better shuffle system,2026-06-15T15:08:15-07:00,0,scraped,22
app_store,nz_14186911603,5.0,Suggestion,When you search for a song in your playlists it should be able to take you to the song in the playlist and continue to play the rest of the playlist,2026-06-15T13:02:16-07:00,0,scraped,31
app_store,nz_14169626805,1.0,Rip off,Stop asking me to rate the app. Also too expensive. 1 star do not recommend.,2026-06-11T05:00:11-07:00,0,scraped,15
app_store,nz_14165507760,1.0,Keeps cutting out,Ineffective help desk sends you in the same circles repeatedly.,2026-06-10T03:24:43-07:00,0,scraped,10
app_store,nz_14161155359,3.0,Broke recently,"I’ve never had any complaints about Spotify, until the last few weeks. 

It is now regularly stopping playing music. It says, “We’re having trouble playing this song. Try going online…”

It happens even when I’m online.

If I kill the app and restart it, the same song that was failing will pick up exactly where it left off. I can also start playing a new playlist.

Having this happen when I’m driving means I can’t play music until I can safely pull over and restart the app. It doesn’t matter if I’m using CarPlay or not, it happens either way. 

It happens to everybody in my family, as well. There’s no explanation that makes sense, except for a new bug being introduced that’s impacting playback.",2026-06-08T23:33:22-07:00,0,scraped,125
app_store,nz_14157142317,5.0,YEYAAAAAA,Spotify is absolutely amazing and I love the special shuffle play where I can hear new song and expand my taste in music,2026-06-07T22:01:49-07:00,0,scraped,23
app_store,za_14196004646,5.0,Algorithm,Almost all the songs I want to listen to are there and please open up for conscious reggae music 🇬🇳🇬🇳🇬🇳,2026-06-17T21:21:32-07:00,0,scraped,20
app_store,za_14193229777,5.0,Music for every occasion indeed,"Great music app by far, all genres for all moods and occasions.",2026-06-17T05:25:06-07:00,0,scraped,12
app_store,za_14190733353,5.0,Playlist selection,love how they recommend similar artist and expand your choice of artists according to genre,2026-06-16T12:50:55-07:00,0,scraped,15
app_store,za_14187558354,5.0,Review,Review no Ads and great songs recommendation for my taste,2026-06-15T17:04:35-07:00,0,scraped,10
app_store,za_14184843412,5.0,My daily essential,"Spotify is part of my everyday routine. Great music recommendations, easy navigation, and an incredible selection of songs and podcasts. Worth every cent.",2026-06-15T01:39:51-07:00,0,scraped,23
app_store,za_14178077587,5.0,Music mix,Music mix match my music taste even though I search one song🔥🔥🔥,2026-06-13T07:35:14-07:00,0,scraped,12
app_store,za_14161410604,5.0,Different playlist same songs!!!,"I am actually so damn tired! What is the point of giving me 10 playlists if the songs are the same in all the playlists???

Guys!! We pay to explore music and you give me the same 
songs in each playlist??? With so much music you have???? Please man!!! Take me serious!!!",2026-06-09T01:33:49-07:00,0,scraped,52
app_store,za_14143898280,5.0,Spotify,"Spotify works like wonders with NO issues.
I recommend it",2026-06-04T11:22:23-07:00,0,scraped,10
app_store,za_14134267714,5.0,Music is life,I am absolutely enjoying spotify. I listen to music for every situation I am going through and I am glad that I can turn to spotify and find all the songs I am in the mood for. I have even discovered new music on the app :-),2026-06-02T00:35:10-07:00,0,scraped,47
app_store,za_14111381140,5.0,Best App,I actually think Spotify is one of the best music and podcasts app. I’d definitely recommend it to everyone to use it and it’s very easy to navigate and use,2026-05-27T03:43:18-07:00,0,scraped,30
app_store,za_14108810238,5.0,My Enjoyment,"OMG I love this app SOO much, it helps when my daughter is studying and event when I am bored. RECOMMEND!!!!",2026-05-26T09:58:59-07:00,0,scraped,21
app_store,za_14090581762,4.0,Way to many ads,"I’ve gotten so many ads(every 2 songs) and there never related to my music taste although the premium ones I do understand this ,has made me really frustrated.",2026-05-21T13:40:43-07:00,0,scraped,28
app_store,za_14089550415,5.0,Spotiii,"besttt music platform ever. the curation of the playlists, the revommendations, the wrapped everything is so personalised. Spotify truly loves their users and we love spotify right back!",2026-05-21T07:46:37-07:00,0,scraped,28
app_store,za_14076413330,1.0,Uninstalled,I removed this app because every time I connect my airpods it automatically starts playing even the app is not running in the background. I followed every recommendation on the internet to fix it and nothing worked. It’s a huge irritation. Bye bye spotify.,2026-05-17T15:36:56-07:00,0,scraped,44
app_store,za_14070348760,5.0,Amazing!,I love Spotify and its recommendations and listening to music hasn’t been so fun in forever!! Thank you Spotify! Keep it up!!,2026-05-16T02:49:50-07:00,0,scraped,22
app_store,za_14068328344,1.0,Fix it Spotify,"Its so ridiculous, you have to pay to listen to your playlist, you have to pay to skip?! And the app is just overall UNUSABLE. I genuinely dont recommend this app and your better of with ANY other music app.",2026-05-15T12:40:28-07:00,0,scraped,40
app_store,za_14066211212,2.0,Modern Features Required,"Music > Following is excluding new releases from artists I follow now.  

Has become painfully slow recently. Takes up to 20 seconds before music loads and starts playing if you haven’t been using the app or it’s been paused too long. 

Spotify needs to update their features and transparency with AI music. Spotify has become flooded with AI generated music and fake bands and does not flag or notify users, or give them an option to block generated music. 

The smart shuffle feature can be a great way to find new songs but functions strangely by playing a predetermined selection of songs depending on which song you start with in your playlist. So it doesn’t actually shuffle randomly. It also seems to only shuffle from certain sections depending on where you start it in a playlist if you have a lot of songs in the playlist like your Liked Songs playlist. Sponsored recommendations are awful and borderline paid for ads from artists trying to get noticed. Regardless of your tastes or genres they will get pushed in your face based on your country and will not be to your tastes at all. I get better artist recommendations on Spotify in Instagram ads which is a joke. The AI DJ is…yeah. Just no. There is no intelligence there at all. Just lazily pushing genres and top artists based on your location again instead of finding you new music based on your actual tastes and listening history. Gave up trying to train it and repeatedly hiding the same artists and songs I don’t like.",2026-05-15T00:12:09-07:00,0,scraped,262
app_store,za_14057410307,1.0,stanzin’s review,"I HATE SPOTIFY AND I DONT
RECOMMEND IT TO ANYONE!! DO NOT USE SPOTIFY!!!!! I REPEAT DO NOT USE SPOTIFY!!!! OH AND FREE PALESTINE",2026-05-12T12:54:49-07:00,0,scraped,24
app_store,za_14056523309,5.0,Julie Scheepers,Spotify has a lot of features and is very nice to use because you can download all your episodes and get a taste of your friends music Spotify is very nice to use I use it all the time😊🫰🏼🤏🏻,2026-05-12T07:58:19-07:00,0,scraped,39
app_store,za_14053273467,1.0,BLOCK FUNCTION NEEDED,"You’ve removed the ‘do not recommend’ and ‘not interested’ options. I am paying but do have the freedom to decide what content I want or don’t. This is my last month with Spotify. And yes, over a block function. If I could, I’d make it zero star. 

KR
A 6+ year paying customer.",2026-05-11T09:57:27-07:00,0,scraped,53
app_store,za_14052884462,1.0,i don’t recommend using this app,i don’t like the fact that it controls what kind of music i should listen,2026-05-11T07:53:08-07:00,0,scraped,15
app_store,za_14048678199,5.0,Spotify my diye,"The algorithm, the vibe the aura, practically my bestii now ✨🌸 honestly my favourite music platform.",2026-05-10T04:52:01-07:00,0,scraped,16
app_store,za_14044471025,3.0,Spotify - Student Subscription,"Unfortunately, I can really only afford the Student Spotify Subscription now as I have been with you guys on the Premium Spotify Subscription for a couple of years and I have to mention that I am quite disappointed due to the fact that it doesn’t have the Spotify AI which I use mainly finding new songs and even simply brightens up my day….",2026-05-09T02:00:18-07:00,0,scraped,63
app_store,za_14022594034,5.0,HIGHLY RECOMMEND,My absolute favorite app with all the music you could ask for,2026-05-02T22:22:41-07:00,0,scraped,12
app_store,za_14012136999,5.0,Spotify,Man I love this app been using it since 2020 great 100% recommended,2026-04-30T02:35:22-07:00,0,scraped,13
app_store,za_14010382544,1.0,The autoplay feature has changed,I am currently not happy with the app's autoplay feature. Before it used to play artists that I listen to. It know plays artists that I am not familiar with.,2026-04-29T13:05:25-07:00,0,scraped,30
app_store,za_14002605814,5.0,Review,"Amazing app that allows anyone to listen to hits, but I would suggest people to get the premium!!!🙃",2026-04-27T07:33:27-07:00,0,scraped,18
app_store,za_13998595725,5.0,Best music app ever!,I love Spotify some much. It helps me find music quicker than other music apps. I can use it any time I want and listen to all the music I know and all recommendations. The only bad part about Spotify is their adds……Bye!,2026-04-26T04:09:12-07:00,0,scraped,43
app_store,za_13983300688,1.0,Very bad news about this Spotify,"I’ve just discovered that I’ve been double-charged on my account for a subscription of only R69. I didn’t notice it at first because the amount seemed small, but it has been happening repeatedly.

I have already tried to cancel the subscription, yet the debit continues. This is very disappointing and frustrating.

Please take a moment to check your bank statements carefully—small amounts can easily go unnoticed, but they add up over time.",2026-04-21T17:00:10-07:00,0,scraped,72
app_store,za_13970203362,5.0,Love this app,"This app is top tier in every way, my only plea is try and better your algorithm.",2026-04-18T01:00:49-07:00,0,scraped,17
app_store,za_13946948668,4.0,Adding songs.,"If you scroll on TikTok or Instagram you can add songs directly to your liked playlist. I have scrolled through my playlist and have found the same song copied multiple times. This occupies space, having  a system that picks up copies would be beneficial",2026-04-11T08:59:22-07:00,0,scraped,44
app_store,za_13943692880,5.0,I can the best music and get new songs early,On Apple Music all the song take forever to show up and plus I can see Daniela from cats eye on little videos,2026-04-10T11:11:45-07:00,0,scraped,23
app_store,za_13933593945,3.0,A review,"It’s such an amazing app where it’s easy to find the songs you want but the only problem is that you’re limited to choose songs you want to play a day, you can’t put a song on repeat and you can’t fast forward or back forward since they want us to pay for premium it’s a pity that some of us can’t afford that.",2026-04-07T14:45:09-07:00,0,scraped,64
app_store,za_13932325857,5.0,The Music,"They have amazing songs it’s amazing how they can bring more songs related to my taste, even though I don’t know some songs but it’s fire 🔥",2026-04-07T07:10:02-07:00,0,scraped,27
app_store,za_13930192081,3.0,Song shuffle and recommendation,Song recommendation and shuffle is not accurate to what I always listen to and like.,2026-04-06T15:20:07-07:00,0,scraped,15
app_store,za_13928257202,4.0,Spotify!,I love Spotify because it has all of my favourite songs and when I see a new song and I don’t know the Name it is so helpful because I just put in a bit of the song and it catches it immediately I love Spotify,2026-04-06T03:49:05-07:00,0,scraped,46
app_store,sg_14196949691,5.0,My opinion,"I wanted other apps to listen to, but when I opened my iPad I had the app. I was so happy and I was able to listen to music instantly. I would highly recommend getting this app.",2026-06-18T04:19:39-07:00,0,scraped,37
app_store,sg_14189676790,5.0,Best App ever,"I was using Spotify since 4-5 years and I am loving it.🥳💝
Thank you Spotify to suggesting me such a beautiful songs ❣️🎉",2026-06-16T07:24:10-07:00,0,scraped,23
app_store,sg_14181516599,2.0,It’s sexist,It assumed my gender and recommended me a male out playlist as well as whatever mommy asmr is the cover page was Sus and I felt really uncomfortable btw I listen mostly to pop songs,2026-06-14T05:10:12-07:00,0,scraped,35
app_store,sg_14176417239,5.0,Sing along,"Best part is displaying lyrics and we can sing along. I request to add lyrics for entire list, all genres.",2026-06-12T21:04:41-07:00,0,scraped,20
app_store,sg_14162055994,5.0,Best Music Streaming App,"Spotify offers an amazing music experience with a huge library of songs, podcasts, and personalized recommendations. I use it every day!",2026-06-09T05:42:53-07:00,0,scraped,21
app_store,sg_14158797524,5.0,Review,"1. Spotify is an excellent music streaming platform with a vast library of songs, podcasts, and playlists.
2. Its personalized recommendations and curated playlists make discovering new music easy and enjoyable.
3. The app offers smooth playback, offline listening, and a user-friendly interface for a great listening experience.",2026-06-08T08:41:05-07:00,0,scraped,48
app_store,sg_14156611496,5.0,Great apps for music fanatics,"Always love the recommendation playlist and the updates of musics.

Just a small feedback: the recent icon updates feel so dated. For mobile UI design. Look like a mistake.",2026-06-07T18:09:36-07:00,0,scraped,29
app_store,sg_14141543845,4.0,Expensive with connectivity issues,"I've been using this app since 2013, and the prices kept soaring. AI content started polluting the libraries and the interface is becoming clunkier with every update. 

Lately, I've been having connectivity issues exclusive to this app.
It's making accessing the music library or downloaded content difficult. I wonder if it's just me? 

I think the changes made on playlist sorting and radio has improved a lot though.",2026-06-03T20:53:13-07:00,0,scraped,68
app_store,sg_14140484979,4.0,Pros and cons,Spotify is great and u can play music in the car w it and create playlist the only thing i dont really like is it doesn’t work on like games some of them it cancels out the song ur listening to but i really recommend this app!,2026-06-03T13:46:24-07:00,0,scraped,47
app_store,sg_14135042540,1.0,Ai music,Please add tagging for AI music. was having a good day until AI was forced upon me in my discovery weekly. Ew,2026-06-02T05:40:26-07:00,0,scraped,22
app_store,sg_14134259207,5.0,Good algorithm,"I have used since 2019 so the algorithm is good for me. I am able to find all the old songs I like and able to keep them in a folder. 
It’s a paid app so need money to maintain.",2026-06-02T00:31:13-07:00,0,scraped,40
app_store,sg_14095812048,5.0,so good,it really is good i like that it gave me suggestions on what to listen to.i like that it is not slow and as a person of loving music i like it so much!!,2026-05-23T00:26:46-07:00,0,scraped,34
app_store,sg_14091187446,1.0,Fake app,"This app is worst, I just got premium but there were still ads. Moreover, when I started my piano playlist out of a sudden Olivia Rodrigo played, but her songs were only saved to my gym playlist not songs to relax playlist. 
I’m never getting premium again and I don’t recommend you to subscribe to this app😡😭
My user is Zixuan Zhang",2026-05-21T17:50:43-07:00,0,scraped,62
app_store,sg_14082278281,4.0,Spotify cmon,"Yes, Spotify is a great app and all that. I love the songs and the playlists, but the ads…? The ads are just wayyy too much, I listen to 1 song and boom, I get hit with the 5 ads, and it is so annoying! It always happens like cmon let me study in peace without so many ads. Yes, having ads is no problem, but, Spotify, you need to be more realistic. No one wants to listen to 1 song, listen to 3 ads, listen to 1 song again, then listen to 5 ads. Hello?! It’s insane, really.

But at least Spotify is better than Apple Music and other music apps. It’s really just the ads that bothers me. I have to listen to the same d for so many times and it lowkey really annoying… It’s also insane how we need premium to loop a song, and sometimes if you don’t have premium, you can’t listen to the same song that u searched up. A different song pops up and ITS SO ANNOYING. Let me listen to the song I want, Spotify!

Overall, the songs are great, but Spotify, please just change your ads. I don’t nest to get hit either 7 ads which are 30 seconds long again, please, Spotify.",2026-05-19T07:49:51-07:00,0,scraped,213
app_store,sg_14066930173,5.0,An excellent music platform,Spotify has come a long way since 2015 … It has totally replaced my need for using cds … and it allows me to explore all music genres for my listening pleasure.,2026-05-15T05:10:40-07:00,0,scraped,32
app_store,sg_14066708482,5.0,Best app for music streaming,"Spotify is a great music app with a huge library of songs and playlists for every mood. It’s easy to use, offers good sound quality, and helps you discover new music effortlessly.",2026-05-15T03:53:28-07:00,0,scraped,32
app_store,sg_14026733553,5.0,Great app,My go to app to listen to music and podcasts! Most recommended!,2026-05-04T02:15:56-07:00,0,scraped,12
app_store,sg_14019663998,5.0,Laura Tesoro,"I rlly like her song I wanna meet n greet her I also love her a lot of her cuteness and her personality and her prettiness 
Pls make a meet n greet",2026-05-02T04:01:29-07:00,0,scraped,32
app_store,sg_14009434395,5.0,Been using this for years,"An outstanding music app with endless playlists, podcasts, and personalized recommendations. It makes discovering and enjoying audio content effortless.",2026-04-29T07:30:20-07:00,0,scraped,19
app_store,sg_13988714146,5.0,Very engaging app,Can organise playlists and make listening much easier highly recommended even for people who don’t like music,2026-04-23T07:22:31-07:00,0,scraped,17
app_store,sg_13974797036,5.0,Suggestions,I love this app but I also don’t like singing over somebody so maybe you could add a karaoke feature to all songs,2026-04-19T06:53:59-07:00,0,scraped,23
app_store,sg_13949181681,5.0,Why?,"Hey, this app is amazing but I not sure why random podcasts keep popping up in my page. I don’t even listen to those podcasts, and when i kept clicking “not interested” , the app keeps showing them to me and recommending it to me too. it’s kinda annoying",2026-04-12T00:12:51-07:00,0,scraped,49
app_store,sg_13947365023,3.0,Shuffle,Can Spotify actually shuffle the song? It’s just repeating the same songs over and over again.,2026-04-11T11:15:02-07:00,0,scraped,16
app_store,sg_13923571451,5.0,Spotify Review,"Spotify is really good and has different varieties of music, for my opinion, i really don’t think you need to get premium, btw, ads pop up abt once every 3-5 songs, like around 30 seconds, but for me, it’s actually not too bad! Their daily playlists which i use is also really amazing! For example, im a K-pop lover, so 2 of my playlists are K-pop and the other is a different genre! New releases are also shown!",2026-04-04T18:43:56-07:00,0,scraped,78
app_store,sg_13913358122,5.0,best music apps,"Best music streaming app hands down . huge library, great playlists, and personalized recommendations .",2026-04-02T00:19:24-07:00,0,scraped,15
app_store,sg_13870855650,5.0,good but ads,"i love this app so much but the ads are lwk annoying, and repeated most of the rime. i think i might be able to say one of the ads word for word from how many times i have heard it. but nevertheless it is better than apple music but still, the ads... and premium is too expensive.",2026-03-21T02:09:22-07:00,0,scraped,58
app_store,sg_13865171188,5.0,Why I <3 Spotify,I love Spotify cuz here there is so much to explore like omg so I hope u are reading this cuz I’m also gonna give feedback so yah Spotify is good but I think you should make Spotify more like the app should be rainbow some times blue some times yeah,2026-03-19T10:08:15-07:00,0,scraped,51
app_store,sg_13849323521,5.0,Amazing,"I love how Spotify makes personalised playlists and I absolutely love the DJ and top 50,would recommend!",2026-03-14T19:45:15-07:00,0,scraped,17
app_store,sg_13847976520,5.0,Spotify 5 star rating,"Spotify allows me to explore all types of music from k pop music to Chinese dramas OST S .

Spotify also allows me to download and play when offline which is very handy for road trips .

Lastly, Spotify allows me to download episodes and compile my own playlist to enable me to watch anything whenever I want to and listen to music of my choice .",2026-03-14T10:47:06-07:00,0,scraped,67
app_store,sg_13721407106,5.0,Spot,"Spotify is honestly the best music app I’ve ever used. The sound quality is amazing, the app is smooth, and it has almost every song I search for. I love the personalized playlists like Discover Weekly and Daily Mix — they always match my taste perfectly. Offline downloads and zero ads with Premium make the experience even better. Super easy to use and totally worth it. Highly recommended for every music lover!",2026-02-06T18:27:38-07:00,0,scraped,72
app_store,sg_13683894184,2.0,autoplaying after a searched song,"after the song i searched is done playing the app moves on to play other songs it thinks i would like apparently based on my music taste, but its completely wrong and i hate it. it should continue playing songs similar to what i searched, instead of force feeding me another genre. the autoplay setting doesnt make any differencr either
even after playing a playlist with a completely different genre for multiple days straight doesnt convince the app that its “recommeneded songs for me” are not even my taste
pls fix this damn app",2026-01-27T20:10:45-07:00,0,scraped,94
app_store,sg_13599752939,4.0,Auto recommend on playlists,"It’s annoying that Spotify keeps adding songs onto my predefined set of playlist. I don’t want this. Can it stop being smart and adding?

Doesn’t work with google home anymore",2026-01-05T17:22:13-07:00,0,scraped,30
app_store,sg_13597210935,1.0,Unethical app,"- Promotes ICE recruitment ads and defended their position - CEO invested hundreds of millions into Al war technology through Helsing - Terms/conditions allow Spotify to use music and content to train internal Al - Major labels own >7% of Spotify, accounts for 80-90% of editorial playlists, but only take up ~40% of total catalog - Actively push Al artists and music - Royalty rate one of the lowest of all streaming platforms and refuse to pay artists with <1,000 streams - Payola with their Discovery Mode, 30% less royalties for being bumped in recommendations - Buy stock music and push these songs and artists in playlists and search cues to dilute royalty pool - Streaming quality is worse than top ethical and equitable alternatives (such as tidal and qobuz) - Price increases in Europe, Latin America, Africa, and Asia with plans for 2026 in US and Canada (super expensive and the money doesn’t even go to the artists…)",2026-01-05T03:13:44-07:00,0,scraped,159
app_store,sg_13580718676,5.0,Top,"They will tell u when a new song from your favorite singer comes out, and will give u the top of the top 
Conclusion:It is marvelous !",2026-01-01T04:06:49-07:00,0,scraped,27
app_store,sg_13570887842,5.0,Best app ever,I have checked my screen time and this is my most used app. As a musician this is definitely the best for finding new music and samples. I couldn’t think of anything Spotify could do better but there’s always something better they do that I couldn’t think of.,2025-12-29T16:25:23-07:00,0,scraped,48
app_store,sg_13548798930,5.0,spotify,"i love this app soso much it has major updates and such fast reaction
when i first got it i thought that maybe this app would not be so good until i really used it! 
aside from that, making playlists are a breeze! in some places you need to take a long time making a playlist of your own, but in spotify, you can make a playlist within seconds! you can even choose to make it public or private! 
definitely recommend this app if u love music and podcasts",2025-12-23T23:06:50-07:00,0,scraped,89
app_store,sg_13545620445,5.0,Music for every mood!,"Spotify offers an extensive music library with personalised playlists, making music discovery simple and enjoyable.

So great to be able to do Jams with friends while on the road. My husband loves the podcasts!",2025-12-23T03:02:54-07:00,0,scraped,34
app_store,ph_14199403944,5.0,Every day spotify,"I love how you really worked through the algorithm of songs! The vibe is always spot on, all I have to do is to pick the first song and you’ll handle the rest. ✨ Awesome job spotify team 🙌",2026-06-18T17:54:37-07:00,0,scraped,39
app_store,ph_14192156487,5.0,✨,I love using Spotify because it gives me access to all my favorite songs and podcasts in one place. The personalized playlists and recommendations make it easy to discover new music.,2026-06-16T21:55:40-07:00,0,scraped,31
app_store,ph_14186282281,5.0,Great Music App,Spotify has a huge collection of songs and playlists. The sound quality and recommendations are really good.,2026-06-15T09:42:54-07:00,0,scraped,17
app_store,ph_14185736276,5.0,My go-to music streaming platform,Spotify is my go-to music streaming platform. I love its personalized playlists and extensive music library that helps me discover new artists and songs. The app is easy to use and provides a great listening experience.,2026-06-15T07:03:35-07:00,0,scraped,36
app_store,ph_14184259595,5.0,Music,Spotify is unmatched when it comes to music discovery. Its recommendation algorithm is incredibly smart.,2026-06-14T21:04:10-07:00,0,scraped,15
app_store,ph_14180468669,3.0,Same same,"Finally, disco ball is out. Same song recommendation, different playlist name. How about, recommendations based on same genre in different generation.",2026-06-13T21:53:13-07:00,0,scraped,21
app_store,ph_14172949524,3.0,Uh..,"Alright so uh for starters y’all didnt have to change your logo to a disco ball, and for some reason.. whenever I try doing the click and skip where you click on specific lyrics in a song so you could easily get to the good part or skip through lyrics. 

This literally worked days ago and I didn’t have to purchase Spotify premium?.?? And all of a sudden it doesn’t work?.. What is it too good for free accounts??

I suggest switching back to the original logo and enable the feature for everyone on the app.. plz.",2026-06-12T00:56:42-07:00,0,scraped,97
app_store,ph_14169009106,3.0,my review <3,"So, I use this in my tablet, my phones, and my gadgets. I really recommend this. I just wish we can listen offline and  have unlimited skips and repeats and without having to avail premium. And also, I wish we can use the app without having to sign in. Im having a real hard time to sign in on my new phone. But overall, Spotify is real good. I also suggest to lessen the ads. But the app is really good. ⭐⭐⭐! 

-Cel",2026-06-11T00:46:24-07:00,0,scraped,83
app_store,ph_14157440254,5.0,Ultimate music experience,"Spotify offers an exceptional music streaming service that caters to every listener's needs. With an extensive library of songs, playlists, and podcasts, it provides endless entertainment options. The user-friendly interface makes discovering new music and creating personalized playlists a breeze. Features like offline listening, high-quality audio, and seamless device integration enhance the overall experience. Whether you're a casual listener or a music enthusiast, Spotify delivers top-notch sound quality and a vast selection that keeps you hooked. Highly recommended for anyone who loves music!",2026-06-08T00:26:45-07:00,0,scraped,83
app_store,ph_14155839066,5.0,The Soundtrack to My Day,"From my morning workout to my focused deep-work hours, Spotify is always running. Its personalized ""Discover Weekly"" playlists have introduced me to some of my absolute favorite artists, and the podcast integration is top-tier.",2026-06-07T13:03:26-07:00,0,scraped,34
app_store,ph_14145399877,5.0,My only music streaming app from the rest,Spotify has always been able to surprise me with gems and able to discover music that expands my playlist. Tried others like 🍎🎵 but Spotify is still the best for me.,2026-06-04T21:13:32-07:00,0,scraped,31
app_store,ph_14144130442,5.0,The absolute best music app on the planet! ⭐⭐⭐⭐⭐,"Spotify’s recommendation algorithm is unmatched. Features like Discover Weekly and the Daylist are so creepily good at finding music I actually love. The app is incredibly well-optimized for iOS, and the interface is beautiful and intuitive. It has been my primary music app for years, and it just keeps getting better.",2026-06-04T12:41:04-07:00,0,scraped,51
app_store,ph_14141877215,5.0,Excellent for music,"Spotify has an amazing selection of music and podcasts. The app is easy to use, and I love the personalized playlists like Discover Weekly. Highly recommended.",2026-06-03T23:30:27-07:00,0,scraped,26
app_store,ph_14141043856,5.0,Playlist,New Music every week to listen to is always awesome!,2026-06-03T17:28:02-07:00,0,scraped,10
app_store,ph_14134302749,1.0,This app is money-hungry and full of bugs.,"Every time I try to play music it either repeats without me touching the repeat button, and it always stops playing even though I didn’t press the pause button. Too many ads too.",2026-06-02T00:51:28-07:00,0,scraped,33
app_store,ph_14131463704,5.0,Hearmeoutspotify,"I really like this app it’s great but I think it’s much more better if you’re on premium. As a non-premium user I noticed whenever Im listening to one of my playlist it plays the same songs that I’ve already heard twice or thrice yet never plays the old ones. Well, for overall it’s a nice app.💗",2026-06-01T07:41:40-07:00,0,scraped,57
app_store,ph_14126954583,5.0,Fav,"Spotify sets the industry standard for audio streaming, delivering an massive library of music, podcasts, and audiobooks straight to your pocket. The app’s crown jewel is its uncanny recommendation engine, which curates highly personalized playlists like ""Discover Weekly"" that perfectly match your taste. The user interface is beautifully designed, and features like ""Spotify Connect"" allow you to seamlessly switch playback from your phone to your smart speakers, TV, or laptop with zero interruption.",2026-05-31T04:44:08-07:00,0,scraped,73
app_store,ph_14117660913,5.0,really enjoying Spotify,"I’m really enjoying Spotify. It’s easy to use, the recommendations feel personal, and I love discovering new music through playlists and radio mixes. I always look forward to the end-of-the-year Wrapped—it’s fun, shareable, and a great way to reflect on my listening habits. Overall, it makes music streaming more exciting and engaging for me.",2026-05-28T18:06:02-07:00,0,scraped,54
app_store,ph_14114790845,3.0,wonky,"Algorithms bad, YouTube and Apple music beats it in terms of this. The songs sometimes don't have a queue if you're playing it from a searched song. UI is wonky on iPad. Playing old songs and next thing I know it's playing some loser called Malcom Todd. I could go on and on, premium is not worth it.🙏🙏🙏😭",2026-05-28T01:16:41-07:00,0,scraped,58
app_store,ph_14108358495,5.0,Fav app,"It vibes the quality i want, try this app! Not forcing bur it you love music this is my most recommended app on play store!!",2026-05-26T07:38:13-07:00,0,scraped,25
app_store,ph_14106827542,5.0,Random songs are in my genre,"I love how randomly, majority of the times I am getting songs which is my genre, it helps me to get through either starting my day or ending it. Thanks for being there, Spotify.",2026-05-25T21:15:31-07:00,0,scraped,34
app_store,ph_14091261520,5.0,fun and amazing to use,"⭐⭐⭐⭐⭐
Spotify is an amazing music app with a huge collection of songs, podcasts, and playlists for every mood. I love how easy it is to discover new music and create personalized playlists. The sound quality is great, the app runs smoothly, and it makes listening to music anytime so enjoyable. Highly recommended!",2026-05-21T18:21:23-07:00,0,scraped,53
app_store,ph_14088725986,5.0,Most recommended music app,I love this app as it always bringing updated music hopefully they will have for karaoke too.,2026-05-21T03:03:12-07:00,0,scraped,17
app_store,ph_14084169656,5.0,@hanijer,"I’ve been a loyal Spotify user for over a decade, and it never fails to impress. While some may argue that Apple Music edges out in audio quality, Spotify’s recommendation algorithm is unbeatable. It consistently introduces me to fresh music I never would’ve found otherwise. It’s that personal touch and endless discovery that keeps me coming back. 5 stars!",2026-05-19T19:44:29-07:00,0,scraped,59
app_store,ph_14081991057,3.0,bring back the looped playlist,"i always have a playlist where there’s only 2 songs so that I could listen to them consecutively on loop without having to listen to other songs. I have no idea why that isnt possible anymore. once the 2nd song is done, it pauses and doesn’t automatically play the first song on the playlist again, you have to manually play it for it to continue the loop. bring back the looped playlist without forcing me to listen to recommended songs",2026-05-19T06:19:22-07:00,0,scraped,80
app_store,ph_14070820684,5.0,"Love it, would recommend.",Love spotify. the jamming feature made me feel like I was next to my wife despite her being miles away.,2026-05-16T05:42:47-07:00,0,scraped,20
app_store,ph_14049572955,2.0,Nothing matches my taste,Spotify’s recommendations are actually getting worse. Why am I getting completely random songs that sound nothing like what I listen to? The queue feels disconnected and ruins the listening experience.,2026-05-10T09:27:28-07:00,0,scraped,30
app_store,ph_14047094682,5.0,Convenient and helpful,"As someone who’s been using Spotify for over 3 years now, I can confidently say it’s become an essential part of my daily routine – from commuting to work to unwinding at home. 

Overall, Spotify is hands-down my top choice for streaming music. Even with its minor flaws, the convenience, vast library, and personalized features make it worth every peso for the premium plan. It’s more than just a music app – it’s how I set the mood for my day.",2026-05-09T17:40:38-07:00,0,scraped,81
app_store,ph_14036765214,5.0,Lovely!,"All my fav songs are here, but make the unlimited skips and repeats for free",2026-05-06T21:06:08-07:00,0,scraped,15
app_store,ph_14002614790,1.0,Something is wrong with your app right now,"Skips and repeat, probably due to IOS latest updates. Check it now",2026-04-27T07:36:24-07:00,0,scraped,12
app_store,ph_14000745579,4.0,Lyrics interface suggestion,"One thing I really loved about apple music is their karaoke-like lyrics interface, where you can play mext, stop play, etc. and it does not exit the lyrics upon playing the next song. So if I want to sing along, I didn’t have to worry about tapping the icon to see the lyrics everytime the next song plays. Really hoping spotify adapts this.",2026-04-26T17:29:31-07:00,0,scraped,63
app_store,ph_13992084790,5.0,Music overload 🤩🤩🤩,I luv this music app and every genre or category that u like its just only 1 click to groove ❤️,2026-04-24T07:23:38-07:00,0,scraped,21
app_store,ph_13983513709,5.0,All in all good :),"Just want to make a few suggestions 

Unsure if it just me or there is really none available in premium, but sometimes I wanted 1 type of music to listen to (alt rock, rock, r&b) but there is no option only the radio",2026-04-21T18:34:41-07:00,0,scraped,43
app_store,ph_13942217907,5.0,cool,"recommendations are spot-on, and the app is easy to use. amazing music library!",2026-04-10T02:42:59-07:00,0,scraped,13
app_store,ph_13938326762,1.0,On Repeat Issue,"My experience is ruined. On repeat has not updated for more than one month. I’ve tried everything from uninstalling reinstalling apps from my iPhone, iPad Pro and Windows 11 laptop.",2026-04-08T23:55:32-07:00,0,scraped,30
app_store,ph_13933999620,5.0,Music for Every Mood,"Spotify delivers music tailored to every situation. When studying, I relied on focus playlists that kept me productive. Offline listening is a lifesaver during commutes, and the recommendations always surprise me with new favorites.",2026-04-07T17:43:36-07:00,0,scraped,34
app_store,ph_13925308899,5.0,Fave!,Amazing music streaming app with personalized playlists and high-quality audio.,2026-04-05T07:14:05-07:00,0,scraped,10
app_store,ph_13923587852,5.0,Premium subscriber here,I like the random DJ list plus the weekly suggestions,2026-04-04T18:50:57-07:00,0,scraped,10
play_store,7e1815f2-36d1-4187-a936-12f969747892,5.0,,"The free version is terrible. Bro you can only do 6 skips per hour and then it gives you a whole bunch of recommendations into the playlists you're listening to! like bro when I make a playlist I like it how it is I don't need some robot to recommend things for it! like seriously! I pay for premium now, because it's worth it, but barely. The paid version is excellent but very expensive.",2026-04-21 21:45:57,22,scraped,74
play_store,460fb39a-56f5-4f8f-b64c-7f3bf2e8578a,3.0,,"free version sucks. Windows media player is better by light years (and WMP isn't an amazing platform, either). premium version works well enough to play music from, but is very confusing in how song ratings work. audiobooks are severely limited (15 hours with premium, and 15 hours more on a separate subscription - per month). if you want audiobooks or free music, I highly recommend a different platform.",2026-02-11 06:43:08,219,scraped,68
play_store,f38661ca-53a8-422e-9bc9-b15bf8351fd7,3.0,,"Edit 2/27/26: Something seems to have changed in the last few weeks. I listen a lot, probably 4-5 hours a day while I do renovation work and every time I open the app it shows a ""you are back online"" message and it takes 2-3 minutes to load up all the recommendations and personalization stuff. Most of the time I am connected to high quality Wi-Fi or 5G networks. it's definitely not a connection issue since it happens everywhere I go. It's a music app so it's not critical, but still.",2026-02-28 01:35:23,35,scraped,91
play_store,97cf892d-e913-4b23-8db8-84cab11e668a,1.0,,"Free version is almost unusable. Good grief! 4 ads in a row then it tells me I can enjoy 30 minutes ad free. 2 songs later here are 4 more ads. At first I figured maybe a weird glitch. Nope. It's happens several times over the last few days. And on top of the that the ads are horrible. They're louder than your music so it's very jarring especially if you're listening to something chill, and they're repetitive. I can't listen to specific songs, everything is behind a pay wall now.",2025-07-09 21:42:53,3091,scraped,91
play_store,e0ab3f7a-2677-42ed-90db-745b1d890868,1.0,,"This company has just the worst software. It is slow to load and not very responsive. I click to play a different song and it takes 5 seconds to switch songs, if it does it at all. Constantly disconnects from connected devices. I move a song in the playlist and it bounces around, sometimes returning back to original position. The AI DJ just plays the same songs over and over and the voice is obnoxious. Some of these bugs have been in the software for nearly 10 years and still not fixed.",2025-08-02 05:28:48,1158,scraped,92
play_store,76ee3ce7-6323-41ee-b04c-8f0dc19084bd,3.0,,"I love having the music. I use spotify every day. Three stars because the app itself is absolute trash. It is constantly crashing, freezing, and randomly stopping. EDIT 03/22: don't know what they did but they made it worse than ever. Spotify is trash, yall. Edit 08/24: Dear Spotify. Pay artists more. Also do something about the various versions of songs as it relates to the favorites list. Maybe like suggest the other versions when you add the song to a playlist or something.",2024-09-01 15:15:37,148,scraped,84
play_store,d899f8e7-8173-4bf1-9b8c-a3d8ea5b23f8,2.0,,"I had to edit my review, it used to be 5 stars but I'm lowering it because all of the sudden, every now and then, it'll switch what Im listening to. I've been listening to a podcast's library and it switched me to a curated list. If you want to make me a recommended list, fine but I don't HAVE to listen to that other stuff and this app is making it so I have to. Super inconvenient, especially while driving. I've used this app for years and never had any issues until recently.",2024-12-11 02:43:15,381,scraped,94
play_store,c15ff6b7-d08d-4c91-90f2-c010361c0f01,1.0,,"When using the Free version of this app, searching and playing a song is broken. For example, if I search and play ""Billie Jean"" by MJ, it will play ""Beat it"" or ""Thriller"". Earlier versions of spotify did not do this and it makes this app one of the most unreliable apps for Free music playing - along with your procured playlists on permenant shuffle. You'd be better off with competitor products. WOULD NOT RECOMMEND - unless you have over 100 dollars a year to blow on premium.",2025-03-09 19:18:02,688,scraped,88
play_store,99faf7fe-6807-4923-be58-c9900c84ffb4,2.0,,"I've been using Spotify for almost 10 years. I've noticed that the app no longer shuffles my playlits, so the same songs keep playing over and over again. I'm on the premium plan, yet I'm still getting ads on podcasts and I don't have access to audio books. There are some podcasts that I used to listen to almost daily that have now become locked. What's the point of paying for a premium subscription if I don't gain access to everything the app offers?",2025-01-10 07:14:29,271,scraped,84
play_store,8d5e29f2-7f64-4fae-b817-f82f99f9f4f1,1.0,,"The apps performance really has degraded recently. Crashing every thirty or so minutes, randomly pausing songs, or just straight up dropping the playlist after it crashes and starts playing ""trending"" songs. I can't listen to custom mixes anymore because it crashes and kills the playlist so I have to restart it. The advertisement vs song ratio has become has become a joke, I can listen to FM radio stations and get less ads.",2024-09-28 09:39:21,167,scraped,73
play_store,33fbbcf6-066d-45d0-ad50-0db90b0b15e5,4.0,,"I absolutely love Spotify and have since 2008. I always pay for premium because I can't stand commercials. Reason for the 4 star rating is due to a reoccurring issue causing me to reinstall the app to fix it. Eventually i can only play 1 genre of music from my library. doesn't matter if I make a shuffle all playlist or select a specific song from different genre. it only affects my downloaded/liked songs. It could be 4 months or a year, it always seems to happen. It's very annoying.",2025-08-04 07:12:12,486,scraped,90
play_store,c03bf269-3818-42d6-a80c-f4ff5b07e417,2.0,,"I am not a fan of the results that kick out anytime I go to a song's ""Go to song radio"". When I want to go to the radio of a particular song, I expect similar songs that align with the song tempo/genre. However, this option just shuffles the latest music that has been released. I'm not sure if that's what is intended with this option, however my interpretation is that it should be playing similar music styles. If I wanted to listen to new releases, I would just go to my release radar.",2025-06-10 00:05:52,70,scraped,94
play_store,d5705a97-24f8-4e7c-b13d-9f278041c819,3.0,,"I've had Spotify premium for years. It's great to be able to select specific songs and listen without ads and they do have a really wide selection. I used to love their recs but the algorithms suck now. Harder to find new music bc they just keep pushing the same old. I also wish they would bring back the curated running playlist mix (your likes, mixed, w specific bpm).",2025-04-15 00:46:03,181,scraped,69
play_store,b952596a-8ce9-4ff8-87c3-11ef7e734a21,1.0,,"Doesn't play well with Google Pixel 8. Stops connecting to my cars Bluetooth until I restart my phone (won't play any audio). Music stutters while playing. ""Upstream request"" timeouts when I try to access their website. Player won't work on desktop. Wrapped won't play. I restart the app. I install updates. I check settings. I try different browsers. Terrible user experience with Spotify this year. [Edit] I appreciate the response. I have tried reinstalling. I can't reach your site, but will try",2024-12-16 01:15:07,177,scraped,82
play_store,8ae1b45f-58ab-428c-8c2b-b1a1cbee28ad,2.0,,"I've been loyal to Spotify for over a decade. But it is not the same platform it used to be. It is impossible to discover small artists. My recommendations are clogged with popular sponsored artists, even ones I've BLOCKED. All the cool features and staff curated playlists are soulless AI garbage now that Spotify has laid off hundreds of employees. Adding songs to a playlist (my favorite feature) frequently crashes my phone. Premium rates rise. If I find a good alternative, I will switch.",2025-01-22 20:13:52,153,scraped,84
play_store,72fe1c23-ebeb-4283-a1da-b7ef48afa38d,3.0,,"The shuffle doesn't really shuffle your music, it just plays the songs you've been listening to recently. The discover weekly sucks, its not at all tailored to my taste, it NEVER has the genres I listen to and ive only found a handfull of songs I actually like from it. The offline option is very iffy, sometimes it'll load but a lot of times it won't and tell me I'm offline. Well duh, thats why I'm in offline mode!! I like this app but would love it if things were improved.",2024-09-03 11:48:20,69,scraped,91
play_store,07cc341f-a477-4189-a672-ae995751a767,2.0,,Updated review after TRYING to listen to audio books. you get 15 hours even with premium and have to pay a ridiculous amount of 13$ per 10hours. I took that 13$ to audible and finished the book I was listening to and got even better deals to continue the series. I spent 6 dollars for the 2nd book in the series that was over 20hrs long. I would have paid 4 times that to listen to it on spotify. I suggest either update the business model or get rid of it completely before you lose business.,2025-04-20 07:32:29,151,scraped,96
play_store,3c7293a8-df70-4448-8748-56621a966ded,1.0,,"App isn't great. Bad UI, glitchy additions of songs to playlists, discrepancies between data of the web client and mobile, and often recommends music I dislike in service to some unknowable algorithm. The ceo investing in the military industrial complex's use of ai makes me plan on dropping it entirely. Spotify's main draw is its collection, which I'm sure will migrate elsewhere at some point",2025-07-19 04:22:31,462,scraped,65
play_store,7c2737b8-ec4f-429f-89e2-ed633c7ca4c9,2.0,,"I just got a new device because my last one has been having issues. same brand, same style device, same Spotify account aswell. On my previous device I was able to skip without having to worry about ANY limits, and I could pick the song I wanted to listen to but now? six skips per hour, can't pick the song I want to listen to. I've been getting recommended songs that are not on my playlist and I can't fix it without installing the app. Just admit it's only about the money.",2026-06-03 02:46:22,5,scraped,92
play_store,684be472-1934-47b1-a880-4b0286263abe,2.0,,"I would give more star but I have a past with the app. I remember what it used to be and loved it then. This app makes it almost impossible to enjoy your music because of the ads. If I dont want to pay way to much to get premium then I have to sit through 4 minute long ads while listening to a playlist. I cant repeat my song when listening on here because it plays even more ads then if I just listened to a playlist. I use music as a creative so focus, to create and to feel things. I cant do that",2026-05-31 00:25:25,7,scraped,106
play_store,dfdb492f-0ac9-4467-bc6d-e33e51e33850,3.0,,"The app is pretty good, there's a lot of options, whether it's songs, audiobooks(either bought or with premium), or even videos. I think it has pretty much all songs that people world search for(my personal opinion). The only big issue is the free version of the app. The amount of ads that show, the fact that you can't download songs for offline access, you can't put other songs in the queue, you can't repeat songs, you can't restart songs, you can't go back to the song before, and much more.",2026-06-10 12:08:51,2,scraped,90
play_store,01f7978e-52cb-46b6-b531-295d2adfd58d,4.0,,"Spotify is my go-to for listening to music and podcasts because I love the playlist features and how easy it is to curate, and the amount of control you have over audio settings (mono audio, equalizer, volume control, etc). That being said, I *am* a premium user because the free version is borderline unusable. Entirely too many ads, it's like listening to the radio. I also wish you could comment on playlists",2026-06-07 08:25:09,0,scraped,72
play_store,ad80fd2d-59f4-4bb7-9047-9920c0e83ca4,1.0,,"Used to be an amazing music app. Best one I had. Then like most other companies, they got money hungry. They expect you to listen to FIVE ads in a row. Who in their right minds downloads a music app to listen to more ads than music. It's actually out of control. 2nd problem is when you have your OWN playlist specifically crafted to your taste, they want to throw in ""suggested"" songs that are not even the same genre and you only have six skips so it's too bad if you don't like it right Spotify?",2026-06-11 08:14:52,1,scraped,97
play_store,e0aa563c-7180-49a9-af4e-24dfafe34d1f,1.0,,"constant skipping. I am so sick of feeling like a 90s kid running with a discman with how often music skips. its been an issue for a long time and they don't seem to care. update: tried to reinstall. still happens. now my issue is that homepage is so full of stuff I dont care about, I cant even find a way to find new music. I used to love the recommendations based on what I listened to, now Spotify is trying to do everything and none of it they are doing well. maybe YouTube music is better.",2026-06-13 01:42:30,3,scraped,98
play_store,c38630ee-6786-4bac-b2ac-d5c3aa6e3285,3.0,,"I honestly can't remember how long I've had this app. maybe like 7 years now? it seems like the last few years though the price has increased. I love my music but in this economy I can only pay so much for music before I bust out my iPod and radio. if prices keep increasing I'll have to cancel. also for the price, why did the small widget have to go? I don't want no huge widget on my screen, the thing literally takes half the screen. I might as well be in the app. also some songs just disappear.",2026-06-12 03:29:53,4,scraped,100
play_store,bb4948b5-d714-4857-b789-2d5554ff5b3c,3.0,,"Very good with premium, but terrible with the free version. Practically useless if you don't pay them every month. With premium, however, it is about the best music app available. The free version just contains a TON of advertisements and only allows you 6 skips an hour, whilst also recommending you songs, so if you get a random song you dislike, you can't skip it. The rating fluctuates depending on whether or not you have premium. I understand the 6 skips, but the recommended songs? Too far.",2026-06-14 04:39:37,1,scraped,87
play_store,4862c3ce-1bf8-4033-ad42-bb58e19f9064,5.0,,"hi, I just want to write and say how much I love Spotify and I am amazed how much Spotify has evolved in the 12 years I've been a subscriber. Releasing The TOP 100 Songs the other week was incredibly profound and I spent a lot of time thinking about where I was at in my life when I was listening to songs on repeat. I hope someone reads this and knows where Im coming from. this app is amazing. the lyrics! omg, what an amazing feature. and linking events?! amazing. thanks",2026-06-06 00:22:52,4,scraped,92
play_store,3bb03ce2-6d1b-4da5-9c9d-1480f49e44f7,5.0,,"Spotify has become the soundtrack to my life. Whether I'm cooking, road tripping, cleaning, writing, or having a full-blown existential crisis in the shower, Spotify always seems to know exactly what song I need. The playlists are fantastic, discovering new music is effortless, and being able to switch from Thomas Bergersen to Falling in Reverse to 80s rock without judgment is a beautiful thing. Worth every penny.",2026-06-05 03:01:41,3,scraped,67
play_store,44ba1b50-560d-4bdd-a7bd-7eb376a2976b,3.0,,"Overall I like the app now that I am on premium. If the price raises any more I'll go back to radio though. They have most of the songs I like, but there is a growing library of of music I cannot listen to anymore. The new widget is also very limited. the old widget would allow me to activate an auto-generated Playlist then mark the songs I liked. the new widget still plays the Playlist but I have to open the app to mark the songs I like.",2026-06-15 22:53:19,1,scraped,89
play_store,1fc2f415-6556-47e2-b92a-2617caef46b9,2.0,,"The new update is broken. It initially wouldn't fully complete the update, so I uninstalled and reinstalled as suggested and now I'm just getting ""Something went wrong. Check your connection."" My connection is fine. I've uninstalled multiple times, restarted device, clear cache, etc and nothing works. There's no point in paying for premium if I cant even open the app 🤷‍♀️",2026-06-16 06:51:24,1,scraped,61
play_store,cbf8f967-fdda-4f91-9355-4f410fe56d68,2.0,,"The service spotify provides isn't bad, but the efforts of the company to constantly update it have only made it worse. I pay for this app to listen to what I want, not to listen to paid for suggestions and generated playlists. There's no random shuffle because the app needs to feed you music from labels that pay, so obscure music gets shafted for whatever spotify thinks you want when you listen to long playlists. It'd be nice to listen without algorithms choosing for me, I never asked for that.",2026-06-10 22:05:11,2,scraped,90
play_store,a4bec95b-c295-434e-b21e-5e73fc610ce5,4.0,,"Ok everyone knows Spotify is great so I'll just mention what could be better: 1. My daily mixes are too similar to each other, and there's too much music style diversity inside each mix. Would be better to have more narrow-scoped mixes. 2. The app performance is mediocre, specially taking into account how basic it is. It's unreal that a music player can get slow in a modern-day device with gigabytes of RAM and a processor that a decade ago would be for computers and not phones.",2026-06-06 11:09:00,6,scraped,87
play_store,d6bf91fd-bd02-4f1c-b59d-082bcaf5d10d,2.0,,"The layout is not consistent/intuitive with the PC version. I don't know how to find my daily mixes. seems like they're scattered across the app randomly. headings and sections seem to change every day. the lyrics panel minimizing on every new song is frustrating. I'd like to not need to interact with my phone on each song so I can see the lyrics. when in Android Auto, the audio skips and stutters, and the only fix is to unplug and re-plug-in my phone, and that only sometimes works.",2026-06-06 00:35:17,2,scraped,88
play_store,d1adf43f-df3c-4f22-ae99-f0df35a76c97,3.0,,"it's pretty decent on pc but on mobile it just straight up sucks. I can't listen to albums in order without paying, I can't loop my damn playlists without Spotify adding songs I did not put in there, and the shuffling algorithm sucks. you have no idea how many times I had the same artist played back to back to back in a big playlists with over 1k and hearings songs that I JUST added. edit: I am NOT wasting more money just to listen to my favorite songs. I hate how greedy it is",2026-06-15 06:33:57,3,scraped,95
play_store,1f1074c2-8941-4282-bf9c-c209c426d762,1.0,,"this app is absolutely terrible, though they give you a temporary time to have a bit freedom which is just picking music only. I get 4 ads and once I'm done I switch to a new song and get another stupid ad. wanna fast forward music to the part u like, wanna skip 3-5 unskippable ads that are 15-30 seconds each, wanna choose which song to listen from ur playlist, wanna be able to repeat ur music automatically, wanna have ur songs play in order, well too bad u can't, u gotta be a premium person.",2026-06-15 23:46:21,4,scraped,96
play_store,5d53f832-fa53-4161-ae17-e28214d49ed7,2.0,,"Super SLOW interface!! The app is OK, the music is good. But, grief, it takes ages to load things. Try and add a song to additional playlists—you'll wait at least 15-30 seconds for that to open. Truly awful user experience. UPDATE: Reinstalled, as recommended, and it's still super slow. Every app action is sluggish and delayed. Like a song? Wait 15 seconds or more till the UI registers that. Also, sometimes it now won't pause (button changes, music keeps playing) and has to be force stopped.",2026-06-16 07:59:17,0,scraped,86
play_store,b45e0d03-033e-4e74-aee4-735e1940b5b3,4.0,,"Love Spotify. Love the layout, the Playlist, the radio algorithm for songs way better than ""the other guys"". Only thing you lost a star for is for the payouts. Why isn't the payout system the same? Shouldn't make the payouts unequal because someone lives in another country. I really should bump it down to 3 stars for that. But I have faith you will work on this...",2026-06-04 23:20:46,2,scraped,67
play_store,acf07f9a-0234-4dd7-a4a9-ae5432e6b285,2.0,,This app has been so difficult to use over the past year. recently it crashes multiple times throughout the day or pauses. Functionality has dropped significantly on the app. There are poor recommendations for next songs when you're listening to music. When you're listening to a podcast it doesn't innately go to the next episode but it goes to the previous episode. A lot of tweeking is needed to fix the app. Sometimes It feels very difficult when trying to navigate to specific parts of the app,2026-06-06 00:50:53,0,scraped,87
play_store,b3828f96-cff7-485d-a5ef-eeb7dd6298d4,1.0,,"If my phone is set to battery saving mode, Spotify will take its sweet time connecting to the internet. They keep raising the prices and the quality just keeps getting worse. Ai generated slop floods every genre, Spotify happily recomends this tripe. Even if you have premium, Spotify shoves ads down your throat when listening to podcasts. They also boast a long list of audio books ""included in premium"" but only give you a set amount of hours a month to listen.",2026-06-10 22:40:46,1,scraped,82
play_store,c233829d-3981-4e87-bcc9-154c7fb89a2d,4.0,,"while it does kind of suck to not have premium, its honestly a good app to me. the ads aren't THAT frequent, and I personally like being able to search up a playlist made by someone else and don't hafta do it myself. It's great for the people who just want to listen to maybe a fiction-kin or character based playlist, also perfect for finding new songs to like.",2026-06-14 09:01:42,0,scraped,69
play_store,e641bf50-2fed-45ce-955b-e498cfc92718,2.0,,"The music selection is great and that's pretty much it. I'm absolutely sick to death of podcasts and audiobooks. I just want music and Spotify has turned it's focus to other things, including garbage AI. The discover feed is pretty poor now, doesn't really find any more artists that you'd like that are similar but I see nothing but full screen ads for things I don't care about, and I pay you ad free Spotify. I'm definitely at the point where I will be looking at other apps that fit my needs bett",2026-06-11 06:08:12,40,scraped,93
play_store,e56978f6-f607-483f-a19d-a23a561eee83,2.0,,"Algorithm is repetitive, I have over 3,000 songs and they play the same 20 songs no matter if you switch it up. Drake just dropped an album, basically forcing me to listen to his music that's stored in my library, the last 3 weeks. They promote, individual listening experience but they really just promote and push whatever is popular.",2026-06-04 06:31:06,4,scraped,59
play_store,c8931ee3-2c29-4d68-af94-9dd9039587e1,2.0,,"I only use this because it's free. 3 Unskipable adds every 2 songs is pathetic. it's also great when I'm driving and it decides to start playing ""recommended"" songs instead of what's actually in my playlist, but I can't change the song because I'm in my car and then just have to listen to whatever's on the radio.",2026-06-04 06:32:15,2,scraped,58
play_store,e7aab266-d6d0-424c-8d0f-0b33d424951c,2.0,,"I love Spotify! it's just i can't go back a song,rewind, or go forward apparently? And a little much adds its just to much for the adds for Spotify. Please change that, that would be helpful. But the rest, spotify let me listen to all the music I wanted and gave me subjugation, I have lots of new songs on my Playlist because of the subjugation. Also it does not cost a dime... if your used to adds. I recommend this app just that there's probably going to be 5 adds wasting 3 minutes of your life.",2026-06-14 01:59:40,19,scraped,97
play_store,639cecd2-a623-4109-83c4-880be80bdc88,5.0,,"very easy to use, and I replied on Spotify to have all the new songs (they do!!) for years. I've tried other music platforms, but it isn't like Spotify. Things on here are easy to use/find, they do have ads, but it's a fair amount. I recommend Spotify for music, podcasts, and more! Also check out Kallmekris's podcast on here, I love her topics!",2026-06-09 00:40:54,1,scraped,64
play_store,ed91e801-1358-4d6f-93f3-a9cee3f6c815,3.0,,"Spotify overall is in my opinion better then most of the other music streaming services, but there are two things I cannot stand about Spotify. First thing is the shuffle is terrible beyond all reason, I feel like I hear the same songs every single day and have not found a way to fix this. Second is even with lossless now, the audio quality still lacks to others.",2026-06-08 03:35:29,0,scraped,68
play_store,8ced8231-5514-4439-8121-b79eb9b8051b,4.0,,"Been using Spotify for over a decade now. The prices have been increasing but nothing new except... Spotify wrapped which has been a thing for a while so it's not even new. The DJ is weird. My weekly discovery is sub par now. We still have to pay extra for audio books. We get free audio hours but only for the premium holder for the family package. A wild notion, honestly. It makes the premium look like it's not worth as much as it is now. Worth half as much at this point imo.",2026-06-09 08:07:39,1,scraped,94
play_store,16c1f589-5c78-449f-b908-68ff2d5a75a9,1.0,,"I literally get cringey Minecraft reaction videos recommended to me and something that a today's generation 8 year old would watch, like dude I just wanna vibe to Credence Plus, you can't even remove, rewind, fast forward songs had a horrible experience already, I deleted it. When you finish listening to a song, it plays another unintentionally, the song will suck, and more of it gets recommended sometimes, can't remove it from my history or tune the recommendations, I'm disappointed.",2026-06-02 02:07:50,3,scraped,80
play_store,db053c2c-0ee0-4d90-a9d3-b1b9249037dc,3.0,,"Had to uninstall and reinstall to fix a blank screen. If I check the play queue on a free account, the app now straight up lies about what's ahead and never actually returns to the original album or playlist. Otherwise: I can easily add playlists and access all the recommendations associated with my account, and Premium's offline option works well to save data. And I can rearrange the order of songs within a playlist! Unfortunately, no folder arrangement support. No ICE ads, please.",2026-06-01 04:24:51,13,scraped,83
play_store,e770132a-fda6-49c5-95f0-1b866065380e,1.0,,"very good quality music choices for premium, but every time I want to play a game, my music stops and Spotify decides to restart my entire song, it's just repetitive and I thought it was a 1 time thing, but it's an every day thing, it happens 2-3 times a day if I'm lucky Edit: it's happening at least 6 times a day now and 4 if I'm lucky, which I never am, pls fix your app",2026-06-16 00:06:47,1,scraped,77
play_store,278b34c3-4c76-4423-8350-5893b5994ec0,4.0,,"I'm reviewing just based on the free version, so please be aware, alright? Spotify is great for making Playlist and finding other music genres. almost every song you can think of, and it's just a great app all together (bonus points because on pc I have NEVER struggled to close the app) However, adds are a bit long, you're unable to loop songs on mobile, and music can go completely off topic sometimes. Great app all together, though! :)",2026-06-02 03:38:18,3,scraped,79
play_store,671be75a-b0dd-4c3e-8d4d-8ac6da7111bf,2.0,,"For song radios the algorithm they use seemingly suggests other songs I like or have listened to, but I'd rather it suggest songs more related to the song that started the playlist. This often causes it to drift more into my usual likes rather than songs related to the original. New widget they are pushing has less functionality at the same size as the old widget. Turns out they are forcing the new widget, which sucks cause for it to play, skip and go back it needs to be huge to work",2026-06-12 00:02:03,1,scraped,92
play_store,d7944fd2-26ed-4173-8de6-7177b061de8d,1.0,,"it's a great app I use it everyday but it claims it gives me ""30 minutes without adds"" but I listen to about 4 songs and I get an add, and after a while it makes me pay to continue to listen to music by the way it gives me 3 to 4 unskippable adds. update: even though I have good wifi sometimes the search bar doesn't even work, i am not paying for Spotify Premium i should just be able to listen to as much music as I want without it recommending songs from a Playlist",2026-06-04 09:41:32,1,scraped,97
play_store,f004207d-93b8-408c-87cd-64a410424943,5.0,,"I don't really like the free version, but if you use it wisely you can ignore the ads and use your 6 skips perfectly, along with the limited amount of songs to pick, they also give really good chances for premium, such as 3 months premium for free ($1.01) and more. Spotify is personally my favorite song app, I hate the ads, but I love the music, Spotify has almost every artist on here. Niche and not Niche. Spotify also includes a nice blend mode where you're music can transition smoothly.",2026-06-03 17:03:34,4,scraped,91
play_store,6fdbc6b4-bd17-4822-b55c-e0162baa4f5b,1.0,,"The app keeps glitching out. After about 2-3 days it will randomly get stuck on a song, and play ONLY that song on repeat. Want to enjoy your Playlist? No, one song. Want to look up a specific song and then have it play similar music? Nope, just that song. The only fix I have found is to uninstall and reinstall, sometimes more than once. Update: it now cannot go more than a day without getting stuck on a song. Why am I paying for what is effectively a CD with one track?",2026-06-15 22:39:41,1,scraped,93
play_store,1e8c2a49-80da-4674-ba9a-7b971c45a8ac,5.0,,"I'd pick Spotify over any other music app instantly, honestly. There are a lot of ads, though. It's very easy to navigate, and they have so many songs on there, that if you somehow can't find one on another app, it could possibly be on Spotify! I also listen to it during school, and it genuinely helps me get through the day. There are limited skips and it will choose recommended songs. However, I only listen to my liked songs, so I don't run into that problem.",2026-05-28 04:28:32,6,scraped,87
play_store,cdd5fd13-7d0c-47ad-9852-c7ab46cf0684,1.0,,"Enshittification shows itself strongly here. Albums now repeat, without any way to disable it. Which defeats the purpose of the artist's choices and reduces the impact of a good album. Shuffle, regardless of which setting you use, will pick favorites of the week, and if you have a playlist with 300 songs, you might only get to hear 50 without manually selecting a different one. They also made it so you can't block artists from suggestions anymore. all around awful service.",2026-05-20 20:04:47,7,scraped,81
play_store,68bfe1eb-a89a-4ee8-b076-15e9ae54aeb7,1.0,,"No matter if I switch to new playlists or switch to a podcast, whenever I go back to music I will get the same songs in the same queue order. Nothing I read online has helped. I spend so much time skipping songs I heard hours ago because the queue has reset. This has gone on for months. I will not recommend Spotify until this is fixed. Even the response tells me to do things I have tried. Your customer service team cannot help at all",2026-05-22 22:24:49,5,scraped,86
play_store,1163cd18-90d5-4bb4-924a-c263291a2cf9,5.0,,"* Ok ok I'll come back to premium next month, stop asking me! Love Spotify. First had it without ads, and it was near perfect. But the price is kind of high (13/mo sheesh) Now I have the free version and it's still pretty good. I can listen to all my playlists, though I can't choose the order of the songs or replay them. They don't always let you choose a song but often you can. The ads are frequent but shorter in duration than regular radio ads. overall, great source of music!",2026-05-21 10:45:43,15,scraped,93
play_store,72f48877-623b-4c5c-b8c1-3290a2807b7a,2.0,,Severe decline in quality over the past year. Been a user for the past 7 years? The Ai slop is incredibly annoying and not having the option to turn it off is frustrating. Besides that it's just a endless loop of the exact same songs. I try to search new things and it just plays the same songs over and over. I used to find new music I liked often now I'm lucky to hear anything but 1 genre. It used to be a music app now it just feels like another doomscrolling app.,2026-05-28 02:40:52,3,scraped,94
play_store,81ebd914-c41f-4f2e-b2b4-a9f8e3d1db20,4.0,,"Good selection, and lets you close your screen on free version so you can listen without, well, your screen unlocked. YouTube Music forces you to keep your screen unlocked on free. Pick this. Advertisements are no more frequent than on a radio station. Everything feels fair and the music is all there. Music recommendation is good, but imperfect, and not AS varied as I hoped.",2026-05-24 08:38:52,2,scraped,65
play_store,a77df7cf-14d4-43de-8419-75a1ee38de89,3.0,,I've had Spotify for years and think it's great but my god the algorithm is garbage and so is the shuffle. you will constantly get the same songs playing over and over again. Whenever they update the app it gets worse. There is no reason that should happen when my library has over 5000 songs. Same thing if you pick artist and song radio with music in the same genre. It constantly plays the same songs even under a different artist or song within that genre. Please fix. It is very annoying.,2026-05-27 22:59:47,2,scraped,92
play_store,d1cff250-7a8c-46cc-be87-939afb67edfa,3.0,,"Setting aside concerns with Spotify as a company, the app has gotten progressively worse over the last few years. It's slow to load, refuses to connect to internet unless it is closed and reopened, 50% of the time there's bugs while selecting a song to play, shuffle turns on randomly during playback, and the app chews through ram like it's bubblegum. At least folders are finally available on mobile my gosh that took years. (Looking for a method of listening that doesn't devalue music either)",2026-05-20 23:14:34,4,scraped,85
play_store,c2432055-8fd0-47f3-88c3-586a30ebda5c,1.0,,"my opinion of this app has changed so badly. aside from the small(ish) music selection, how often i get 5 (unskippale) ads in a row, the forced smart shuffle that queues awful songs, and the fact that it only recommends you songs that are trending on tiktok, you are no longer able to choose which song to play without premium. you're genuinely just better off downloading music to your phone. do not download spotify unless you have a million dollars to drop on a monthly subscription. insane.",2026-05-28 22:00:34,3,scraped,87
play_store,395bd263-7e4a-4057-8a41-76299a32acbb,4.0,,"I love Spotify 💕 it has all my music in one place & such a wide variety to be able to look for new music. I have premium & I honestly think it's worth it. That hulu/spotify college student deal is killer (I don't have it but I wish I did. I'd lose all my music & I don't wanna have to go through switching it to a new account a 3rd time) edit: ive been getting a bug where I'll listen to music, close the app, & when I start up again, the music is at the beginning of my first session",2026-05-29 05:23:43,6,scraped,103
play_store,55e528dd-c640-4c76-935f-2e167250f00c,2.0,,"It runs well, amazing selections large variety, this is the best online radio around! Update 5/28/26 I used to love using this app. I had fun making playlists and discovering music. But with the company skimping artists and forcing AI into every facet of use, it's time for me to move on. I didn't want to, but the app has become less and less usable as more useless features are added. Ever since Spotify went full AI, the app has been slower and buggier. Shame to see a good app go bad.",2026-05-29 05:40:47,4,scraped,92
play_store,074b038b-cea1-4f1d-b4a2-34f524f71f7d,5.0,,"absolutely no complaints whatsoever. But I do have a suggestion on a function you guys could add if you could ever update. Can you guys make it so that way you can more easily control the songs on your playlist? Like. set specific parts that you want to play instead of having to skip through a song to get to the part you like. Or, having to skip the first 20 seconds because the song has a long start up. You get what I mean?",2026-05-31 05:02:23,3,scraped,85
play_store,225538f5-b4a1-40ad-aa26-c75f14a61345,4.0,,"It's a nice app for individuals who are penniless, as they can listen to their playlist even without a subscription. Though that comes with a few minutes of ads, it's worth it. Also, there's a twist: you get introduced to new music that is similar to what you like. Along with this, there is diversity in the music arrangement, which is applied to all playlists. Overall, it's a nice music app with its own unique twist.",2026-05-23 23:31:28,2,scraped,76
play_store,47f9aaa9-074f-43c5-8cc6-b7548a341d24,1.0,,"Premium with download playlists does not function properly offline. Typically Spotify has been my favorite streaming service due to cross device connections and the offline lyrics. Currently I can see how many songs are in the playlist offline, but the titles and album art never load until a connection is established. I can play downloaded songs that are already in queue but because Spotify removes already played songs from the queue, not a good option to browse 1400 songs. If not fixed YT wins.",2026-05-28 01:20:51,1,scraped,84
play_store,781a42cf-4c90-4226-bac5-aae798decfc7,1.0,,"I have never used this app for music, I use it exclusively for podcasts. I have the settings configured so that it doesn't automatically start playing, doesn't blend to the next track, all those things. yet, once a week or so, this app starts playing music. also, frequently but randomly, the playback speed of a podcast changes from my setting back to 1x. sometimes in the middle of a podcast. I realize that I get what I pay for but where's the incentive to upgrade when the free one's broken?",2026-04-01 01:56:16,17,scraped,90
play_store,0e911a7e-bb7b-4dfe-9e15-934448c98fca,1.0,,"The free version of Spotify is garbage. It won't let you play songs in order. If I want to listen to an album, it doesn't play it in order and will even go out of its way to play songs that aren't even on the album or by the same artist. And the ads are the worst. Overrated app. I would honestly suggest YouTube Music if you want a good music app. It gives you the option to shuffle or play in order, you can actually skip the ads, and it's overall just more user-friendly.",2026-05-03 21:48:50,7,scraped,95
play_store,1db2e976-7393-49c7-bbd4-c1e8a9301133,3.0,,"It's good, but here are my issues. The ads. If you have a song on repeat once, you get an ad. I can't even listen to 30 minutes of music. Paying is overpriced anyway. The other thing is that I can't search up a certain song without it becoming a cover, or if it's what I actually wanted it's unavailable after a day and it turns into a cover song. Sometimes I don't want to go on YouTube for it. And the fact if you don't have premium, on mobile your stuff is automatically on shuffle. Hate that.",2026-04-26 21:41:01,16,scraped,98
play_store,a15f62d9-05fe-4402-8492-bcef87af8d70,1.0,,"We've gone from 5 stars, to 2 stars, to 1 star. Been a premium member for well over 10 years. The app constantly puts me offline no matter if I'm on wifi or 5G highspeeds. Deletes all my downloads. Randomly stops playing music and will just start playing something else. The queue doesn't work half the time. Auto generated playlists are random stuff I don't listen to, and my ""on repeat"" is sometimes stuff I don't listen to. It's too expensive for it to be so bad.",2026-04-23 01:07:58,7,scraped,87
play_store,5c03b7c6-591d-49a0-bf0c-0b3dc305e928,1.0,,"Too much visual clutter on the homepage. When I open the app, I just want to see my main playlists and easily scroll through my library. Instead I encounter pop-ups for music, podcasts, events, and announcements I don't really care for. An AI bar I don't want to use. Suggestions I don't want. Audiobooks when I never use that feature. Save all the extra stuff for the web version please or separate it into a ""Recommendations"" tab that uses the vital space the ""Create"" tab occupies. It's too much!",2026-04-28 02:49:53,64,scraped,89
play_store,cc7d7fcb-f533-420d-ac00-050731b96d8f,1.0,,"Idk how or why Spotify has become so goddamn slow. It takes forever to search and load anything. It won't let me add songs to my playlists half the time. Constant audio issues as well. THIS is the biggest music streaming platform out there. How is this happening? I also miss the ""what's new"" section as well. I went from being on top of new music to being in the dark half the time. Fix it, and get rid of the abundance of AI gimmick playlists plaguing my home screen.",2026-05-12 09:42:45,10,scraped,90
play_store,87f431a8-0d8e-48f7-997e-6f3f8f5fe102,2.0,,"Spotify always tells me I am offline, and I have to clear the app from my recently used apps 1-3 times. Then it will say I am back online. When I click the buttons to choose what genre I want to listen to, it rarely stays on that genre and lately, isnt even working at all. I again have to reload the app 1-5 times just to get it to work. It is becoming more frustrating lately than it was before.",2026-04-29 23:11:05,5,scraped,81
play_store,98955bae-8449-42e3-9571-253c986fe96f,4.0,,"It is really good. I've been using Spotify for over 10 years. However, I have become very disappointed with the shuffle function. Although I have a couple hundred songs in some of my play lists, Spotify keeps playing the same songs when on shuffle. Further even when I select alphabetical, the next time it changes and becomes repetitive again. This is VERY aggravating!!!! It has been another year or so, but still no change. They have added cool features but not fixed this problem.",2026-03-28 04:01:31,12,scraped,84
play_store,7edfbd61-17fb-4c9d-8b6f-bef7abb341ac,1.0,,"This is amazing; If you use the paid version. Premium is amazing and allows for great song recommendations. The free version though is where this app fails. Regarding Spotify's terrible CEO and their weird spending choices, the free version seems to try it's best to push you to premium. The ads are awful. You literally can 't go one song without an ad playing. I get it Spotify; I don't have the paid version. I give this app one star. 1/5 [Spotify]",2026-05-16 00:43:54,3,scraped,82
play_store,3f729df3-796c-4fe0-aabc-085fe2852e83,1.0,,"More expensive but not better. I liked the way it used to work. If you're playing a playlist and then pause it. It resets the playlist or something. I keep listening to the same songs because it doesn't know how to keep your spot on a playlist anymore. Edit to change to 1 star. I loved this app. I recommended it to everyone. Now the app is trash, trash, garbage, trash. Plays random playlists. randomly shuts off. I just transferred my playlists to YT, because f this. SPOTIFY is not Real.",2026-05-19 20:12:33,5,scraped,91
play_store,94dde752-d218-4e16-97d9-506b92d63554,1.0,,Most money hungry app I've ever used in my entire life. Basic features are locked behind a monthly subscription. Playing the song you CHOSE is locked behind premium because they recommend you slop you don't want to hear and you have to use your LIMITED amount of skips in order to listen to the song you want l. Playlist you create are invaded by reccemended songs that you never wanted in the first place. Listening app but you can't even listen to the song you want to,2026-05-17 08:38:25,2,scraped,87
play_store,1478bc10-079f-4675-9495-49b344383ff6,5.0,,"A very good app. Say goodbye, YouTube music! I can finally freely create my own mix! The only part I don't really like is that there can only be 1 e-mail per account. You can't sign in to multiple accounts with 1 e-mail. I know it's security, but still a bit annoying. Other than that, a really good app. The adds aren't that bad either. Their short so it won't take forever like YouTube. Good app, just stop making my algorithm only the creators I selected lol.",2026-04-06 21:42:47,22,scraped,87
play_store,4216ca9f-301f-4d54-9b0f-ab04e89be29d,3.0,,"I would advice you to stay away from this app if you plan on not getting its premium service. All the its features are awsome but most are blocked behind a paywall. as a free user you only get 6 skips, and you are not able to chose the song you want to listen to after awhile, with it prompting you to get the premium subscription, it also makes you listen to its recommended songs. I would recommend using youtube music, its only problem is its frequency of ads, and you have be in the app to work",2026-05-18 13:57:12,2,scraped,98
play_store,f31714cb-83ec-40b9-af50-509db9953bb0,2.0,,"Ive been using this app for 6 years. I have always loved Spotify. its always been my go to, that being said. the last few months it has gone insanely downhill. CONSTANT ads, im getting 3 to 5 ads every 2 songs on the free tier. 6 skips per hour and can only choose a hand full of songs each day. the free tier is a miserable experience. its amazing on premium but the free is horrid. Spotify has grown to be a very very greedy company. DO NOT RECOMMEND!!",2026-04-13 10:01:21,12,scraped,90
play_store,45e285cb-5731-4866-b91d-d316d5727b8f,3.0,,"listen, I would say that the ads aren't annoying because they aren't constant like some other apps, it's the limitations that I hate. only long screen devices like tablets can get access to many things like repeat,shuffle,etc but for phones it limited and we can't even play a entire playlist. no I don't want recommendations I want my playlist also apparently there's a limit on what you can listen too (for your choice) this segregation all over again. DO BETTER SPOTIFY !",2026-05-12 08:12:34,9,scraped,82
play_store,b368ace8-7bfe-4147-9d7b-25bad3fe5444,3.0,,"The shuffle feature is absolutely broken. I have a larg playlist with over 600 songs in it that I shuffle and listen to all the time. However, I rarely hear a majority of those songs because it repeatedly loops the same 100 songs or so. It's incredibly irritating, especially since I enjoy listening to a playlist all the way through before moving on to another.",2026-05-07 22:19:28,4,scraped,65
play_store,cb132053-6d56-4b0f-92b2-4d54ccbe00a3,1.0,,"Getting more expensive over time. Recommends songs you've already 'hidden'. Doesn't actually shuffle your liked or playlists, and when you try to share them, it closes itself. Recommends music from playlists you marked to exclude from your 'taste profile'. Only good thing about Spotify is the playlist functionality. Only reason I'm still using it is because it's the better option of the rest of the terrible streaming services...",2026-04-16 00:54:16,6,scraped,68
play_store,53a2685e-ea02-4dcd-94bb-e9612517d213,1.0,,"Getting worse and worse every day. Same issues on my phone, iPad, and PC for over a month. The shuffle feature refuses to work for my downloaded playlists. The queue never shows up, and when it does and I remove songs from my queue, they show back up in my queue back to back. If I start a playlist by picking a song, it'll repeat that one song after every three songs that play. If none of these occur, the shuffle still plays songs from the same artist and album back to back on large playlists.",2026-05-14 20:26:17,3,scraped,96
play_store,5c2c3364-8827-4fd9-a44b-3020055c82e9,5.0,,"I love the app so much and it is better than apple music or any other music apps you can think of! I don't use premium and I still have so much to use. If you are 13 it will restrict songs, videos or podcasts with explicit content. Once you hit a certain age it will give you access to more mature songs. It makes Playlists for you based on what you listen to daily or anytime. Overall the best app for music 10/10 would recommend!!!",2026-04-23 07:23:08,6,scraped,86
play_store,cbc45763-850f-4dbd-9b39-2f92ebbb6279,2.0,,"If you have spotify premium, it's the best. Without premium, it's the worst. They state that an ad should be given around every 15 minutes but after 2 songs (7 minutes), I receive an ad that can last from 45 seconds to 3-4 ads lasting 2 minutes long. Plus, with the podcasts, they recommend so many and it is impossible to turn off that setting. It is a frustrating app that forces you to pay 13€/month for premium to remove all the annoying bits. A hassle",2026-05-07 10:48:36,3,scraped,86
play_store,b266ae40-1a6f-4445-9677-ef608fd96ccc,1.0,,"It used to be good. Now it's just repetitive. I have about 600 songs saved and when I play my favorites I get the same 50 songs over and over again. In a 40 minute drive from work I have to skip at least 30-40 songs because I heard them on the way to work and the way home the day before and the way to work the day before, etc. update: Uninstalled the app and re-installed. this fixed the problem for 3 months. It i shouldn't have to keep doing this",2026-04-08 19:26:42,5,scraped,92
play_store,f622fc88-73a9-4593-ac48-2e984b3ce3b3,4.0,,"Best app for music and podcasts i own. I highly recommend getting this app for yourself! The selection of songs seems endless. The only problem is have is whenever I try to listen to smaller Playlists, after a while it will play songs that arent even related to the music I listen to and it drives me insane.",2026-05-25 15:29:56,2,scraped,58
play_store,bdbcedca-ecd0-4c37-bb48-c7d0537b6f95,3.0,,"subscription is definitely worth it. some of the features within premium are too expensive to run to not have a subscription now that they are using AI, among other features that help with the premium benefits. the subscription price is a bit high, but I've been using Spotify since high school (2014 grad). only other thing than above is that I wish that we had more control over our smart shuffle algorithm. They also desperately need to monetize AI artists.",2026-05-31 19:01:08,5,scraped,80
play_store,cb707b5d-0a96-4123-adab-e9385c03ecb8,5.0,,"I would recommend Spotify to everyone. I pay for the service for no interruptions. It offers me to place my favorites in a folder, so I can play it all day long and never want to skip a song I dislike. I love the feature of adding one song into the folder and not the entire album. Being able to download so they will play offline is incredible. There are so many genres available, that my favorite playlist is very eclectic. The price for the no interruptions is well worth it.",2026-05-26 04:28:52,4,scraped,91
play_store,7abe340b-2131-4da3-9ce4-1854688c7339,4.0,,"Okay, I use Spotify EVERY day. I don't know a day I don't use it. I love music and the app is fantastic as a whole. I only have 2 issuse: 1.) It's difficult to enjoy music when it's interrupted by annoying, repetitive, irrelevant ads, and the length is much longer than 30 seconds. 2.) The concept of premium, while it isn't a complete absurd thing I think the pricing is outrageous and the things that are restricted when you don't have premium is crazy.",2026-04-04 06:37:45,18,scraped,85
play_store,6b42b2d6-5e1a-4eca-bf45-f679b21f3077,4.0,,"It appears as if some people have forgotten beggars can't be choosers. If you really wanted a good ""free"" experience you would have done some digging and it wouldn't have led you to using Spotify free tier. Spotify is still one of the better ways to discover new music. Lossless is great if you have the hardware.",2026-06-12 06:30:32,1,scraped,57
play_store,765836e7-415d-40ac-bf8d-cb068787d98a,2.0,,"There really needs to be a ""not interested"" button on ENTIRE podcasts, not just individual episodes. Really don't appreciate things I don't care for being shoved into my face. Isn't an algorithm supposed to show you more things you might actually be interested in so you spend more time on it? I'm moving my podcast listening elsewhere to someplace that actually gives me more control of my feed. Spotify's current controls aren't sufficient.",2026-04-09 23:49:37,10,scraped,73
play_store,9afb5135-6f28-4309-8b7c-1b553078c41e,5.0,,"I've had Spotify since sixth grade. I am now a sophomore in college. I've never once had issues with it. I absolutely love Spotify Premium. I love the fact that I can collaborate with friends on Playlists. I would recommend this app. A pro tip, if you do not like the ad you are listening to, and can't afford premium, you can ask it not to show up again, and you'll get a different one the next time. Happy listening!",2026-05-20 08:54:43,0,scraped,80
play_store,ef2e7926-a9a3-428c-9fef-2d9fafa076d6,1.0,,"the shuffle on this app is absolute garbage and the app randomly decides it is offline whenever you are trying to look up a song. this app needs serious work - I am not a fan of apple music, but anything is better than the horrible algorithm we've had through Spotify. trying to find new music is not even an option since it continuously shuffles between the same 50 songs.",2026-06-11 02:56:24,0,scraped,70
play_store,6e277542-1a51-498b-8722-cf9b4e2afa89,1.0,,"At first, I enjoyed it before this current update. But now, it's getting greedy and unenjoyable. We have to pay for Spotify premium for basic interactions like choosing songs to play, I thought WE are the ones choosing the songs?? why is it suddenly limited? And to skip songs? It's just absurd to me and alot of listeners. And the ads are increasing, It's disturbing our listening experience. I suggest remove the limitations and decrease the ads.",2026-04-09 15:59:01,30,scraped,77
play_store,69eb79b6-17c8-4571-916e-2331facb48f1,2.0,,"Honestly, Spotify has changed so much in the last couple years 😭 It really doesnt feel the same anymore. Since when did we only get 6 skips an hour? And why are songs permanently stuck on shuffle now? The only time we can actually play a song I want is after watching an ad 😭I dont need robots recommending music for me 24/7 sometimes I just want to listen to the songs I picked. I cant even properly make playlists anymore like before. Old Spotify was SO MUCH BETTER🙏🏽😕 please bring it back😭",2026-05-29 03:24:39,1,scraped,93
play_store,3655e891-6744-46e3-9626-4a8501db06c7,1.0,,It seems like you wanna burn my skips sometimes. I have over a thousand songs on my playlist and I somehow manage to get these rows of songs that I have to be in a certain mood for to want to hear. I also don't understand the point of putting the little radio button on the mini player RIGHT NEXT TO THE SKIP BUTTON!! IT'S CRAZY MAKING!!! ABSOLUTELY CRAZY MAKING!!!,2026-04-28 00:22:52,5,scraped,70
play_store,63b70520-86d0-4ff8-a8e0-00812470e508,1.0,,"I pay for premium fully and suddenly I wasn't allowed to change my own queue. it only lets me add and remove songs from the queue if I do something very specific and I wasn't allowed to organize what was already there. it just kept telling me to explore premium even though I already had it. I have paid for premium for years and this has never happened before. I sure hope this is just a bug, because if it isn't I am unsubscribing from premium and never coming back.",2026-05-09 14:10:12,1,scraped,90
play_store,ea89d467-9529-416b-9b9e-67fc86a946e0,1.0,,"On the home screen tab of the app, there is already a grid of 8 things that you've recently played. Which is helpful sometimes but they get replaced by other playlists. I wish they were recommendations based on the time of day or on recently played or the type of music you've recently been listening to or your birthday. I wish we could also pin a song, playlist, album, podcast if we would rather have that take up a space, rather than the suggestions.",2026-05-19 00:41:35,5,scraped,84
play_store,9830ca1b-cc85-4ed2-8c51-7f8e3e740581,1.0,,"For the constantly increasing cost of the subscription, I would expect the quality of the service to follow in the upward direction. On the contrary, I keep running into technical issues of app crashes and the jams feature turning itself back on after I disable it. The shuffle feature seems to repeat the same 20 or so songs on a playlist of over 1000 songs. Spotify arbitrarily removed music from an artist who has confirmed that spotify did this. Spotify has severely declined in quality.",2026-06-04 02:52:22,28,scraped,85
play_store,488b8df3-1261-4539-ad5c-50c99b3274c4,2.0,,"When the app works, it's great! However, the Chevrolet infotainment interface is horrible! There are constant issue while in my vehicle. For the past month, the Spotify home screen has said, ""Nothing found. Sorry, we can't find what you are looking for."" so I can't get to my library, Playlist, recents, or browse without pulling out my phone. it kind of defeats the purpose of having the app in the infotainment system.",2026-06-05 21:29:02,0,scraped,72
play_store,f83ccc47-5e08-4104-bd0b-040cf231336a,1.0,,"would be an easy 5 stars if Spotify actually knew how to shuffle. Instead Spotify takes my 90 hour Playlist and shuffles about 6 hours of it, and then just repeats it. This is an issue that has been on their forums for years and they decide to do nothing about it. Only reason I use it is because ot syncs to my watch (garmin). shuffle just keeps showing how bad it is, but don't worry, they updated the widget which took away the ability to skip or replay songs, but hey...NEW!",2026-06-12 17:46:04,0,scraped,92
play_store,72195e0d-6789-4da9-8e03-319ef02f3ef3,1.0,,"I've been using Spotify since it's beta, but this is the first time in nearly 2 decades that it's basically not useable. Most of my Playlists don't load. The shuffle constantly gets stuck, repeating the same songs, among numerous other issues. Stop bloating this service, it's getting worse by the month.",2026-06-02 21:10:49,0,scraped,51
play_store,c3fbc9db-8e5e-43e3-bd55-c98a735bad21,5.0,,"Spotify over Pandora. And 100% worth buying a subscription. If you truly are a music fan, Spotify is the way to go. If you just want whatever popular music to play on random, and often get weird ""similar"" music recommendations, Pandora is for you. How is AC/DC recommend after listening to Electric Wizard? I guess if it's generally labeled as ""rock""...I guess? With Spotify, recommendations actually make sense, and it's easy to use. Making playlists is easy and convenient. & tons of obscure music!",2026-06-06 18:54:08,0,scraped,84
play_store,bc5c2f9c-4e78-457f-91e6-896a63f80034,2.0,,"App has god awful glitch where the repeated button gets stuck to on with NO WAY of turning it off. I have logged out, deleted the app, restarted my phone, disconnected from wifi and NOTHING WORKS. Are you telling me with the amount of money Spotify makes, they can't find a way to fix a bug that has apparently existed for THREE YEARS now??? This has to be a joke",2026-06-14 22:12:54,0,scraped,70
play_store,7b5ebaf6-8a34-4b91-a906-cb38ab1916f2,1.0,,"Horrible irrelevant convoluted GUI. In the playlist/queue you can only scroll forward, you can't scroll up, can't see songs already played or go back to replay them without pushing the back button a million times. When I search for a song, Spotify gives me a list showing the same song over and over and over again. Would also be very nice to see original release year and album title of songs both in the now playing screen and when searching. Can't delete history!",2026-04-22 08:31:06,3,scraped,83
play_store,2cd8b591-b27d-43bf-bf83-ce98dc0cb020,1.0,,"every time I connect to a Bluetooth device and hit play (I've got it set to shuffle not smart shuffle) it starts with the same song. and then it randomly pauses after a few songs and when you hit play again it plays the same song it started out with. it has picked one song on that Playlist to play every time it's started. I've deleted the cache, updated, restarted the device, ect... and it doesn't matter what Bluetooth device I'm using because it does the same thing with all of them.",2026-05-31 05:39:30,1,scraped,92
play_store,5aef5d77-8939-47b9-b66e-1eefe6c0d3f2,3.0,,"Not bad, but could better. I love how convientant Spotify is, but I dislike how hard it is to find new, unknown music. Like, when I click the ""Radio"" option, I still get alot of songs I already have saved in that mix, and when I search for new music and scroll down the list, songs just start repeating... I want to view ALL music on Spotify, not just what Spotify decides to show me based on whatever factors. I feel like they only show me songs that are popular are mainstream...",2026-05-09 22:38:29,3,scraped,92
play_store,1ba63c09-f420-43aa-bca9-26b76f056c62,1.0,,"Used to love it but now, I can't even get into the app and listen to music after this stupid update. Even my playlists won't work when I go to at least see what songs I loved to write them down and it acts as if my playlists are empty. This started when I went to put music on and on its own, started skipping songs repeatedly when all I did was press play on my playlist. Its not the wifi, I tried uninstalling and reinstalling, I reset my phone, reset the app, even tried making a new account.",2026-05-15 01:35:32,3,scraped,99
play_store,45429203-5b1d-4930-96fd-b00760a74904,2.0,,"while shuffling songs repeats do not happen, but what I have noticed is that a few days in a row I open Spotify to shuffle songs in my library, and the same rotation will happen from the previous days. it'll happen 2-3 days at a time, and also I cannot get video to play such as podcasts the video will never appear. I love Spotify, I switched from iPhone to Android and now I'm having this video issue, the shuffle would happen on the iPhone as well. picture in picture is allowed.",2026-04-04 03:35:57,7,scraped,92
play_store,af38d93d-9aef-4eb7-b343-683fe4742890,2.0,,"Crashes have increased SIGNIFICANTLY these last months when using other functions such as: open another application, scroll on a browser, use your device to communicate I was an early adopter but this space isn't monopolized... wanna keep getting my money... read on MAKE SURE YOUR MUSIC APP PLAYS MUSIC FLAWLESSLY.... anything that gets in the way of that is a bug not a feature.",2026-06-06 23:00:51,0,scraped,64
play_store,baecf12b-74f6-4690-a23e-4d60c6771900,4.0,,"Spotify was a really good way to access your songs and music artists but I feel like it could've been a bit better, for instance, you could click on a song and it'll take you to a new song. I've only encountered this a few times, maybe once or twice and I've been using this app for well over 4 years so they may have fixed it. but another problem is the ads between songs, you won't have this problem if you have Spotify premium but for those of us who don't its annoying.",2026-05-21 04:37:39,1,scraped,94
play_store,486be701-4cde-45ba-bf0a-6bbd27776ec8,3.0,,"the variety is cool.the ads require video, which sucks up my data. if they wouldn't glitch so much, it would not be as near annoying. ads freeze and force me to close the app. also, during my listening experience, I keep hearing the same songs! it doesn't matter which way I choose to listen!! weather Playlist or artist. I would LOVE to hear the songs ya'll choose for some reason to not play for me.. because it IS for me, not for Spotify. Right?!? and if I get a generic reply, I will never pay",2026-04-06 21:18:39,8,scraped,95
play_store,848f7483-3d65-4393-a3ce-adcd1e696d67,2.0,,"trash. pros: playlist creation is smooth and easy. lots of artists on the platform. things like weekly stats & wrapped are fun. most songs have lyrics in app. cons: app is a 1* if you dont have premium. listening to song breaks between your ads. as a premium user, cannot do a jam with a free user. gatekeeping features behind a pay wall. ai features in the app contribute nothing. not to mention artists are paid almost nothing for getting listens. app is good if ur rich. bad if u dont want to pay.",2026-05-14 11:09:10,2,scraped,94
play_store,9dd3e35b-da7b-48f7-b116-29bd1776b494,1.0,,"they messed up!! The free tier on Spotify has radically degraded over the last couple of years. It used to be that you could actually establish a rhythm, listen to a solid block of an album or playlist, and just handle a quick, single-commercial pause. Now, they have transitioned to a highly aggressive model called ""ad stacking."" Shoving 4 to 5 highly repetitive, high-volume commercials down your throat every few tracks is a calculated business move. It is designed to create the most annoyance",2026-05-17 11:43:38,1,scraped,84
play_store,26fb7b2b-c20c-472c-82b6-5d931427b7d0,5.0,,"This is a great little app, even the free version. Don't see the ads because I use an ad blocker that's not an app but changes anyone can do to their WI-FI settings. One of the things I don't like in the free version is you can't listen to music tracks or albums in a specific row, it's all random. After all it's not the Editor's Choice with 1B+ down loads for a reason. I highly recommend it. Update : with the last app update I can no longer cast to my tv, tv does not show in the connect list.",2026-05-16 03:56:27,43,scraped,101
play_store,6e36f228-3cd0-4af6-95dd-4ba1d53c0a39,1.0,,"First it was the 1-5 ads back to back every 10 minutes or so BUT now I can't even listen to the songs I want to listen to anymore without paying for premium, after clicking on maybe 20 songs that I want to listen to they tell me and I quote ""You can choose again tomorrow, or choose any time with Premium. Now playing similar songs for you."" like ok Spotify I guess you don't want me to use your app anymore I'll be going to YouTube Music, I recommend not downloading Spotify anymore, it's trash",2026-05-13 12:20:01,4,scraped,96
play_store,c0902b45-9ab5-4e70-b283-e01bfc4bf8f3,1.0,,Don't bother with premium. the ad free is a complete lie. you will still get pop-ups suggesting you try other things like audio books. complete and total false advertisement and breach of contract. This is still happening in 2026. Spotify creating breach of contract and false advertisement. open Spotify today to get an ad. premium is set to pay of my VA disability check. so I know it is active. love how they lie about their service.,2026-04-14 21:37:55,7,scraped,77
play_store,36074ca5-1bdf-4dc1-847f-61a55f43a06c,5.0,,"It's great! There's lots of songs from lots of different genres. They have great playlists or you can create your own. With premium service you can download playlists for offline use, have jam sessions w/friends, share playlists, and listen as much as you like commercial free with as many skips as you like. You can't do that with Pandora, even with premium services! The subscription is affordable and they even have a discounted student subscription which comes with a free Hulu subscription also.",2026-04-10 05:03:39,14,scraped,83
play_store,73b9f605-7d6c-4ad0-9876-1d1b26320e92,2.0,,"Somehow one of the most subpar music apps available. Price hikes with it being one of the more expensive ones somehow lol, shuffle playing me the same 30 songs in a row instead of ACTUALLY shuffling on BOTH mobile and windows. Only reason I am even keeping it is because the family uses it. None of the suggested ""Fixes"" work so don't bother responding to this with any",2026-04-02 08:37:31,2,scraped,68
play_store,a87b3bfa-89f4-4584-b8bf-d23d2aaa25a1,1.0,,Great music library. the app keeps shuffleling my Playlist instead of just playing it i have the shuffle off this is really annoying because I am set up to where I don't have to hear the same song twice in the same week. if this bug isnt fixed ill start looking for a different streaming service. I performed the uninstall and reinstall as you suggested and still the same issue its shuffling my Playlist with the setting turned off its your turn,2026-05-24 20:56:43,2,scraped,82
play_store,9417cc7c-fa71-447e-89a0-74096b1173e7,2.0,,"I really do like Spotify. I think the new additions are really cool. BUT it is so buggy that it's difficult to use on all platforms. (Phone, laptop app, and Xbox app) The songs with video option often won't play the video. The shuffle is about 10 songs on repeat and it is very difficult to try to work around that. On the Xbox app the screen will freeze and you have to quit the app and restart to resolve that, but honestly it happens again quickly. Once fixed I'll give 5 stars.",2026-05-16 22:55:02,1,scraped,93
play_store,6a14c22f-b798-4d15-bb46-49a7444a0e43,1.0,,"I fixed all the problems with your app. It keeps locking up before and after commercials. I dusted off my digital hard drive full of music. then I removed your app from my home page back into a hidden folder. like time out! I suggest everyone do the same,no commercials, no interruptions, absolutely free! Spotify's stream is full of pee! 😝",2026-04-19 03:34:32,4,scraped,61
play_store,34b25fbd-f0f5-450f-ae11-7af89a70ee5f,1.0,,"Spotify seems to think everyone who pays $15+ a month wants MORE ads all over every page, pop ups that stop you from using the app right when you open, and ads disguised as recommendations that take up more space on the pages than my playlists do. FYI it only took roughly an hour to rip all of my music (6000+ songs). I'd only ever come back to Spotify if: -You can disable all AI in the settings. -You can disable podcasts and video episodes appearing on the front page. I'm only here for music.",2026-05-18 22:17:00,2,scraped,95
play_store,4ba93127-a002-43ce-9d0d-8e9b6d99c1e7,5.0,,"Amazing! I can listen to my favorite songs whenever! And I can share music! Playlists are so easy to make and the family plan is so easy to work with! As a teen who loves rock, this app is perfect. Doing homework is so much more exiting b/c I know I can sit at my desk and listen to music, podcasts, and so much more when I get home. I am so thankful for this app to make everything a click away. I very highly recommend this app to everybody.",2026-05-30 21:05:08,2,scraped,90
play_store,bea1e209-5826-4f3c-bf47-5d98df817482,4.0,,"music selection is fantastic. 4 stars because the app and (especially) the desktop are not organized the best and don't allow options for you to organize and find your music in different, better ways. For example. you can't designate a genre and it's not simple to toggle between an artist. album. and their music.",2026-04-12 21:04:57,4,scraped,54
play_store,c979f814-88cf-41e9-96ce-c1fdaad6f35c,3.0,,"The app is good except for shuffle. The shuffle is terribble. If you switch to another device or connect a different bluetooth it starts your shuffled playlist all over again. Terrible. Despite chooseing the option to repeat fewer songs, it still repeats them. Give me the option to prioritize songs with the lowest play counts and fix the playlist starting over again, and the option to soft reset my play count to refresh the shuffle. it would insure nothing is left out.",2026-05-15 03:52:21,1,scraped,82
play_store,6f80f1b0-8213-49ae-ad09-d60baaf9fe94,1.0,,"Mediocre at best. It's annoying to hit the ""hide this song"" button just to be bombarded with the same song being suggested to you a million times.. The app freezes.. I'm still confused about why my phone downloads ""2"" Spotify apps each time.. It's annoying that the app automatically starts playing music when opened. Also, the screen freezes from time to time. * 4 years later, same review",2026-05-20 08:36:36,2,scraped,68
play_store,cde063c9-c819-42c1-9ff5-ed6c9cb8cd41,5.0,,"I absolutely love this app! it works in every aspect of my music needs and it's easy to navigate. I listen to music almost every waking hour, if I'm awake music is playing from this app. The audio quality is amazing and I freaking love the premium benefits that it offers!! the music library is mind blowing, I guess in a nutshell, I STRONGLY RECOMMEND this service! I've tried other music streaming platforms and paid for their ""premium"" service and I'll never go back!!",2026-04-25 10:32:28,11,scraped,84
play_store,5fcf56e2-927b-45ff-aec4-18e8cb724f2f,1.0,,"the app is absolutely terrible at ""shuffling"" it plays the same songs in the same sequence always, neglecting most of the music library. I've paid for a ""better"" Spotify subscription and had nothing but problems and even the duo or family plan or whatever wouldnt let more than one device play music and it kicks someone out. I've only stayed with the app because of all of the music and Playlist I've spent time accumulating but consider deleting Spotify and trying another app on the daily.",2026-04-11 01:28:22,4,scraped,86
play_store,2bd59433-cd0a-4c7b-bddb-83bfa41f27de,2.0,,"Paid spotify user for 10 years now btw! Ever since AI for every single thing on the app, it ruined all of my favourite features and selling points. My discover weekly is now filled with things I've already heard OR things I would simply never choose, radios are curated to the user now instead of just a radio and I am hearing the same songs CONSTANTLY even in my own lists. Not to mention it resets my playlist every time I open the app and randomly switches lists. Can't even select songs sometimes",2026-04-04 23:14:10,0,scraped,93
play_store,f3d00e46-1b1e-4a84-a21c-f969d2b38e0a,1.0,,"Why does Spotify highjack any Bluetooth button presses after opening it once, even when another app has audio playing? I open Spotify to check new artist releases, then I can't turn off the radio on my headphones unless I go into the app, then when I press play on my headphones, SPOTIFY starts playing! I ONLY use Spotify to check new releases, nothing else because of the amount of ads. Any way to turn that off completely or will I just need to delete the app and get the release info elsewhere?",2026-05-18 03:41:02,0,scraped,92
play_store,822c61d3-604f-45b9-9974-c9632b38b86d,1.0,,"What was once a great music app has been turned to absolute garbage by letting AI take over. Spotify wrapped is super inaccurate, my ""on repeat"" playlist features songs I have listened to one time and doesn't even show the ones I literally have ON REPEAT. Shuffle shuts off the second I switch bluetooth devices. And as of late it's constantly stopping. I use Spotify daily and now it's suddenly ""you're offline"" with full service. Sometimes it lasts a few minutes, sometimes it's several hours.",2026-06-11 03:34:50,193,scraped,85
play_store,a6706ca3-5008-4c18-862e-eb63a8666f25,5.0,,"If you are looking to get into different music to get into, the Spotify will definitely help with that and is something I would for sure recommend. You also don't have to be directly be on the app which is definitely something that I appreciate because I'm always doing something and the music for sure helps me concentrate. and at the end of the year they give you a Spotify wrapped which is basically summing up all of the music you listen to that year. It's really cool.",2026-04-17 17:05:41,5,scraped,88
play_store,e58dfc9d-ba3e-475a-9408-749c5bc3f58b,1.0,,"I'm paying for this hot garbage and it doesn't allow recommendation customization. I listen to a set of music and suddenly my entire feed is only that music. it only ever gives me literally the same songs over and over. I'm too lazy to build playlists. this app has existed for a decade and more and the best thing they could come up with is ""remove from taste profile."" otherwise yes, it plays music and is inexpensive. EDIT: my music app is trying to shovel political garbage down my throat",2026-05-27 17:01:16,3,scraped,90
play_store,6afea796-72b4-459c-bcfa-309880e52103,3.0,,"ive been a loyal spotify premium user until this recent update. Now, even if I'm connected to the internet, the app will sometimes not be able to load Playlist or radios. and other times the search function is completely unusable. I dont see the point in paying for a service that is not working like it uses to before this update.",2026-05-28 08:38:26,1,scraped,61
play_store,5e655609-251c-4494-9f14-93a7fda5b52c,1.0,,"Music is meant to define and express the beauty and pain of the world. Music is supposed to be easy to access and authentic to the artists that create it. Assuming that the community wants AI in any aspect of their enjoyment of their favorite music, is ignorant and unnecessary on every front. I either hear the same pop songs that are on the radio over and over, and you assume what I like. Or I get more ""innovative AI tools"" that I didn't ask for. I love sharing and experiencing the art. Not slop",2026-05-23 04:38:07,2,scraped,95
play_store,d2a32cb0-144e-4958-a6a2-b5baefcecc9c,5.0,,"Spotify is thee best music app, better than most other well known music apps, even for how much they charge a month!! IT IS DEFINITELY WORTH EVERY. SINGLE. PENNY. SPENT, from so many different music artist, & many different genres to choose from!! If you don't have SPOTIFY now than I totally recommend getting it, or switching to Spotify!! This is just my opinion though, no words can amount to how good Spotify truly is unless you just experience it yourself!! The family plan is my plan, worth it!",2026-06-01 22:12:57,3,scraped,89
play_store,518024ac-8f90-4544-8e4c-ab904aa942ab,1.0,,"I've used Spotify for years and it's genuinely mid now. Shuffle can't be turned off unless premium, 30 mins of uninterrupted listening is all a lie, and the playlist of songs I listen to plays a song outside of it, it genuinely ruins the mood. One star review from me. Wouldn't recommend to anyone. Not even premium because it's too expensive.",2026-05-28 01:15:11,1,scraped,61
play_store,0a1f42f5-0508-430c-bfd9-2a78092c509d,1.0,,"I could go on for hours about how genuinely terrible this app is. Not a day goes by where I don't come across a new bug that makes music listening down right impossible. I'll be mid workout and the app will just decide to shut down, switch the song out of nowhere, or straight up crash and not even open or play music. I have nothing good to say about Spotify and I would recommend literally any other music app. this app causes me nothing but frustration and makes listening to music a chore.",2026-05-19 01:56:22,4,scraped,94
play_store,d876db69-9aaa-4dcd-a68f-98165e744996,3.0,,"The features for free vs premium are extremely inconsistent and constantly change without notice. I started using the app a lot more once i could pick and choose songs earlier this year, but now that feature is missing again for the free tier? The only thing keeping me on this app is the fact i haven't seen one with the same collection of songs, and the fact that youtube music got rid of their related songs tab. Still less ads than regular radio most times",2026-05-28 19:07:09,1,scraped,85
play_store,52541fd2-d29a-47dc-9c2d-b7069d641a24,2.0,,"Take away the recent forced AI garbage and the app is good. Spotify from the beginning was far and away the best of the music streaming apps for discovering music. It still is, if you steer clear of misguided features such as DJ. The natural language search isn't very useful. Now they want to feed you AI-generated slop music as a first-class citizen. I remember the 6 years it took to bring lossless audio after announcing it, yet slop is starting to get crammed in at a rapid fire pace. Do better.",2026-05-28 21:43:20,1,scraped,92
play_store,dc496766-3aa1-4d41-b2dd-6f74aa00f673,1.0,,"after they added ai to the app, the quality has fallen so much that I am no longer willing to use it. the algorithm based playlists have started only focusing on one genre of music even though I listen to many. premium is too expensive. the free version is too spammy and has literally no liberty. and my app started pestering me when I turned off premium. offers of the next month being heavily discounted and popping up playlists that beg me to stay.",2026-04-26 04:45:46,18,scraped,84
play_store,19f590cc-1bee-4a4a-ac97-2d9bea9caf05,1.0,,"You pay for premium but it doesn't feel premium. You get the occasional pop up promoting some garbage, but Spotify refuses to admit they are ads. This is without a doubt the worst podcast app. I'm constantly recommended the same shows I hate! It's become a job clicking ""Not Interested"" on the same podcast everyday. You can't disable auto play for podcast. Eventually you'll be forced to listen the same podcast you've clicked not interested in over 100x.",2026-05-22 14:14:39,2,scraped,78
play_store,9946527f-086c-4d69-90f6-96f2b1982fcb,1.0,,"I have paid for premium for probably 8 years now for the simple reason of creating a playlist with a ton of songs to randomly listen to. Every time I add a song, my playlist reshuffles and plays the same songs! I want full random play so I can go a week at work without a repeat. Your algorithm sucks! I want a real shuffle of all music. that's why I pay. It seems you push music by certain artists while ignoring the other 800 songs on a playlist. Oh and prices keep going up. Not worth it.",2026-04-03 04:51:35,11,scraped,98
play_store,ef30b1c1-16ef-4040-8e2b-b4b8825e8642,4.0,,"I've used Spotify for 3 years (?) and it's always been great! even when you don't have premium you're still able to do a lot. unfortunately, the last two days my app has been glitching out for l god only knows what reason. I've used the Spotify help center which gave me no help because when I did everything they suggested, none of it worked.",2026-05-16 23:56:18,1,scraped,65
play_store,6aea4178-3d6f-453b-ab4e-935f1eab8d86,3.0,,"I love the new chatting feature they added, because i can talk to my friends about their music tastes and whatnot. I generally do like spotify, but only when i have premium. When someone doesn't have permuim spotify becomes UNBAREABLE. If you search up a song and try and play it, you can't. Oh, you wanted to listen to a certain song in your playlist NOPE. You can't even listen to the songs you want to anymore, its all shuffled and randomized. not to mention the constant ads.",2026-04-25 19:11:23,2,scraped,88
play_store,e5f92db3-9a0a-416d-9b05-0932d92c0d8a,5.0,,I absolutely love everything about this app.. But If I did have any constructive criticism to provide it would be that I'm not able to find certain songs every so often. I've actually received notifications for certain songs that are already in my playlist explaining how the genre as well as the particular song that I've chosen is being blocked or withheld for an unknown amount of time..,2026-04-20 03:23:36,3,scraped,68
play_store,8e666d2b-de30-4aa8-9f32-2772375f3415,1.0,,Sadly Spotify's kinda the only decent way to stream music both online and offline. The shuffle algorithm is awful and loves to play the same songs even more than once a day even with playlists with 1000+ songs it'll pick the same 10+ songs every time. The following artist is also broken and almost never works correctly. app keeps getting worse and worse now. no longer working,2026-05-12 23:04:42,0,scraped,67
play_store,bee954e7-2734-4740-9924-0ffe10cf4c30,1.0,,"Non premium has become a total joke. There is a daily limit on how many times you can choose a sign to play, an hourly limit on how many skips you get & 1-5 ads in a row after every 1-2 songs played. Not to mention that song radio rarely contains songs that have the same vibe or even the same genre of music half the time, most of it gets filled up with songs you've liked instead of something new. I'm honestly just sick of the free tier being designed to ruin your experience.",2026-04-29 06:01:52,7,scraped,95
play_store,471b255c-21a6-417f-824a-89d161ee2559,5.0,,"I have the premium subscription and it is so worth it. I love being able to create Playlists, have others collaborate on my lists, get early release notifications on the artists I follow, see the discography and artist information when I want to really dig in, and so much more. I love discovering new music or just jamming out with other listeners when invited to jam sessions.",2026-05-06 03:32:26,5,scraped,67
play_store,300684f2-0f00-4249-8551-35f831838a3c,5.0,,"fantastic! This is awesome, so many good tunes from my past. I just wish it would tell you if you've already saved a song to any of your lists. I've used it for some very long road trips and for the most part never heard a song play twice during the trip. Still finding new songs and figuring out how it all works. Is there an instruction manual that I haven't found yet? All I can say is try it, I think you'll like it. I even have an upbeat playlist for doing chores around the house.",2026-05-07 04:24:50,3,scraped,97
play_store,089a9308-bd24-4e60-ba7c-d196e567b55a,5.0,,"I highly recommend Spotify to everyone as an extremely versatile and useful app with no drawbacks! I only use the free version of Spotify. They have a wide variety of programming. I can listen to my complicated science podcasts and find guidance and fellowship through their Christian podcasts. I can also listen to complete music albums for free. It even keeps playing after turning your screen off, which is perfect for falling asleep to without completely draining your battery.",2026-04-03 14:03:08,5,scraped,79
play_store,37b7e2c3-04ac-459e-872a-c168b67fbe05,3.0,,"I would love to see LESS playlists that are made for me by Spotify. I feel like Spotify used to create more curated playlists that allowed me to find new music. The playlists that are made for me tend to repeat songs far too much and are quite limited in their breadth. For that reason, I believe that spotify's value has gone down from what it once was.",2026-04-28 02:29:37,6,scraped,68
play_store,705f112e-c9cd-47b5-a0f5-707035a03e9b,2.0,,"i pay for premium (which is too expensive tbh) but if you don't wanna do that, then don't waste your time. free version is a joke, It basically gives you just as much control over your music as a FM Radio. I don't like how I still have limits on E books, unless I pay more than what I already pay for with my ""premium"". I do like the vids that play in the back but other than that, I'd go back to apple music if I had a iphone still.. Spotify is pretty stingy.. asf lmao 🤣",2026-04-22 15:08:41,3,scraped,98
play_store,090b7e8a-3b62-4ff5-85e7-a38f2b34175e,1.0,,"The recent behavior of my Spotify app has me reconsidering my status as a premium member. It used to work flawlessly, but not as of late. the icon kept flashing on and off, while data was being used even when I wasn't running Spotify. After the latest update, it shuts down randomly and refuses to work. I am trying out slacker and Pandora now and perhaps I will write off Spotify for good. Update: it's now even worse than before and playing the same songs over and over and over from my playlist.",2026-04-21 09:41:54,22,scraped,93
play_store,259c8d4c-0318-4d02-9f0d-75427f2e8d44,3.0,,"Besides the obvious annoyance—ads play more than music (if you're interested in an ad, & click on it, u can't even stay on it to look further into it bc it'll kick u out by showing another ad)—I have a recommendation on making a ""Spotify Lite"" bc 500MB is RIDICULOUS for a music app but on a positive note, thank you for letting us pick specific songs to play for the recent update. Lastly, no, I'm not interested in Spotify Premium, Spotify...",2026-04-12 12:45:52,632,scraped,82
play_store,878070bd-2a0b-4a31-86b3-f551fe8f5c8b,4.0,,"Your AI recommendations suck, before it was kinda fine but now its impossible to listen cuz the songs do not much vibe and genre, also the button ""do not recommend this song"" doesn't work anymore, like what's the point of feature if it doesn't provide what it supposed to? Plus when you offline sometimes you have very long time between when you tapped on something and app reacted on it. Everything else is okay, UI could be better",2026-05-05 12:10:49,5,scraped,78
play_store,a21aa5e4-496d-49a1-a608-3c13be3b0433,1.0,,"It's gotten steadily buggier over time, with examples: -failing to register a cell signal even when every other app on my phone works, meaning I can't access online content -long loading times even for downloaded content -podcast navigation is a buggy mess -the top menu widget and Google maps connection breaking and losing connection to the app This morning it started repeatedly signing me out for no reason, even as playback continued. Inexcusable for an app with this market share.",2026-05-05 21:10:20,0,scraped,80
play_store,86ae63b5-eaa8-465e-9ec9-a61971267788,1.0,,"This app is barely functional. Bad algorithm, way too many glitches. The ""recents"" section isn't accurate, doesn't know what time it is sometimes, and doesn't show when I update certain playlists. Keeps recommending the same songs I'm not interested in. Every day it gets more glitchy. I've tried clearing cache, uninstalling then reinstalling, it's like this app is just glitchy on purpose.",2026-05-07 16:12:49,4,scraped,62
play_store,aa843cf4-74ba-4e8d-ba76-26bcf1daeefb,2.0,,"wth has been going on Spotify? I've been paying for at least 10 years now and i haven't had any complaints. not even when you guys decided to up the premium subscription. but now you're messing your app up completely. the shuffle button barely works. doesn't matter what settings I have it set to, it plays the same songs over and over again. now I can only look at 5 new releases? why did you change that? it was fine the way it was",2026-04-15 18:34:16,8,scraped,84
play_store,918a2f85-98a9-4aa8-b1ef-19e25495d1cf,1.0,,"1) Shows me info and controls about random speakers in the building that are not mine, which is kinda creepy 2) ""To enable downloads, go to Settings"" without explaining where, ends up being literally nowhere to be found 3) Recents is super flaky (half the songs are not there) and buggy (crashes when scrolling down) 4) Radio only works 70% of the time, otherwise ""cannot start radio station, try again later"". Very frustrating 5) Cannot search in car mode, empty results",2026-05-04 08:13:47,2,scraped,81
play_store,04cd6354-93fd-435c-b940-fe06dc0ca2cd,2.0,,"Recent 'improvements' include the addition of ambient sounds to certain tracks, all of which sound like they were produced by a tone death masochist. Spotify, don't overcomplicate stuff. Sure, the GenAI features are cool (excluding DJ and it's fetish for recommending songs that are like baking a cake) but don't try and change the core product. Don't even get me started on Spotify wrapped these days.",2026-04-13 19:47:30,20,scraped,66
play_store,5e55cf24-05a1-473e-bd84-e461422b0f66,3.0,,"The free version of this app is absolutely horrible. It honestly feels less like I'm listening to music and more like I'm listening to 30 ads occasionally interrupted by a song every now and then. As much as I hate to admit, spotify premium is MUCH better than the free version. If you get angry easily, wouldn't recommend using the free version. Spotify, you guys make way too much money to be forcing free users to listen to this many ads so often.",2026-05-13 23:54:09,8,scraped,83
play_store,3b8f91a4-3f64-414e-b6f0-270dbb52bf3f,5.0,,"I've had Spotify premium for years at this point and I'm not one to leave reviews, but it really is the total package. Just about everything you could want from an entertainment app. From books to live show albums, unreleased tracks, podcasts, and live sharing with friends and family. Their suggestions for relatable music similar to your taste is awesome! If your a true music lover you won't be disappointed. Development team: Could we listen in 432hz soon?!! That would be awesome!!",2026-04-07 06:20:58,4,scraped,82
play_store,9e9665d3-b2b6-4c29-950a-5bbfd0896cbe,2.0,,"Used to love this app. If weren't for 10$ price hikes every year and forced repeating ads on audio books and podcasts even with a premium subscription, Id still love it. I've submitted to the abuse because of the countless playlists Ive made and ease of music sharing to my friends and family that I rather not spend the time reclaiming on another streaming platform.",2026-05-01 05:29:12,5,scraped,65
play_store,fb62445f-f154-4fc1-8c23-08b83c4d4d56,3.0,,"I am constantly using this app. I would gladly rate it higher, but my biggest problem with it is the bug that consistently starts at the same point it started from originally when you turn it off and start it again. Even when you have it on shuffle or smart shuffle, or use the dj. Always plays the same songs over and over again.",2026-05-15 19:15:29,1,scraped,64
play_store,371ffe59-6e19-40ad-bbb6-84ebae58bf50,5.0,,I've found all the songs I like. I can make playlists the way I want. I've never had a problem with playtime. The app is easy to use. The only negative is the shuffle option tends to play the same songs sometimes after reopening the app and continuing the same playlist. 99/100 is pretty good.,2026-04-11 06:16:10,1,scraped,55
play_store,c59203c1-9e50-4e79-9344-f8b26a72b629,2.0,,"STOP TRYING TO MAKE THIS APP LIKE AN IPHONE AND FIX YOUR APP!! No one asked for the third shuffle, or the song you are listening to to drop down to reveal the last screen you were on. It's extremely annoying trying to change the song and the screen swipes down. Your shuffle is the worst. it only plays the same songs over and over especially when you reconnect to Bluetooth. Even if you don't have shuffle on and it connects it starts shuffling on its own. fix app now",2026-04-15 17:53:08,1,scraped,90
play_store,d10ed687-3afa-4b77-b7e0-d35730fbf7da,1.0,,"Lots of trash that won't go away on this app. Like rap caviar and other globalist pop culture nonsense on the top of my recommended. Also when I down vote an artist or song in a genre I like it continues to play the artist and song. I had significant bugs last month and there was no way to report them or fix them. Some bands I likes albums are unavailable. Lastly, as a musician I've heard spotify completely hoses over the artist. Very sad. also doesn't have a lot of songs I'm looking for.",2026-05-16 10:40:04,5,scraped,95
play_store,f81d3de4-4ae9-4ee2-8a37-cc93f8b125d0,5.0,,"As someone who needs music to be productive. Spotify really helps to be productive. And I know you can just download other music platforms, but I personally know how to work Spotify, and is to lazy to figure out how to work the other apps. Now, if you want to listen without ads it will probably cost more then $10 but seriously, it is definitely worth it. 100% would recommend Spotify. I asked my brothers to try it and they did/ they liked it. 5 stars!",2026-04-16 09:57:45,2,scraped,86
play_store,bf8a69b4-97c0-430a-afa7-4a2ecc319fa0,2.0,,"After clearing the hack that happened, I've enjoyed the app very much. The algorithms have played songs I haven't heard yet n years and even songs I didn't think would be on it. After all these years I've had to make an edit to my review. What used to be one or two ads every few songs has turned into several minutes of ads every other song. I suppose Greed knows no end.",2026-05-12 06:49:41,0,scraped,73
play_store,6524a3a0-bee0-4aaa-8ff6-604f65d04266,4.0,,"I've subscribed for over a decade. I really like the app, and it has helped me discover quite a few new-to-me artists. Exclusive offers, promotions, etcetera. But WHY does it act as though it needs an update so regularly?? Out of the literal thousands of songs I have saved, it seems like it only wants to play from (maybe) like 500 of them. I appreciate the app enough to pay for it every month, but please find a solution to fix this. Edit: now it needs an update, but not seeing one available?",2026-05-09 07:50:36,9,scraped,93
play_store,95e3e23d-cda0-4837-8329-d2b34115f8cb,2.0,,"Spotify has to many ads I know it's so they can make money and have people pay for premium but that is not a good enough reason to have five or more ads for one song. Then, now I have to pay to pick the song I want to listen too that sould not be a thing everyone has the right to listen to what they want. Next, you have the AI for music and to suggest song no I would like for a real human being to have my music and suggest songs.",2026-05-19 19:55:39,0,scraped,94
play_store,69cda82c-9262-4ee7-89db-a758d5377489,5.0,,"Spotify is a great music app with a huge library of songs and playlists for almost any mood. It’s easy to find new music and save favorites. The free version has ads, but they’re not too frequent. It also runs smoothly and works well both online and offline with downloads. Overall, it’s a reliable app for listening to music anywhere.",2026-04-18 02:29:56,9,scraped,60
play_store,d58256ca-3929-40bb-9aea-0dfe8f781f64,5.0,,"I love that I can listen to music anytime I want! I don't mind the adds. but if you are looking for music you actually like, Spotify gives it to you without a problem. I used to have such a troubling time of trying to find my music taste, because all the apps I used before I was always getting song I don't like but that doesn't happen to me anymore! and I'm just happy that I can hear music my ears actually like.",2026-05-17 07:49:50,1,scraped,84
play_store,dbe28b7d-9678-4191-9c12-9b1b22a291a7,5.0,,"I've been using Spotify for 5+ years now & y'all, this app just keeps getting better. At first Spotify was a convenient music app to make my one & only playlist, consisting of every song that I like. I had a few complaints, such as the shuffle feature sucked & played the same dozen songs out of a playlist of 1,000+ 🙃 Now Spotify has a shuffle feature that works as well as SmartShuffle & reshuffle 😁podcasts, audiobooks, personalized radio, song lyrics & music videos, and some new DJ thing.",2026-04-17 00:10:04,5,scraped,90
play_store,57df7b53-ab95-404a-b313-cdc1e3569072,2.0,,I use it everyday but recently my liked play is being werid I can't listen to a genre of music off of my liked playlist without other genres popping up even though I clicked the subcategory for that kind of music. there's also now where I'm listening to my music when I'm doing household chores and the musical stop and not play at all I continuously have to open the app and reset it.I wish it wouldnt act out like that. I also wish the books were free with subscription instead of paying almost 40$,2026-04-14 06:17:00,0,scraped,95
play_store,e2c70236-d656-443e-b911-ccb59d0dabd8,4.0,,"Spotify has been fine since I got it a few years ago but this most recent update has caused everything to glitch. I have a premium plan and for some reason whenever I click my queue it shows me pop ups saying I need to ""explore premium."" When I do so, it just gives me a bunch of displays of my benefits but still doesn't solve the problem. I don't use that many features of the app, but I can't imagine what else the update will cause a glitch to. It's ridiculous to pay for an app that doesn't work",2026-04-18 20:05:47,0,scraped,100
play_store,f147fb33-2e1b-4ee9-b384-f2dc577381e2,1.0,,"Experience keeps getting worse to pressure you into buying premium (which has gone up, 5-ish years ago it was 9.99 per month). Can't play albums without unrelated songs mixed in or reaching a ""limit"" that stops playing the album completely. 5+ ads every 2 songs. Recommendation & randomizer algorithms are horrible. Platforming AI-generated noise ""music"" sneaking them into playlists / recommendations with NO transparency / indicators. It's so bad I stopped using Spotify as often as I used to.",2026-04-30 07:30:29,51,scraped,79
play_store,32278e55-8f95-450e-9ce4-ab9bdd2be8a3,1.0,,"edit: 4/13/26. this app is steadily getting worse. i yearn for the olden days. ive been using spotify religously for nearly 10 years, because of the playlists and algorithm showing me great new music. cant say the same anymore. the way spotifys awful new algorithm only shows the same big artists, the same 20 songs on shuffle, songs/artists it THINKS are my favorites that ive listened to maybe once or twice, showing me ""new"" music thats the same songs over and over again. man, what happened?",2026-04-14 01:41:19,5,scraped,86
play_store,114dbda9-3125-4fa5-a6f2-a206f32bc364,3.0,,I'm updating my review to say that my app keeps randomly stop playing my music and then when I go back to play where it left off it restarts the whole song and sometimes it replays the same part twice it's really frustrating. I still sometimes get the same songs like the song plays and then like 10 songs later that song plays again. Other than that I still love the app.,2026-05-10 20:42:42,6,scraped,72
play_store,b943e4bf-a6be-490c-b7e5-544e72526406,1.0,,"where is the music? it's been creeping up but today broke me. my home page is nothing but audio books and podcasts, I don't do pods and have listened to one book on a different app but I listen music almost 15 hours a day on average and now it's not recommending music at all. I'm starting to look for other options because I have said not interested to 37 items today and still not one song has been recommended. y'all have my listening history just recommend something based on that.",2026-04-22 17:52:08,3,scraped,91
play_store,94937039-9469-4d64-8b4b-b7e77b59b8fd,5.0,,"I see many poor reviews for the free version and about the ads. That's not really fair. I'll review the Premium version with lossless audio and it's amazing. Incredible selection, very good algorithms for suggested mixes and free play within an artist. My total liked song list is now over 2k and growing everyday. I've heard great music I would have never heard otherwise. Spotify gets recommended to anyone I care about.",2026-04-11 06:51:23,11,scraped,72
play_store,24217985-fcd8-4c66-9ff0-632ecdc6a2fc,1.0,,"I have not been able to 4/2/26 around 5ish:00 been able to sign in using Facebook neither on Chrome, mobile browser, brave mobile browser and the app. I cannot log into my account whatsoever that I pay for. I cannot change password. I don't know. this is an app issue a server issue. I don't know what it is but I've been paying money for the last couple of years and now I've lost access to all my playlists. all my artists so",2026-04-23 18:14:17,4,scraped,83
play_store,56585d00-d8c2-4961-97f3-39886414a3db,5.0,,"Fantastic platform. iI thoroughly enjoy Spotify. I very rarely have technical problems. The streaming is perfect ale I enjoy the recommendations on the home page. My only complaint is that I wish they had more edited music to enjoy. Especially with modern songs. Overall, you can't go wrong with Spotify.",2026-05-13 22:49:21,3,scraped,50
play_store,33050e07-6806-4d5c-8f4b-3565a28bde89,1.0,,"A series of terrible business decisions that nobody liked (e.g. integrated AI, removing daily drive playlist, DOUBLING the price of premium) has caused me to not only cancel my subscription, but cease it's use outright. Services like tidal have been far more consistent and share a similar enough algorithm to the point where switching just made sense. good riddance",2026-03-30 21:02:12,1,scraped,59
play_store,0cb1e462-3f91-47fb-95d0-0549eaca3f08,2.0,,"They've recently removed their free user feature to play songs on demand without premium and free users are forced to listen to 6 ads in a row after a single song on a playlist plays and have extremely limited hourly skips. Used to use spotify daily and didn't mind the ads, now it's infuriating to use because they just want to force people to buy premium. I'd rather just sit in my car to listen to the radio at this point.",2026-03-31 10:04:45,3,scraped,81
play_store,79f5b029-92f1-4f8c-afa5-613aecbcc705,1.0,,"The update to remove the What's New queue in the mobile app is an awful idea. The section for new music that shows in the home page is way worse to navigate, doesn't show all songs, doesn't show them in order, doesn't have timestamps, doesn't resume where you left off. I will never understand these sorts of backwards updates. If you need something to work on fix the broken shuffle algorithm that just plays the same 10 songs even when I have over 1k in the playlist.",2026-04-17 05:21:01,2,scraped,87
play_store,1a15f275-d00d-4a08-85d1-08ee4ffbe6b2,1.0,,"Ads are egregious! the whole ""30 minutes of uninterrupted music"" is false. I get 2 songs then 5 ads, which are glitchy to the point of having to close the app and relaunching it, and extremely repetitive despite the option to give a thumbs down and reason. I don't know if this is a nefarious way to get listeners to buy premium but it sure feels like it.",2026-03-22 07:28:48,8,scraped,68
play_store,c423f35b-f03c-4dc5-9981-e841227c4b31,2.0,,"ads have gotten better for me, only one or two THANK GOD , but they're still not ""thirty minutes no interruptions!"" I love how many songs there are and I don't really mind the new songs being mixed on , but maybe a genre system would be nice, like being able to select only certain kinds of genres to be mixed into one playlist so it's accurate, because I keep getting almost rock kind of songs in a playlist with Miku and cave town-",2026-05-06 08:07:48,12,scraped,84
play_store,f5360488-3ce0-463f-954a-34cf23b1efb4,1.0,,"Ads for podcasts have become unbearable. They used to be at the beginning and end of episodes (fine). now, I'm lucky if I get less than four ad breaks in a single hour long episode, and those ad breaks tend to be several mins. I've had instances of 3 min of ads, maybe 2 mins of podcast, and then another 3 min of ads, and they're always mid word. I get to the point where I lose track of the conversation. Additionally, the ads themselves tend to be obnoxiously loud and repetitive/annoying.",2026-01-20 12:35:11,55,scraped,92
play_store,b26d110e-841b-45b2-866d-d06eeb024523,4.0,,"I love listening to music all year on Spotify and at the end of the year, wrapped is always a blast! However, recent updates in spotify's policy, such as limited times per month you can see song lyrics, along with a drastic increase in ads have made it difficult to enjoy my favorite songs. Sometimes, when I turn on Spotify, I will listen to only four or five songs before going on an ad break that says ""ad 1/4"". Overall, I do enjoy Spotify, but I do not enjoy how they try to make you buy premium.",2026-01-10 06:24:50,139,scraped,97
play_store,b3c4c628-b9d3-473a-95d0-197777da39a7,1.0,,"Used to love this app. However, of late, even on shuffle, I hear the same songs over and over. For a playlist that has several hundred songs, that shouldn't be the case. Sadly, I've begun exploring other music options. 😞 Edit: I took Spotify's suggestion and uninstalled the app. Guess what changed? Absolutely nothing. I can literally predict which songs I will hear next. Too bad. After using Spotify for better than a decade, I will be moving on from the platform.",2026-02-19 22:36:45,12,scraped,82
play_store,67afd282-e1c8-4335-883d-c9ce20c21a4e,1.0,,"Wide variety of songs. Especially my favorite genre which is Kpop. But the problem is the ads. THE ADS. Sometimes I get 4 ads. WHY? It makes it annoying. 6 skips per hour isn't enough either and I can't choose songs and I have to wait until the next day. Atleast make it so we wait 1-2 hours to choose songs again. As for the ads, limit them. Some people don't have money or don't want to get Spotify premium.",2026-01-26 10:03:04,65,scraped,80
play_store,615c4b96-3027-4cfc-9b9e-6ff3f29e352b,5.0,,"LOVE THE APP!! I can listen to all the genres of music and all artists. Heads up, there are ads, but for my case, I have barely come across any! Only down side is that when searching for my friend's profile It didn't show up. So, I had to keep searching until I found someone that they followed and was able to follow them through that. But other than that, I haven't seen any problems!",2026-02-16 04:43:48,128,scraped,75
play_store,5f7e923f-2245-44eb-8e02-a220de8d2a7a,4.0,,"Mobile users are treated as a cash cow by putting most of the features behind a paywall, for example, shuffling. Why should I need to pay to play songs in a certain order? Not to mention that shuffle can include songs that I never even asked for in the first place, nor ones I like, and it ruins my recommended songs. If there was a bit of fairness between mobile users and desktop/tablet users, then I'd probably give it a five-star but apart from that, it is a good app 👍.",2026-03-06 05:44:16,8,scraped,91
play_store,8eaade0b-3bbb-4433-a359-301ca965bdf0,3.0,,"I’d give Spotify 2–3 out of 5 stars. The app itself is great — clean design, good recommendations, and easy to use. The problem is the ads on the free version. Getting 4–5 ads after like, only two songs completely kills the mood. I understand Premium is how Spotify makes money, but not everyone can afford it. Music is supposed to help you stay in a certain mindset, especially when you’re feeling down or stressed. Constant ad breaks ruin that experience.",2026-03-04 13:08:07,18,scraped,81
play_store,73d2feb6-700d-4bfc-99b4-8a0046bd5c83,1.0,,"Free version is too restricted. I can only skip or choose songs 6 times a day and it plays ads every time I switch songs, even after getting the ""ad free for 30 minutes"" ad, it plays ads. I don't pay for apps if I don't enjoy the free version. Oh, and the don't play recommend songs toggle doesn't even work! I only hear a few songs from my favorite artisIs before it changes to different artist, plus it only plays the same 10 songs from one artist and i never hear my favorites!",2026-03-20 08:51:44,8,scraped,94
play_store,280e6be0-ffc2-4dd0-bc62-912dd31b467f,1.0,,"Cannot prevent the app from starting when vehicles connect via Bluetooth. It is my only app with this problem. In response: I have confirmed that it is not in my device settings, and customer service claimed it was a feature. In forums, I have discovered that turning off that feature used to be in Spotify settings, but is no longer available.",2026-03-18 19:05:02,5,scraped,61
play_store,23cd38b5-ac01-412f-a68e-c97c1d8e0ea7,2.0,,"Everything was fine, everything was great. I've been using the app for almost three years now. At first, everything was perfect, but since a few updates, it's gotten worse. I literally open the app to listen to ads, it suggests songs I'd never even think of listening to, and it only skips six times an hour. Sometimes when I open my playlist, only two songs appear when there are actually like a hundred. No, I'm not going to pay for premium just to listen to music. At least put unlimited skips 😔",2026-02-01 16:39:33,45,scraped,92
play_store,18687a75-49cf-40d3-b876-a363249d15ee,1.0,,"leave it to Spotify to raise the price (while lying about it being to ensure artistis are paid fairly) and then give us garbage quality at the same time. Whether it's the mobile app, browser player, or desktop app and across multiple wifi networks I'm more frequently getting periods where everything is suddenly a higher pitch, audio cuts in and out, or there's static in the middle of songs for no reason.",2026-03-09 04:34:53,6,scraped,72
play_store,aa80be3c-de03-4cbd-94f6-1cdd1ea7a038,2.0,,"It used to be so much better. It used to let you tell it ""I never want to hear this song again"" or ""I don't want to hear this song during this specific playlist."" Well, NOT ANYMORE, APPARENTLY! And the song recommendation algorithm has gotten really intrusive lately and is honestly just bad (and getting worse). Not to mention how obnoxious the ads are-ones without volume caps, minute long ones you have to know you can skip, frequently lies about the 'next 30 mins ad free'...",2026-01-27 20:26:20,32,scraped,86
play_store,17a7ac0f-6106-4e4a-ac0c-30b87526b6fc,1.0,,"don't waste time, download a different app. even with the premium subscription I am constantly fighting with it just to make it do what it's supposed to. my phone, xbox and computer all have Spotify and it is terrible on all platforms. edit: don't waste your time with the customer ""support"" like I was recommended to, they are just as incompetent as the development team.",2026-03-21 18:18:20,5,scraped,65
play_store,5ce38420-495b-4487-84e7-9fef41d6101b,4.0,,"Best music app I've ever used, music is easy to search for, being able to listen to any playlists instead of only a radio like Pandora where you can never choose any songs, greatfor podcasts too. Only real reason for 4 stars is because in order to have a really good experience is to pay for premium, andwithout premium subscription everything I like about it is blocked by a paywall. I get that they need to make money, but they could be a little less passive-aggressive with advertisements.",2026-01-10 18:17:25,47,scraped,88
play_store,84d09b7c-62e6-4857-8df7-887d02bbb9b6,5.0,,"I absolutely LOVE Spotify! It's the only music streaming app I use. I never listen to the radio anymore. I love that I can easily find just about any song from any genre & decade. I love that I can create playlists to share publicly if I choose to. I can share a jam session with friends & they can add songs to the jam as well. And now that Spotify has added videos to some of the songs, its even better than ever! I have almost 3k songs & counting in my liked list. Thank you Spotify.",2026-01-28 18:27:38,77,scraped,98
play_store,d12a997b-5d24-4783-bbb1-b900a52131ff,1.0,,"this app genuinely infuriates me. the only suggestion they have for fixing the ad issue is ""pay for premium!"" like okay, some of us can't afford paying for music because we have other payments to make. there's too many ads, it's ridiculous that you can only select a few songs to listen to a day and i miss the old spotify. if youre looking for a music app, try another one. it makes me so sad that all these companies and apps care about is your money now. there's no regard for user expirience.",2026-03-19 07:32:42,6,scraped,94
play_store,3aaaa493-d37f-44cc-adbd-9748612bb641,1.0,,"it was great at first until it started giving ads and limiting my choices. after like picking a song yourself about 25 times it doesn't allow you to choose ANY SONG YOU WANT AND PLAY WHATEVER IT PLAYS NEXT, until the next day, basically forcing you to go buy a subscription just to have no ads, Playlist play in order, to choose the next song YOU want to play, and be able to repeat the song. I am VERY disappointed for there is no way I'm paying money just to play some song I like whenever I like.",2026-02-09 08:21:45,22,scraped,98
play_store,f01be6b0-96c1-4a77-bee0-719e65159d71,5.0,,"This is the best place for all my listening needs. I haven't explored podcasts very much in several years, but I could never imagine switching to another app for my music. I recently discovered the ability to save songs to my local files and still use Spotify to listen to them. Now I can enjoy the one's I want that aren't in Spotify's vast library.",2026-01-16 04:32:28,64,scraped,65
play_store,069a7f7b-70bc-4940-9bac-4a1e1d0d3b3f,1.0,,"I hate this app more than any app I have ever used. You can have 200 songs on a playlist yet it always plays the same 10 songs. You can shuffle music, but not change the shuffle so it basically plays the same playlist over and over. You won't find new music related to your music - it always suggests songs from artists I already have. I also pay for this app but have limited use for audiobooks.",2026-03-13 03:31:43,16,scraped,78
play_store,161389cb-e368-4963-b5aa-d7bce6fb7e24,3.0,,"Has a tendency to repeat the same songs, interesting how music quality declined when lossless was added. I keep hearing a sound frequency in the background. If you don't uninstall the app, reinstall the app, log in and log out every week it seems to increase the amount of issues. This issue has been persistent for years, amongst many different phones, speakers, and headphones.",2026-03-08 14:07:39,9,scraped,64
play_store,e112e594-e682-4489-85d5-db158200f628,1.0,,"They intentionally make their app the most unusable and insufferable thing ever. I have had 5 ads in a row. They also restrict features that are the bare minimum, such as not being able to turn shuffle off, and being able to skip more than 6 songs per hour. When they recommend songs, they recommend songs you already have in your playlist. Instead of looping your playlist when it finishes, they start recommending songs. Waiter, may I have some music with my ads please?",2026-03-06 00:44:51,11,scraped,84
play_store,b61c4d63-7653-4083-87e0-9065c2a98e56,2.0,,"I loved Spotify, I've been singing it's praises for years. But your algorithm is turning into trash. I want more independent artists, small artists, stop showing me big names. Bring back the customized recommendations, I miss them! edit: still using it, algorithm has improved but now it's randomly showing ""not online"" when I am. also just shows a black screen and doesn't work.",2026-03-05 04:52:01,6,scraped,63
play_store,e1481563-2fe2-428d-929c-71580f80984f,1.0,,"Trash shuffle algorithm. No matter what settings I select or change, the same 20 songs are shuffled out of hundreds. There are songs in my liked songs Playlist that I haven't heard in months or years. It angers me, likely canceling my family subscription and choosing a different platform, as this issue has existed for years and hasn't been fixed. look on Reddit, there are thousands of people who have the same complaints",2026-03-04 09:24:28,7,scraped,73
play_store,6506f3bd-3343-465c-90e4-e3c634d3cec8,3.0,,"i used to love this app till they changed the layout. the fact that they FORCE you to shuffle/skip songs until you get to the one you want is not pleasing at all. the old layout was much better, and the app honestly isnt that great anymore. edit (3/7/26): the app has improved, but if we had more autonomy it wouldnt be so annoying. i shouldnt have to pay to rewind and repeat songs.",2026-03-23 01:19:02,11,scraped,74
play_store,c8278a32-a813-44ba-84b2-fa2d13808b85,1.0,,"paid subscription to family plan. Playlist gets stuck in a loop of 40-50 songs when there are more than 500 songs on a playlist. Spotifys solution to this is to uninstall/reinstall or logout/login. With over a dozen devices thats absurd, and at best it may work again for a few weeks. There are plenty of examples of people complaining about this problem online for over 10 years. Just fix the app.",2026-02-21 20:17:56,13,scraped,71
play_store,7856ce3f-c1fb-4a0a-a12f-17ed7382e063,1.0,,"The app has been great but recently with new updates it's become cumbersome to deal with. I like the Spotify DJ, but the app somehow turns off the DJ and switches automatically to Daily Mix 2 which I don't like because I have to keep monitoring my phone now to make sure DJ is up and playing music when I don't skip songs often. I didn't use daily mix In the past because it's too short and I need something to keep going while I'm at work. Edit: this fix they suggested in their reply doesn't work",2026-01-10 16:57:03,455,scraped,97
play_store,6c0100ce-b4a0-48ad-8a59-f6c4aa4bc428,4.0,,So most of the technical issues have been dealt with and this app seems to be running pretty flawlessly these days. I would recommend this to most people but especially anyone into Deathcore as it seems to have the best selection of current and past artist within that specific genre. The only reason I'm not giving 5 Stars is I hear the Artists don't make what they should. Who really knows though. Enjoy.,2026-03-06 07:04:02,34,scraped,73
play_store,6fac3b1b-1638-46a5-aa50-14f0cd7fd6ed,5.0,,"It's a really good app, featuring all kinds of music, from old to recent and every genre. I really like it. But the thing is when one hasn't subscribed to the premium features, he's deprived of many choices. That's understandable, but then part of the restrictions is that there's a limit to how many times you can choose a song from your library in a day. Another thing, the app tends to play or switch to songs that are not in my catalog while I'm playing a song stored there. it's infuriating.",2025-08-03 10:53:17,16985,scraped,92
play_store,f5285693-564e-48b6-a156-c0ad78531366,1.0,,"Constant popups for premium, can’t skip without long ads, can’t play albums in order, and they have even stopped you from playing your “liked” songs. I mean, how could you stop us from playing our favorite song. So what's the point of this app then? It's better to listen to the radio, at least they'll play the latest songs. The free version is complete trash now. I’m planning to switch. Let’s see what we can find.",2025-08-29 22:38:00,48679,scraped,76
play_store,b374dd35-f6e7-46ac-ada3-7ec35aac0998,3.0,,"Recently, it feels like the premium subscription is offering less value for its cost. One thing I recently discovered was that there is a limit on audiobook listening hours, and they will try to get you to pay extra to continue listening (this is with the premium subscription). I don't remember seeing this when I signed up, so if audiobooks are part of the reason that you want to sign up, I would recommend looking at other options. Also, it's hard to find user-created playlists now.",2024-12-26 03:28:54,184,scraped,86
play_store,517b7384-8915-4948-ae44-f85d86a40615,2.0,,"It keeps repeating the same songs in my playlist over and over again even if my playlist is 27 hours long. There's many songs for it to play, but it just plays the same songs. It's ruining my listening experience. Plus, I can barely even listen to songs without being asked to buy premium. Such frequent ads.. it's like this isn't a free listening app anymore.",2025-06-02 21:42:59,744,scraped,66
play_store,83d4af48-b77a-4d3c-ac10-c8d3ac457ff5,3.0,,"If we can add a playlist from the queue, add a ""remove playlist from queue"" option next. It's so annoying; I accidentally added a playlist from my queue, and whenever I try to listen to another song, that queue immediately plays. Also, can you all add something that will display the genre of the song? It will be very much appreciated.",2026-04-11 21:58:48,14,scraped,61
play_store,3500f35c-9bcf-4338-bc0c-9c9605341062,1.0,,"Too many stupid ads, and there's also some sort of bug that Spotify says you'll get 30 minutes of no disturbance from ads, but the next song I put I need to watch an ad and it doesn't stop here! on my phone, I can't replay the same song I was listening to! maybe I misunderstood some lyrics, I can't go back then. There's also another problem still with my phone where I can't see the songs I add on a playlist, and whenever I want to add a single song, the app shows me an entire playlist. 1 star.",2025-06-11 00:17:35,871,scraped,100
play_store,d17c224c-b9a4-4cab-9c57-a5254081132f,3.0,,"Great way to listen to music and affordable pricing for premium subscription. Edit: Everything in this app is good and conveniently adjustable to one's needs, except the damned ""smart shuffle"". The radio is more than enough to discover new songs. When I want to shuffle/unshuffle my own playlists I could not give half a damn about discovering new songs. Please give us the option to turn it off or on in settings, the same way you can toggle all the other features you provide.",2024-09-30 20:38:14,884,scraped,84
play_store,c8bf8e9c-2302-43a0-9a47-a5fda1a681b0,3.0,,"used to be better. you have to pay for basic features now. you can't make a playlist without it adding unwanted extra songs. I hate it so much. when I want to play a song, it starts playing suggested songs instead of the thing I want it to play. awful. still decent app, though at this rate, youtube is better.",2024-11-24 18:05:58,250,scraped,60
play_store,e43fcf30-c81f-4ca9-be41-ddf776e7530f,4.0,,"Don't waste time with the free version, fork out for premium. Free version is awful, no way of sugar coating that. Do not recommend the unpaid version at all. Premium however is great! There's a huge library of albums, playlists, podcasts; it's particularly helpful being able to download songs for offline play. The Discovery Weekly playlist can be hit or miss but is greatly appreciated all the same! Some performance issues, it must be said. And we could really do without the AI junk",2025-04-16 17:53:13,855,scraped,84
play_store,2961cb46-fb27-4572-9c69-984182452461,3.0,,"I'd rate it higher as it does have a lot of good features but there's one thing it's lacking compared to all other platforms. A dislike button. I don't enjoy rap or other genres, and yet I can't dislike them to remove them from automated playlists or even their new ""DJ"" feature. I like other platforms as I can hit play and let a random radio start off a song, then hit dislike or like to tune it. Spotify however doesn't allow for that and almost forces making playlists.",2025-04-12 08:17:13,67,scraped,89
play_store,bc636303-12f8-4b4f-a762-a033be11bce4,2.0,,Glad that they seem to have fixed the algorithm but really pissed that the queue is different now. Like one of the the main reasons I used premium was so that I could use the queue to preemptively skip songs without having to interrupt my listening session and now you can't do that for some reason?? I just don't get it,2025-01-27 03:04:32,44,scraped,61
play_store,483dcf1e-a346-4a1d-b42d-afe6bcff0a6d,1.0,,"Crashes constantly, even with no apps running in the background. Happens for almost every song. I tried to fix with all suggestions Spotify made, cache cleared, no downloads. Nothing. It has been unstable for years. It can't be the phone, as I just got a new S23, and this is still happening. I will be cancelling my premium. Awful user experience. Sick of this. If I could give it 0 stars, then I would, because the app is borderline unusable for its primary function!",2024-12-09 16:43:06,315,scraped,84
play_store,32c537ea-a4ee-45be-b0a1-06a6a3ad6a12,4.0,,"Very convenient for listening to both music and podcasts, but how come you don’t get the option to listen to songs unshuffled? Whereas if you were using tablet or desktop/laptop you get to pick whichever song you so desire and even play them on repeat, have the option to shuffle your playlist or have it play in order of your arrangement. I know it’s mostly got to do phones having the ability to be carried literally anywhere but c'mon.",2025-01-10 08:13:46,261,scraped,79
play_store,7b32c59b-c167-4bef-8adf-1a035be17b10,1.0,,"Adds videos and reels to a music app that doesn't pay enough to the artists, threatens a country to pay them money and then plays victim, offers a product on constant downgrades for an expensive price + has an algorithm that doesn't work properly and recommends you stuff that's the opposite to what you play, creating misleading AI-based playlists that aren't anywhere near being good. A shame how people prefer this over better options that show love both to music and fans. Now lyrics are premium.",2025-04-08 14:43:33,52,scraped,86
play_store,4a0d93bb-66b3-458a-920c-87f44a9efa0e,1.0,,"Spotify supports ICE by advertising pro ICE ads. That is completely unacceptable. The app itself is good. Great library of music. The new shuffle system sucks though. Its a shame because I want to give a much, much higher review because I have very much loved my experience on Spotify for the past few years, but I cannot ever recommend an app that supports riping families apart and bringing terror to people. Shame on you Spotify.",2025-10-15 09:57:54,497,scraped,76
play_store,dcceeb80-e000-4266-83fd-23cbee528199,5.0,,"Amazing app on all aspects. Huge collection of data, songs and artists of various styles of music and in different languages. Originality and richness of playlists based on your favorite artists and taste of music, sound quality and many many other good options. I actually tried different apps like Anghami and that was a very bad experience, believe me Spotify is far better in every way, even what you get with the free version is enjoyable and might be sufficient for many.",2025-03-14 12:18:06,1997,scraped,82
play_store,1371eb07-99de-4b45-b3c1-a576397bfcbf,4.0,,"My queue will glitch with multiple of the same song, I'm talking 5-7 of the same in a row. It's been doing this for well over a week. I also wish there was a way to hide recently played collections from the homescreen. Other than that it does what I need it to, but hate that the price keeps going up. Also BRING BACK THE HEART FOR LIKES PLEASE",2025-01-30 04:06:34,77,scraped,69
play_store,80eaae97-4e09-45e8-aa7f-77c465a0299e,2.0,,"I downloaded the app for both the music and podcasts. it has been just under 5 years. Stop trying to fix what's not broken. I completely understand the need for ads but do they have to jump in and overlap stuff you are listening to like an old 1990s radio DJ talking over a song? For podcasts, why did you get rid of the new episodes list? Do you even understand the problem it creates for people who listen in their vehicle? Time to search elsewhere...",2025-05-27 17:18:49,88,scraped,86
play_store,dd3a2e85-46b6-452d-acf1-6af552ed176e,5.0,,"Spotify is an amazing music streaming app!🎵🎶 It's got an insane library pop song, playlist , and podcasts that cater to every note and test. The discover weekly and Release Rader playlist are always on point, introduction me to new artists and tracks I love. The UI is sleek and user- friend, making I want to listen to . Overall, Spotify is a must-have app four music lovers! ☺️🫶",2025-11-25 09:28:46,9270,scraped,69
play_store,6277bff4-93bb-4acd-ba0b-e3312124d15f,5.0,,"I absolutely love Spotify, there's not a whole ton of ads for me and I can still listen for free. I like the Spotify wrapped feature at the end of the year and I love the fact you can see your top songs and artists. Also the mixes are just amazing that they make including all my favorite songs and a few new and suggested ones!",2025-07-03 00:38:51,2704,scraped,66
play_store,0e68f46c-cf43-447c-a44d-091f1fc1356d,2.0,,"It has had such potential for so long... But falls short on so many things! This review box doesn't have enough characters & I am over trying to convey this to someone important who wants to listen (tried beta vs, tried online suggestions, etc). Was switching to SoundCloud then the audiobooks were added! Still think more audiobook hours should be available on premium - 15hrs = 1.25 books/month & unfair some podcasts added to audiobook category & therefore included in this 15hr allowance.",2024-10-19 12:51:49,27,scraped,83
play_store,b90ec784-171c-4564-a316-e5b358226cca,2.0,,"extremely ticked off that you removed the ability to remove songs queue in a PAID premium subscription. for this much money I should be able to remove songs from queue. fix it. not only that but shuffle doesn't work like it used to. I get the same songs all the time and artists in a row. that's boring. the whole purpose of shuffle is to shuffle, and get a variety of your playlist. you messed that up too. fix it.",2025-03-29 01:37:52,192,scraped,80
play_store,702d55b2-74ee-4cc0-9284-d9a9cb6afeb0,4.0,,"I have always loved spotify, but I must say the most recent update just ruined the home screen. There used to be tons of suggested playlists, ""made for you"", etc. The only thing that remains are the six most recently listened to playlists. The rest has been replaced by autoplaying snippets of random songs or playlists that i have literally no interest in, and there is no way to turn this off. Please give us the old home screen back, i am absolutely disgusted by this update.",2024-11-14 02:58:32,315,scraped,87
play_store,f3e12e15-2e8d-4c3e-8fc2-868e20442d9d,4.0,,Pretty good app. Play lists & expansive music library. Offline playlists are great Only grips : - for duo/ family accounts you have to enter your shared address EXACTLY (eg rd not road) as the original family - they don't post small pay artists fairly / proportionally for streams. - You can't seem exclude a search word from results - sometimes Spotify playlists/radio songs aren't in keeping with the suggested artists / genre,2024-11-10 09:08:10,46,scraped,73
play_store,16a68349-4eff-477f-b901-ffedc98dca5c,3.0,,"I love the app but have been running into issues where it is automatically turning on smart recommendations when I don't want that feature turned on. Also noticing that every time I connect it to my smart home device (ie Google Home) it resets the playlist I'm actively listening to, which is frustrating cause I'm just trying to change the device it's playing from - I'm not asking for the whole playlist to reset. If I wanted it to do that, then I'd do that myself.",2025-07-02 02:44:46,134,scraped,86
play_store,034ac36b-977c-4259-955b-76ee36c83bc4,4.0,,"awesome selection of songs. It just sucks when you have 100 hrs worth of songs, but the same songs will play during the day when you put your list on shuffle, which is what you need to do unless you want the exact same songs in the exact same order each time. Basically, for example, you get to hear the same 200 songs all the time when you have 15,000 songs in your playlist.",2025-03-29 17:00:19,63,scraped,74
play_store,fcdd612c-f7b1-4120-9d62-812360e5df4e,5.0,,"🌟🌟🌟🌟🌟 Best music app ever! 🎶💚 Spotify is my favourite app for listening to music anytime, anywhere! It has millions of songs, playlists, podcasts, and moods — whether I’m studying, chilling, dancing, or feeling low, there’s always something perfect to play 🎧🎵💃. The sound quality is amazing, and I love how it recommends songs based on my mood and taste 😍✨. The UI is clean, easy to use, and the dark theme looks so cool 🌙🖤. Yes, ads come in the free version, but it's still worth it.",2025-07-25 22:59:25,837,scraped,88
play_store,372f2d29-bb07-473a-bb3b-24e1b8fd6316,5.0,,"I love all the different playlists on here,, they let me explore different genres and often I find music I haven't listened to in years! I also like that if I want to just listen to an artist, or an album, I can do that too! I haven't been at a loss for good music since I started using this app!",2024-11-08 17:31:50,202,scraped,61
play_store,dc69ce07-82be-40f6-a270-c716d359ddb8,5.0,,"A very large audio library providing good automated daily risk and recommendations. I have tested it in hip hop and it is the same as tidal, but it is better in podcasts is those are not existing in tidal, and apart from hip hop probably it's a bit better as title started with hip hop. However this case podcasts and maybe more with regards to other music genres. Spotify is a very good music App!",2024-12-25 04:58:45,200,scraped,75
play_store,4b387842-42be-4ec1-b803-dab129e0a5fe,1.0,,"I went back to premium. Not because I want to, of course. Paying for the premium leaves a bitter taste in my mouth knowing full well that the free version doesn't even let you use the most basic functions (e.g., choose your songs, rewind back to a certain part of the song, next). I would have gratefully went back to premium for the DJ if it weren't for the app being too greedy. Who would have thought I'd have to pay for the most basic functions that music players are made for.",2026-06-03 20:31:25,46,scraped,92
play_store,07a200e9-fd75-4fff-9ec3-36b7d5d1028a,1.0,,"Unbelievable that you can't sort your playlists. I don't know how mine is sorted, but it's not alphabetical (neither song name, album name or band/artist), it's not when songs were added and it is not newest songs. I don't know why you haven't added such a basic feature yet. All new songs I've added to my playlist are unable to be found because I can't scroll that far down, so I have to pray that my new songs show up in a playlist with ~300 songs. Completely and utterly unacceptable.",2026-06-01 21:08:31,1,scraped,90
play_store,635a936d-03dd-4063-bec2-6444cc358845,3.0,,"Spotify is a good listening app, it has a lot of songs to explore, but the premium subscription is getting out of hand, yes, the ads don't bother me too much but I can't even play my songs in the order I want, and in my opinion, it just makes the app harder and more complicated to use, it would be randomly playing a song that I like then a song I know nothing about. Still, it's a pretty good app especially to people who enjoy listening to music. But the premium is too much.",2026-06-11 13:34:32,2,scraped,95
play_store,e8d55ee2-7fc3-4130-b16a-b66ba13cbf8a,1.0,,"The free version of the app is, unfortunately, nearly unusable. Ads appear once every sixish songs and it is not possible to pick the music you want to listen to. With limited skips, you really are just at the mercy of whatever the algorithm wants to serve you. I'd recommend picking any other music streaming service if premium isn't accessible to you!",2026-06-14 09:07:29,2,scraped,62
play_store,506633d3-9702-4481-b7e1-43c9722f71c8,1.0,,"The free version is terrible and I won't recommend anyone to use the free version. The company is really greedy and puts an ad after every 2 to 3 songs. after a certain number you can't even select a song of your preference. the playlist you created can't even run in order, there is a shuffle system which won't turn off until you buy the premium, therefore you have to manually select the songs. Worst music app.",2026-06-13 12:09:59,2,scraped,77
play_store,718b7fde-cd87-4d2e-8edf-01bdef49ada1,5.0,,"Spotify has been one of the best parts of my music journey. From discovering new songs to finding the perfect playlist for every mood, it always feels like there's something special waiting to be played. The recommendations are surprisingly accurate, and sometimes it feels like Spotify understands my taste better than I do. Whether I'm studying, relaxing, daydreaming, or just vibing with my favorite artists, the experience is smooth and enjoyable.",2026-06-10 12:19:24,2,scraped,71
play_store,613f31d9-f33f-4a0e-81e2-27a85e805157,3.0,,Missing certain albums (Dead Again - Type O Negative) and songs (Sleep (Remix) - One Republic) from available bands. Examples provided. I would also like to see more authentic videogame and movie soundtracks. Otherwise the music selection is pretty thorough and I appreciate the updates of new releases from artists that match my tastes as well as the premade playlists to suit my preferences. User Interface needs work and frequent crashes are frustrating but not enough room to get into it here.,2026-06-05 07:46:23,1,scraped,82
play_store,d9aad297-f684-43f3-870a-f1df3f72787a,5.0,,This app is amazing! I have the free version and the ads aren't that bad. Sometimes I use my mom's acc because she has the premium and it's a lot better. If you can pay for it you should because it's a better experience but if you can't or don't want to it's still amazing with the free version. It has so much good music and I'm obsessed with the way it gives you a countdown till an artist drops the album or single they announced! I definitely recommend it!!! 😊,2026-06-16 00:56:40,1,scraped,91
play_store,b8cfbcd9-f5b8-45d2-ab48-ce7d8115ced6,5.0,,"I recently used Spotify and really enjoyed the overall experience. The app is easy to use, the sound quality is great, and there’s a huge variety of songs and playlists available for every mood. I especially like the personalized recommendations and how smoothly the music plays without interruptions. It’s very convenient for listening to music anytime, whether relaxing, studying, or traveling. Overall, it’s one of the best music streaming apps I’ve used.",2026-06-14 18:01:50,0,scraped,72
play_store,9c3017b8-f50e-49f1-bc81-823813865601,5.0,,"Spotify is one of the best music streaming apps available today. It offers a vast collection of songs, albums, podcasts, and playlists from artists around the world. The app has a simple and user-friendly interface, making it easy to search for music, create playlists, and discover new artists. One of Spotify's strongest features is its personalized recommendations. Playlists such as Discover Weekly and Daily Mix are tailored to users' listening habits, helping them find music they might enjoy.",2026-06-04 20:04:47,2,scraped,78
play_store,9cd32778-d24e-4d39-b46e-e4811710d549,4.0,,"this music app is pretty good, I've always had premium because I knew it was worth it but please make the free version a little more accessible and more 'free'... this is a good app overall. also consider adding a feature where there is a button to click where songs sound similar to the current song you are listening to or consider atleast adding something similar to that. that way you can find more songs that suit your taste.",2026-06-15 18:17:39,1,scraped,79
play_store,6f67bf17-415a-426a-b38d-27da4924243c,3.0,,"Spotify is great, not gonna lie. Playlists, shuffle, smart shuffle, you can put songs on repeat and there's a bunch of great stuff. But lately it has been having way too many ads to the point that it's annoying as hell. After like 2 or 3 songs there's almost always an ad, I'm not even exaggerating. I've been using spotify since 2023 (I think) and it didn't have this many ads before. And the worst part? There's more than 1 ad in a row. Sometimes it can have 4 ads in a row which is horrible.",2026-06-10 15:49:57,2,scraped,96
play_store,9ed7cc87-ad8b-4f6e-ad22-9e0c6ff375b0,1.0,,"This app sucks! Completely! You can't even select the song you want to listen to when you are in your Playlist, and don't get me started on the ads. Omg 2 or 3 in a row and at 20seconds each ad. Hell no. Then the premium. Not even worth it! Most of the time the premium downloads just delete themselves! And when they do work they sound worse than the free ones! I highly recommend you do not spend your money on this money grubbing app!",2026-06-13 23:01:55,2,scraped,86
play_store,9cd68a80-4527-46ac-a795-02072b2d8e1d,1.0,,"I find the free version of Spotify to be quite restrictive. The high frequency of unskippable ads significantly disrupts the listening experience. Furthermore, the limitations on on-demand playback—specifically the inability to select specific tracks or skip freely—make it difficult to use as a primary music player. It feels more like a radio station than a personal music library, which is quite frustrating for non-paying users.",2026-06-10 08:28:49,1,scraped,65
play_store,76ac916a-af0d-41f6-8c3b-d181bf6dc992,4.0,,"My suggestion is to add a bio feature to Spotify profiles, similar to other social media platforms. It would be even better if Spotify could collaborate with a social media platform to create a more connected user experience. Also, I hope the number of ads can be reduced to only 2–3 ads, as too many ads can sometimes disrupt the listening experience.",2026-06-15 21:22:31,0,scraped,62
play_store,55fd0f6d-6977-4efe-b2db-91accbca3de2,3.0,,"The Like/Add to Playlist flow still feels awkward. You had it right - it was definitely quicker and more natural - Bring it back! An “Add to Last Used Playlist” button would help a lot! Having to navigate through multiple menus every time is boring. Recom. feel repetitive - same songs/artists coming up too often. Same goes for The DJ, it jumps between moods randomly, constantly killing the vibe - It needs to read the session's energy better, maintain it and adapt based on listening behaviour.",2026-06-12 07:25:41,0,scraped,86
play_store,b3c486b4-d10b-4d50-a2f2-171545638d5a,5.0,,"Spotify is hands-down the best music app out there. Its recommendation algorithm is unmatched—playlists like Discover Weekly and Release Radar introduce me to amazing new artists every single week that fit my taste perfectly. Creating, organizing, and sharing playlists with friends is incredibly intuitive, and the lyrics sync up flawlessly. I couldn't live without my daily soundtrack!",2026-06-11 21:30:48,2,scraped,57
play_store,9737440d-7ab4-4a26-aadd-9240156a9af1,2.0,,"For some reason Spotify have decided to introduce a new widget that is twice as big and insist that everyone switches to it. I literally just want the ability to see what is playing, pause, play and skip - like every other media player ever. Instead I either need to delegate 4 of my apps or Spotify itself to another page. I don't need or want things on the home page making suggestions or whatever else these new features are supposed to do. I should switch to Amazon which still has a 4x1.",2026-06-12 00:40:04,1,scraped,93
play_store,bf59eba4-a3f1-46d3-8f10-0b0f187e4fe1,2.0,,"I wish in Daly Mix and Discover Weekly it could give a mixed suggestion of English songs and Japanese songs, and not only giving one or the other. The app itself is good for music. But the new features are not so great, rather annoying almost. All those videos really feel unnecessary on a music app. Especially when a lot of videos are small kid bait trash. Not to add the fact I once played one podcast by mistake and now it won't stop recommending new episodes. The Premium price seems reasonable",2026-06-04 20:55:01,0,scraped,92
play_store,a5f7474d-ceda-48df-9bd9-c21ec159006f,3.0,,"Almost not worth it Even though I pay from Premium, podcasts have ads. The recommendation system has become worse over the years. There are videos on the home page when I open it, and play automatically. I wanted this to be a music player, not another social disaster. Also the WearOS version is kind of too hard on the watch. Optimize your code instead of spending billions on AI. Thanks. My 16 year old iPod Nano runs better than this horrible junk a hunk.",2026-06-05 15:53:24,0,scraped,84
play_store,8febfbc1-bae1-4ddf-ace9-cb85d992b742,2.0,,"I've always found the interface a bit unintuitive, but in the last year or two it's become hyperactive. Episode previews begin as I scroll, distracting me from what I was looking for and making it an effort to read the titles. I hate using the interface and will leave Spotify when I find something more to my taste.",2026-06-07 01:53:12,1,scraped,58
play_store,5077a6fa-a186-4286-8afb-07d36a146fc0,1.0,,"Used to be an amazing app before, but now with all the ads after every two songs and the availability of other more considerate streaming platforms especially towards artists, I genuinely feel like Spotify have played themselves. I understand the need for ads but playing two or three of the same ad after every two songs and in some cases one, with limited skips and inability to decide the songs to play, it's now a pretty distasteful experience. And many have said the same so Spotify, please ....",2026-06-09 16:24:23,2,scraped,88
play_store,3283acc3-7190-4a39-a75c-85d55ad5fd67,1.0,,"it is so annoying. I kept receiving too many adds. it's rare to receive at least 30 seconds ads. even when I report that Ive recieved these ads repeatedly, it never changes. I still get those ads. and I can't purchase premium because I'm a minor and I wouldn't be allowed to, anyway. whenever I put on calming music for studies, I always get interested nad distracted by these long, slow ads. cna oyu guts just accept that some people don't want premium and remove those premium ads. it's annoying.",2026-06-08 02:25:59,2,scraped,90
play_store,d2cc4047-54c5-4721-a0e9-1cb65f19fac4,5.0,,It's the best music app I have used there are little adds so it doesn't get annoying it's also incredibly easy too use. I find that it helps you discover new music and songs which is also amazing especially as it can get boring listening to the same song over and over. My whole family uses Spotify as we all find the app overall amazing and easy. We are always blasting music 🫶🎶🎵,2026-06-08 23:36:41,2,scraped,73
play_store,1b9addf4-b372-4f84-83f3-28d00674d002,3.0,,"Biggest miss - option to listen to ONLY new music based on likes, not previously favorited/listened tracks. If I like a track/artist/album - it doesn't mean I want to listen to it all forever, it means I want more of similar music + unknown music from the same artists. Also, Spotify alarm feature in Android is a big issue for reco, which is then highly based on the alarm tracks/playlists. Alarm tracks form suggestions in the app, they get to the top of year end review, DJ plays them ..",2026-06-02 23:25:04,7,scraped,90
play_store,e64963bf-5283-4556-886f-7c5ea4276879,1.0,,"Spotify was great -- but now I suppose they've updated it, and it's become so frustrating. I can't listen to a specific song, because it seems they've all been grouped into playlists -- I have to listen to the entire playlist to hear the song I want, even with the playlists that I've created. And if I want to listen to an album, it only plays one or two songs before switching to ""recommended for you"". LET ME LISTEN TO MY ALBUM!!!",2026-05-29 19:40:40,102,scraped,82
play_store,2572d318-73b8-4608-9728-9376f7224d04,2.0,,"Big variety of songs, both genre and artists. Same with podcasts. HOWEVER, it's a need for people that don't have premium Spotify to at least have free skips (even if that means more ads, which by the way are already so many with minimum play of three songs) not to say the ability to listen to their song of choice. Many kids, students and generally adults that may not be able to pay for premium for personal reasons or anything else should be able to enjoy music. Pls fix this ASAP",2026-06-02 02:10:20,3,scraped,91
play_store,2c57a027-a820-478c-9fdb-5f27f63b78f1,2.0,,"The mobile experience on Spotify has been neglected for far too long. We can’t repeat songs we actually enjoy unless we manually queue them. If we skip too many tracks, we’re forced to wait before we can skip again. This creates a frustrating, restrictive loop that traps mobile users into a limited experience — especially when every other music app either crashes, drains battery, or cuts out when switching apps. It feels like we're being forced and pushed into getting premium, fix your app.",2026-06-06 01:59:39,0,scraped,84
play_store,7b686e25-ab83-42c9-ad86-6fdf1a29cd4c,2.0,,"As a 7 year Spotify user, i can definitely say Spotify is getting worse and worse on every update. Spotify now plays ads even when you open it. Terrible experience with ads and the price keeps getting higher and higher. I wouldn't recommend Spotify to people who hate ads. Other than that overall its a 3/5. Didn't expect Ai to take over Spotify too. And at some point it feels not to update the app because it just gets worse with ads.",2026-06-10 12:18:28,2,scraped,82
play_store,66329ec4-9b1a-486a-b4cf-6712a6712d94,4.0,,"The jam : It works super well when playing music on speakers but not for multiples listening. Can you add an option to have a jam with 2-3 outputs : multiples phones that can be able to play the same music at the same time through headset, earphone. (so we can have a walk, a run : enjoying the same hits.)",2026-06-11 16:21:53,0,scraped,61
play_store,5dc931bc-183c-48b4-8435-65634a58fca3,1.0,,"Spotify manages to take something as simple as listening to music and make it frustrating. The app constantly pushes podcasts and recommendations I never asked for, while the songs I actually want are buried under endless clutter. The free version is packed with ads, and even the premium experience feels overpriced for what you get. The algorithm seems convinced I only want to hear the same handful of songs on repeat, and searching for specific content can be surprisingly annoying. Features appe",2026-06-04 11:17:09,5,scraped,82
play_store,c699a44d-eb80-42d7-aa65-3d3af779d65e,1.0,,"it does have artists that I like and the songs that I like, but downloading a song or album is premium, that's just ridiculous. I wanted to download an album, it just told me ""explore premium"" and I don't want premium, because on all music apps, premium means paying a large amount of money every month to listen to music, so I'm not wasting money on that.",2026-06-07 21:07:30,1,scraped,67
play_store,154e40af-8cc1-4955-ad32-b8d7f130e8c5,1.0,,"My experience with Spotify was disappointing. The app has too many ads, many useful features are locked behind Premium, and users cannot always choose or play songs freely due to playback restrictions. The recommendations are often repetitive, making the experience frustrating. Overall, it does not provide good value for free users, and I am not satisfied with the service.😡",2026-06-12 18:51:41,2,scraped,59
play_store,4d1512bd-5228-46ae-9b2f-3895a5711a4c,5.0,,"The Ultimate Streaming App! I’ve been using Spotify for years, and it is hands-down the best streaming service available. The Discover Weekly and AI DJ features are incredibly accurate and have introduced me to so many new artists I now love.The app works flawlessly across all my devices. Being able to seamlessly control my music on my phone, PC, and Google Nest speakers is a huge plus. The integration of podcasts is also brilliant.",2026-06-07 14:07:45,2,scraped,74
play_store,f33166a3-fd21-4ff4-becf-6a1567c8a256,1.0,,"I pay for premium, I still get ad breaks. Tried every method of fixing that has been recommended. Can't actually complain or get real help because Spotify has got rid of phone help, and their 'messenger' is just an AI bot that directs you to the same recommendations over and over again. Leaving a 1 star review is my last option before I cancel my subscription and delete the app permanently.",2026-06-12 14:11:46,0,scraped,71
play_store,bd87a908-f51c-40c5-8cc4-f8e78a750eb1,1.0,,"When I was downloaded this app I loved it, because it was a free app to listen my favorite songs. But nowadays the word 'free' is completely fake, because, at first it started to contain ads but nowadays it doesn't let us to hear our favorite songs after searching some, it recommends us to join premium. How can you deprive to listen our favorite songs by telling us it's free:( But now I'm trying some other apps and those are better than this:)",2026-06-03 19:53:00,5,scraped,83
play_store,accf0e1f-84fb-40a1-aff1-b1d9ee859bc7,4.0,,"​Spotify is an amazing, trustworthy app for finding new music and hosting Jams with friends. However, the free version makes life hard. You get hit with constant ads, and after a few skips, it blocks you and forces a random shuffle. These annoying restrictions basically force you to pay £12.99 a month for Premium just to listen to your favorite songs in peace. Despite the high monthly cost, it is still a brilliant app that I highly recommend to everyone. Please like this review!",2026-05-23 22:18:29,5,scraped,84
play_store,275ed3d0-2b9b-4be6-b9e1-480eb6a3adc8,1.0,,"Constant popups for premium, can't skip without long ads, can't play albums in order, and they have even stopped you from playing your ""liked"" songs. I mean, how could you stop us from playing our favorite song. So what's the point of this app then? It's better to listen to the radio, at least they'll play the latest songs. The free version is complete trash now. I'm planning to switch. Let's see what we can find.",2026-06-11 16:52:02,1,scraped,76
play_store,96d392d2-6d3b-4dd9-9076-dc03d5907c33,5.0,,It is so easy to use!!! the only problem is choosing your own music for a 1 hour song playlist on phone which is not good BC I can only choose one music and can't make it one hour. I hope they fix that and too many add but hopefully they do smth about it. over all its amazing and I use it every day!! also I want the wrapped playlist back at every end of the year I loved it!.,2026-05-25 11:23:20,8,scraped,81
play_store,71ca1e04-04c1-4d00-96bb-da7a78a60444,2.0,,"Spotify is really a great platform for listening to music, however I happened to experience a problem that has happened repeatedly on more than one definitely. This problem happens when I search for a particular song, it plays another song or other songs, which I found quiet annoying and irritating, please do see this review and improve for our experience. Thank you.",2026-05-26 00:12:11,6,scraped,62
play_store,c4812682-a0e5-4dd9-8a2b-598b9c245f14,2.0,,"Premium User. The app is becoming more and more unusable. Slow, reacts delayed IF it reacts at all, randomly pauses and is generally super janky to the point it cant be explained with Cache or too much saved songs (???) anymore. Its just obvious its becoming more and more vibecoded AI slop. Which is a shame since the app COULD be so good. The algorithm is weird at times but generally decent, I discovered a lot of artists I didnt know.",2026-06-09 13:40:38,0,scraped,81
play_store,53a940a4-fa12-4a43-9e69-b535234cfa8e,5.0,,"Great Music Streaming App. Especially across multiple devices. Free accounts are available with advertising. Which for more budget conscious people. Makes it, the more accessible platform. Out of the others. Yes ads play every 6 songs or so. But if you listened to radio. About the same. You can thumbs up or down an advertisement. If you like or dislike content. Tailor profile, playlists, and artists to suit tastes etcetera. The only downside is that every device platform of the app different.",2026-05-26 07:26:12,7,scraped,82
play_store,7915bc11-d6c9-487c-bddd-a04d4518c350,3.0,,"Expected better. Random UI glitches, sometimes stops playing after 10 seconds. Internet connection difficulties while I can browse the Web fine. Drop down screen UI element stuck on ""Spotify is trying to play"". Force feeding audio books. Doesn't really give new music when autoplaying, just plays what's downloaded into your cache. Also sometimes plays eloctroswing and then system of a down. They don't match.",2026-05-28 12:00:46,1,scraped,64
play_store,ff5d29e5-c563-44df-8033-3a99d4d5f7b2,4.0,,It's a decent music app that I use for several hours a day. The problem is that shuffled songs in a playlist of 8000 often repeat in the exact same order several times. There's also an issue where I can't add songs or podcasts to the queue anymore. Sometimes my queue completely disappears. Sometimes Spotify won't let me choose my songs too (it'll say I'm not premium even though my profile says premium),2026-05-25 02:00:56,5,scraped,73
play_store,6494c42f-487e-4aae-be44-94a97dc47f43,5.0,,"Spotify is one of the best music streaming apps available today. It offers millions of songs, podcasts, and playlists for every mood and occasion. The app is easy to use, and its clean interface makes finding music simple and enjoyable. I especially like the personalized recommendations, such as Discover Weekly and Daily Mixes, which help me find new songs that match my taste. The sound quality is excellent, and I can listen to music anytime, anywhere.highly recommend it to all music lovers.",2026-06-04 09:56:49,2,scraped,82
play_store,be0344ea-b48d-455c-a452-f5c71de0c29e,1.0,,"Spotify treats the people who have no premium, like absolute trash. Right after I put 1 song I get 3 ads. And I can't even choose which song I want to listen to not in the same queue as I have in the playlist. No words can define how much I despise this app. It treats the free users so badly as if we don't deserve to listen to music. Like 1 ad per 4-5 hours is fine but they make it theirs life's mission to make sure that you only get ads. Even if there is shuffle it keeps on repeating the same.",2026-05-24 20:20:34,4,scraped,104
play_store,3812af07-a47e-400f-a7c5-c0605520b24d,5.0,,guys the paid version is better than the free version. it adds plays other recommendations that I didn't ask for to the songs I search. it has a timeskip thing whereby when u have passed the timeskip limit they start choosing songs for. I like the app but u can do better and please remove the timeskip thing. But overall its good app with its flaws,2026-06-11 21:00:19,1,scraped,66
play_store,628be78b-1373-4f35-b8fc-c55336336d03,2.0,,"I am tired of shuffle not shuffling. I can predict the next song every time. If I skip a song it pops up several songs later, multiple times... I don't want smart shuffle suggesting new songs. I want shuffle to actually shuffle my liked songs. Work on this! And let the audio book credits rollover. Can't even finish one book most of the time. If my phone data doesn't get used throughout the month and rolls over to the next month and keeps building. Then unused audiobook hours should too.",2026-06-02 17:04:54,2,scraped,90
play_store,a0a7e38e-e709-4125-9eb1-e698123d516d,1.0,,"I’ve been using Spotify’s free tier for a long time because I love the music library, the playlists, and how easy it is to discover new artists. But the ad experience has gotten to the point where it’s seriously affecting how I enjoy the app, I’m getting an ad every 2–3 songs, sometimes back-to-back, which completely breaks the flow of whatever I’m listening to!",2026-03-31 15:48:28,30,scraped,64
play_store,53064b4f-03c3-4559-88d9-dee89be8b3f7,1.0,,"is honestly one of the worst apps I’ve ever used. It constantly lags, crashes for no reason, and sometimes just stops playing music out of nowhere. The ads are ridiculously long and play so often that it feels like you’re listening to ads with a little bit of music in between. The so-called “smart recommendations” are a joke — it keeps suggesting the same songs again and again, no matter how many times you skip them. Downloaded songs randomly disappear, and offline mode barely works when you ac",2026-04-14 11:41:14,27,scraped,88
play_store,b56d7f7d-6b23-47c9-908d-7b7326f3bd99,3.0,,"The app has a great music library and runs well, no doubt. But the free version is frustrating constant ads, repeated premium prompts, and now a limit of just 6 skips per day. I understand ads support free use, but this feels too restrictive. Music should relax, not stress. The skip limit was the final deal-breaker. I’d rather stop using it than feel forced into premium.",2026-04-13 23:41:49,23,scraped,66
play_store,d1e69d10-d0ed-4500-bed9-8d14a180e127,2.0,,"I have 1,800 songs in my Fave Playlist. Despite changing the settings to be more random, I will hear the same song a day later. I'm paying to hear 1,800 songs, not the same 200-300 that the app somehow chooses again and again. I have been forced to find a 3rd party app to create random order. It should be easy enough for Spotify to do this but, despite many, many similar complaints, this has not happened. It is Spotify's single greatest flaw. It has been suggested that I just restart. Lame!",2026-03-29 04:35:02,16,scraped,92
play_store,6818100e-99e4-4c42-aa34-2a3d2f66ae00,2.0,,Great app and I really enjoy using it. although I've been experiencing problems with the fact that I have to exit my Playlist to make songs load. it takes like 5 tries to add new songs to my Playlists. for some reason songs have been removing themselves from my Playlists(?). And I personally dislike the fact you can only access the search bar when you're at the top of the playlist now. I can't ignore these problems and for that reason I've rated it 2 stars.,2026-05-17 09:33:04,6,scraped,86
play_store,5c08bb83-fda4-44d5-be89-6ef180c040e6,2.0,,"If you sign up for an account expect the price to jump frequently for almost zero increase in service. Their song lists just play you your favorite songs back. it's like pulling teeth to find new music. If the kids didn't use it for all the Disney songs, and if I wasn't too dang incompetent to figure out how to transfer my playlists to a different app- I'd be out. The kids can't even listen to kids stories which is the whole reason I got roped into the Spotify family. Take my money. Smad face.",2026-05-16 09:58:24,5,scraped,95
play_store,b4f87eb2-4d80-4e19-bfad-0835b6077fd0,5.0,,"I love this app. less ads much more enjoyable. I just love it. we can see abt the artist or see the lyrics if we want to, that's like a plus point. and it has all the music genre I like. kpop, hip hop, pop, phonk , funk and more. and without premium, we can close the app but still listen to the song we played. perfect for multipurpose. as a student myself, I love listening to music while taking notes so spotify is a go to and a must have. try it for yourself I don't think you'll regret. 5 stars",2026-05-12 18:04:43,16,scraped,102
play_store,adc04774-0a49-48f9-b839-e0e56d3c8b0e,2.0,,"From the best music app to the worse. 6 skips per HOUR, cant turn off shuffle (premium), rarely able to choose the song you want (premium), sometimes you get forced to watch 4 ADS and the bad thing is that if youre trying to find a new song to listen to and skipping mindlessly, youll be bombed with ads. Miss it when apps were actual apps and not money grabbers. Giving it 2 stars because over the years I have made a lot of playlists and they're important to me.",2026-05-09 11:32:10,4,scraped,90
play_store,563c48e1-0d0d-4405-98a8-7f914b0b3601,2.0,,"WAY too many ads. 3ads in a row after like 2-3 songs is ridiculous. they're too loud and annoying. imagine listening to frequencies or calm quiet songs and suddenly get blasted 2x the volume ads about not having premium. And recommendations should be a option in the settings or smth, I don't want to listen to something 'similar' to my music just because my playlist is small. why can't I listen to the same 8 songs on repeat? it's still a playlist. plus I already listen to like 5 different genres.",2026-04-15 12:13:18,8,scraped,91
play_store,21aabfa0-a0b1-40b4-9245-61f548cb79bd,1.0,,"seems ok for music but doesn't even show up to play for podcasts - no settings to get rid of podcasts, can't see the queue, listings get polluted with 'recommended podcasts' and a bunch of other stuff. I had fairly high hopes but its pretty much a mess as far as podcasts go. April 12/26 For a while they were doing better but now many podcasts won't even play at all. I've tried all the suggestions but nothing seems to work.",2026-04-13 03:08:34,9,scraped,81
play_store,31d15dc9-f11a-45e2-bb08-e84db7dbe140,2.0,,"was a great app, now constantly bugging out. Unable to even play a lot of my songs in my liked songs playlist, can't even stay on the selected genre any more. Fix this issue Spotify and I'll consider re-downloading and paying again. And yes I've deleted the app and reinstalled. Edit, the issue has been resolved. Very quick tech help team. Edit again. The issue is ongoing, I've moved to SoundCloud.",2026-05-20 04:41:02,18,scraped,71
play_store,3caf58b0-3e17-42ba-a8bd-405527b12ca9,2.0,,"Was amazing at the beggining (11 years ago) then became more and more unusable in the last years, became really bad this last year. So bad, in fact, that I switched to another plateform. The algorithm only recommends me the same tracks over and over again with some new ones once in a while.. It also recommends me with a lot of podcasts I do not want to see, audiobooks I can't listen to or music in genres I never listen to either. Overall very disappointed with my recent experience.",2026-05-12 23:42:36,5,scraped,90
play_store,04585220-0a8d-405f-9418-985c316a189f,4.0,,"My favourite app for music on the go is Spotify. It’s easy to use, simple to navigate, and great for creating playlists, listening to podcasts, and discovering music. I also love the new AI DJ feature that mixes up songs when I’m not sure what to listen to. The only downside is that audiobooks aren’t included in the Family plan, it's asking us to subscribe separately, rather than allowing it to be added to the joint plan, which doesn’t make much sense. Please look into that",2026-04-29 11:12:25,9,scraped,86
play_store,79b660fd-82ed-4f52-ba04-23d7134155b5,2.0,,"Spotify is good for personalization and discovering music, but the rest is meh. The limitations put on free listeners is excessive and makes listening to music inconvenient. The ""30 mins of ad free listening"" never happens. I'd listen to 2 short songs and then get 3 ads. You also can't listen to any specific song you want without premium. I'd rather use a platform that allows me to listen as I please for free.",2026-04-15 13:37:21,7,scraped,74
play_store,5ab4a653-6456-4167-9c36-5f9e0f81af04,5.0,,this app let's you discover and explore more music and your taste buds.it also has options so that it can play while your phone is off but not low and it can play back round music which is helpful to most of the people it let's you search for new music genre and more while you relax your self that's why I like it. TRY SPOTIFY AND IT WON'T DISAPPOINT YOU ❤️❤️😘🫶👌,2026-05-18 21:57:25,6,scraped,72
play_store,375742ae-dd27-4ee5-a364-7b0a3c253138,4.0,,"Just one complaint with the app currently, and that's my main page being invaded by video podcasts about murderers or unsolved crimes. I have to scroll to see my own content and saved playlists etc, and I'd rather not be bombarded with media I don't want to see. I don't mind suggested playlists but a video taking up half my screen when I open the app is starting to get annoying, and no matter how many times I select 'not interested' they keep popping up! Please add a setting to turn off!",2026-04-16 13:08:40,11,scraped,92
play_store,9b21af36-354a-472e-b6a8-8004bbe6c8e6,2.0,,"Spotify still don't understand shuffle. Repeating the same 30 songs out of 3000 does not constitute shuffle. It's understandable to not have proper random, but if I start playing from a song, it's not supposed to fall into the same set of songs every time. I've been using Spotify for 10 years, this problem has somehow only gotten worse.",2026-06-16 04:41:55,1,scraped,59
play_store,e9c99d76-896f-4f79-93bf-e97260dd67bb,1.0,,"Stop playing episodes that are finished!! Specially for paid accounts... The mandatory queue is based on a non-sense algorithm, especially when listening podcasts. Lately, instead of adding new episodes from the same podcast, it adds previous episodes already finished... !? Ability to empty the queue and to not have random things added would be nice.",2026-03-29 22:41:21,12,scraped,55
play_store,4116044f-7c9c-4839-85b6-9e50b43ba179,2.0,,"The app malfunctions when I have no wifi or data connection, whats the use of having downloaded music if the app doesn't work offline? It also randomly stops playing for no reason. Any suggestions as to why I am experiencing these issues? Would be happy to give five stars and continue with premium if these issues are resolved. If not... I dont need Spotify, there are many other platforms I can invest in.",2026-06-11 13:24:46,1,scraped,73
play_store,4ebdb786-d02d-42b8-a271-6d00af4cda83,1.0,,"The new android widget you're forcing everyone to use doesn't even work. It never loads, frequently says it's offline even when connected, and it's way way slower than the previous one. Also it's twice as big as the previous one with no way to adjust it. I don't need the extra features, and they also don't work most of the time so all that space is taken up just to say ""we can't get recommendations right now"". You seem committed to making the app worse with every update. Please fix this.",2026-06-12 17:15:08,200,scraped,91
play_store,4ffad75e-2902-4183-bc67-6f3adf3fc62d,2.0,,"the app itself is fine, as it works. the 4x2 widget that's being imposed upon me is not, as it doesn't work. it's junky & big & doesn't even open the app when I tap on it if I haven't got an active podcast. I loved the 4x1 widget as it was the perfect size, functioned & I didn't have a whole line taken up by little icons of podcasts that I don't want - if I want to change or browse, I'll open the app myself! bring back the previous smaller player widget!",2026-06-16 02:23:01,2,scraped,94
play_store,1b894aab-a05e-4a71-ac1c-b74871430746,3.0,,"i like this app! i even paid for this.. but with the update (About Song and SongDNA), it's getting frustrating to deal with. i don't want to deal with ai and listen to it too, i also don't want my favorite songs to change how it sounds! I'm sure many people agree with that. so please! I suggest having an option to be able to turn the SongDNA, or AI on/off. us premium users don't pay for AI, we pay to listen to music made my actual people. it will be highly appreciated!",2026-06-05 23:23:16,1,scraped,93
play_store,1cc00221-a1f9-4e24-bde0-b26d628d3e1e,1.0,,"Keeps getting worse. I've been using Spotify for a decade and paying for premium almost as long but I am now looking for an alternative platform. Everything good about this app just keeps getting worse - my discover weekly is now full of artists I already listen to, my release radar has artists I've listened to once, the widget has been ruined, daylist is repetitive and doesn't reflect my current listening habits. I feel like no real person has had any input into the algorithms this year.",2026-06-11 15:21:06,1,scraped,87
play_store,187492f7-6973-4780-a250-25790a79e2bf,2.0,,"I've been using Spotify since 2012 and used to love it for organizing playlists and discovering music. Unfortunately, the app has become increasingly bloated with features like videos, now even fitness content. Hence performance has suffered since then...it can take minutes to open the app and start one of my downloaded playlist. Support claims I have too many songs. But I'd just love an option to disable non-music features and keep Spotify focused on what it does best efficiently: music.",2026-06-11 18:42:12,0,scraped,80
play_store,40df5d8b-b108-4f6d-8107-82f005a11059,2.0,,"They are recommending for Spotify premium for 99 INR for 3 months but due to this after 1-2 hour of listening to songs continuously they disable all control means no song change, no rewind, no fast forward, no skipping song and only 6 song skips a day only clearly this is very disappointing. I want that at least they should not spoil the free version I have been using the app for about 1 year but nowadays this is very much frustrating and this type of action is taken for about a week or so.",2026-06-03 15:00:26,6,scraped,95
play_store,6da9f34b-4aae-44fd-bd54-bc080b369460,4.0,,"Spotify is a good app because it lets me create playlists easily and save all the songs I liked in one place. I also like that even without data, some liked songs can still play offline. The app keeps track of my music taste, and it creates playlists for my most repeated songs and recently played music, which makes finding songs easier. The only issue I have is with the lyrics feature on my phone. When I open lyrics for one song, it does not stay open for the next song, so I have to reopen it.",2026-05-29 15:24:32,3,scraped,97
play_store,7c863180-2828-4697-a68c-908a51956b9f,2.0,,"8 year Spotify Premium user here with 1,190 liked songs. Despite using shuffle, fewer repeats, clearing cache, and turning off Automix, Spotify keeps playing the same small group of songs over and over. Shuffle doesn't feel random and much of my library rarely gets played. The music catalog is great, but the repetitive algorithm is making me consider switching to another service. Please add a true random shuffle option. I really don't like the algorithm approach.",2026-06-01 10:12:52,2,scraped,76
play_store,4e6ecafd-417c-4ae6-89e1-f9044f188197,1.0,,"I had an Apple Phone. I used Apple Podcasts. All was good. I get a Samsung phone with Spotify pre installed. Fine. Podcasts on Spotify now. I drop my Samsung Phone & get a Google Pixel. Google Podcasts got taken away & replaced with YouTube Music. I want an app that I can close when doing something else, so I stick with Spotify. Spotify when recommended music & when a song is not available on YouTube or SoundCloud. Sometimes it opens, sometimes it gets stuck. Completely unreliable.",2026-06-08 00:20:40,0,scraped,87
play_store,c14c7069-7258-4314-a743-f90c2b9bed2f,2.0,,"I'm rating it a 3 bcuz atp it's just asking for us to buy premium. like when I started using this app, it let me have my songs repeatedly, and let's me listen unlimitedly. but now... it doesn't let you repeat the songs, and you get to pick only a few songs before it doesn't let you pick. it's really annoying and it keeps begging for us to get premium. And that's my review for this app.",2026-06-01 10:32:38,4,scraped,77
play_store,eb1365da-7595-46ad-85d5-b51cf2048607,1.0,,"This stupid app won't let free users listen to music in peace. After a limit, you cannot skip songs. You are recommended RANDOM songs not in your playlist and cannot do anything about it. You cannot even skip to a certain part of the song you are listening to. And the ads are so long and frequent it makes this app hell. Spotify needs heavy improvement for free users",2026-06-02 15:37:04,5,scraped,69
play_store,b106484c-cd0e-464c-bea8-538c14096f9d,1.0,,"bro, spotify!!!! listen to this!! your free version is like honestly terrible rn! It only let's us play 5-6 songs of our choice, then some kind of robot just recommends music thats similar to the music we wanna listen. Its not like it'll hurt to be like the app you were before!! Its really annoying and there are literally so many ads just after playing 2 song like WHAT'S THIS BEHAVIOR!! HUHH!! why attack a music lover's heart with your ads!! 🤧🙄",2026-05-30 20:40:38,2,scraped,82
play_store,2be7642f-e1f8-4687-ac32-86a1860a97bc,2.0,,this app might be the best with the most expensive premium pack u can buy maybe . because for me it has gotten so bad back then I used to get 1/2 ad in an hour and as I use it for free so I was greatful and fine . but now the way u cant skip and constantly recommending others songs then nowdays I'm getting 2/3 adds after per 15 minutes of using. I'm shifting to downloaded mobile music byebye,2026-05-31 20:48:20,0,scraped,81
play_store,506fdce2-4b2b-48b1-ac56-c17d8f704d39,1.0,,"you treat us like garbage GARBAGE if we don't pay for your subscription you don't let us choose songs we want unless we have premium.its not optional to skip songs you don't like because""we have 6 skips and hour"" honestly this is forcing us to want to buy premium so we can listen to music.we don't even get to chose the music we want after choosing what song you want about a handful of times.WHAT IF WE WANT TO LISTEN TO DIFFERENT MUSIC.i do not suggest this app.",2026-06-02 00:34:45,0,scraped,88
play_store,11fec518-8f9b-4517-ac45-e6add8877acd,2.0,,"The Spotify algorithm is aggressively pushing AI music with no way to prevent it. I moved to Spotify because of the recommendations and automated playlists and use it daily to discover new artists. Great platform, but it's turning into AI slop and I struggle to morally support this knowing it is at the cost of real artists. Unfortunately it seems there isn't a good alternative out there. Best way to prevent this is creating your own playlist, but this also limits exposure to rising artists.",2026-06-08 11:31:16,0,scraped,85
play_store,27ccc784-09b5-4f45-a73e-6b41c1e43e71,5.0,,"Spotify is an amazing music app with a huge collection of songs, podcasts, and playlists. The interface is easy to use, and the personalized recommendations help me discover new music every day. I especially love the curated playlists and the ability to listen across different devices. Overall, Spotify provides a great listening experience and is one of the best music streaming platforms available. Highly recommended!",2026-06-11 15:16:14,1,scraped,65
play_store,bdd80a46-a570-480e-8f83-cccbffeac5b6,5.0,,"When I switched over from YT Music I was astonished about how good this app was. Sure if you don't buy the premium subscription you get ads and limited skips, but that's not terrible. on the other hand it does expend quite a bit of battery but it is a free app so I would recommend trying it out.",2026-06-02 12:35:15,2,scraped,59
play_store,82154e17-fd05-4b4f-b693-c863239f6dd2,2.0,,"thinking of switching to youtube music bc 1. im constantly getting ""recommendations"" for podcasts and i NEVER listen to them. the not interested button doesnt do anything either so thats fun! 2. its saying im offline even though i have never been more online??? no matter how strong the connection is. 3. pretty much no customization, i'd love to have the repeat button instead of the + button in the notification panel control center.",2026-05-29 04:18:34,2,scraped,74
play_store,449dcf49-d791-448e-9dd9-0c63dd699ee7,5.0,,"it's the only subscription I pay for, so worth it. I love the variety of music and it also got me into various podcasts, about raising kids, home renovation and motivational/self help. It's helpful for kids nursery rhymes in the car too. I occasionally use the DJ function, or the playlists it makes for me, and the addition of smart shuffle on my own playlists has helped me get some new music.",2026-06-05 06:51:00,1,scraped,72
play_store,c78bffdc-d5b6-4339-a92b-37ab928bc7a2,1.0,,"it was a great app for so long. I've been a premium user for four years from India. For the last six months I've been struggling to even open the app. it opens, shows black screen and repeats. I've uninstalled, cleared cache, storage data and all kinds of stuff. I'm thinking about cancelling my subscription and moving to some other premium app.",2026-06-08 05:51:51,0,scraped,62
play_store,46b8786f-6db9-473d-9372-dc9cbd669219,2.0,,"Broadly fine, but far too frequently insists it is offline when everything else on my phone is able to connect without issue. Other times it will just inexplicably say ""Something went wrong"". Obviously the algorithm is worse than ever but that's to be expected now, but a crumbling app when you're paying that much really shouldn't be accepted.",2026-05-12 22:03:05,1,scraped,58
play_store,74ff4574-8770-4fd5-95ed-31b252cda696,1.0,,"Back in the days Spotify used to have the best algorithm with playing similar music to a persons liking, but lately I'm getting so annoyed with it as it's just so random. most frustrating part is that I have a 3 month old and for the last 3 months I've been only playing lullabies and white noise, but it still somehow manages to shift to random podcasts I've been listening to last year. I can't explain how annoying it is to have to settle down a screaming baby because it got woken up by Spotify.",2026-04-19 03:15:27,6,scraped,95
play_store,0ab6c5cc-37c3-4cf3-a99f-b91afd308e32,3.0,,"As a premium user since 2019, I honestly have to say I wouldn't be able to use it if I wasnt paying. And even If you do pay, it's buggy sometimes. One bug that I encounter often now is the app going offline for no reason even though I have internet. If you do decide to get it, I highly recommend premium, if you can't pay for it, I advise looking into apps that are more friendly towards users that don't spend🩷",2026-05-12 22:34:16,4,scraped,82
play_store,996ae2e5-9eb9-46d4-8197-e71c16fd4f8c,1.0,,Shuffle with suggestions will prevent you from selecting new songs. You can't change tracks without pausing music. Dumb bugs like this that didn't exist before is the reason for the 1 star. Improve your app and stop making it worse! Nearly a year later no change. Bugs are worse!!! Now even of I select a genre under liked songs. Ot plays whatever anyways. Horrible app! Fix it Edit: Problems still persist. Unable to skip songs with voice commands because it causes deaync now. Zero improvement!!!,2026-05-13 01:47:23,32,scraped,85
play_store,ea90cb69-e417-46cf-ae68-1cdc5d320334,2.0,,"It used to show me the options to play through speakers, headphones, phone, Google Chromecast on TV, or Google home device, now my only option is phone. Shuffling my playlists is pretty useless as it just plays me the same 50 songs or so from a playlist of 1000s. Also, music recommendations are awful for anyone that doesn't listen to what's popular. I listen to pretty much just rock and metal music but they're always trying to push what's popular rather than what I might actually listen to",2026-05-10 01:40:01,6,scraped,88
play_store,f0dae77d-5e67-4127-a4c7-7c44feab6cf8,2.0,,"First of all if you are planning to listen to this app without subscription, then I recommend not to download it cause they give like 15-30 secs ad every 3-4 songs or even less and as u keep listening there will be 4 ads, legit not kidding and all together they will be around 1.5 mins and sometimes longer and if you are still enduring this long ads torture then they will stop u from choosing and playing the songs which you wanna listen so at the end for free youtube is better.",2026-06-08 21:54:53,1,scraped,93
play_store,2317816d-86e6-4fec-a0c1-9e5f069702cb,5.0,,"I recently installed Spotify and found the setup process quick and user-friendly. The app offers a clean interface, personalized music recommendations, curated playlists, podcasts, and seamless syncing across devices. Audio quality is solid, and discovering new music is easy thanks to its recommendation engine.",2026-06-05 10:10:04,0,scraped,44
play_store,d7d7d3a8-ee69-46dd-bed3-0f1b373f00f0,1.0,,I really love Spotify but I hate how you only have 6 Skips an hour?! unless you have premium?! and then can't play them on repeat or just choose any song ?! ( unless you have premium) and ADS?! like I really love this app to listen to music but to be honest YouTube is easier to deal with . like come on I just wanted to listen to my choice I do recommend this if you have the money to pay for premium to skips songs and stuff but this app is kinda horrible without premium.,2026-05-20 12:23:47,4,scraped,97
play_store,85bb5142-3049-4c4e-9385-cdf7ebc6a6d6,1.0,,"They are literally begging us to buy premium. Is time that tough? Can't even enjoy a single song without getting interrupted by ads. You can't even listen to songs in order, cannot skip after 6 skips, cannot choose songs after some point, then what is the point of this app. Listening to the radio will be much better than this. Atleast the radio will play good songs. WORST MUSIC APP OAT.",2026-05-31 15:56:36,7,scraped,71
play_store,c0b7673a-8fe9-48e8-a0c0-f32938465bee,1.0,,"It's a good app if you're on premium, the free version only exists to sell you premium. It has excessive ads which I don't mind, it doesn't allow you to join a Spotify party thingy which is annoying, you can only skip 6 songs per hour which is buns. I wouldn't mind any of those things but if I want to play a specific song it doesn't let me and says I should try Spotify premium, starts playing my ai generated recommended which is garbage, mainly 1 star to drag rating down.",2026-03-28 04:36:33,9,scraped,92
play_store,1981b6b7-e367-4dd9-9a02-a300dae87a0c,4.0,,"The app is good, not really any complaints from me personally. But I do think that maybe, the pop up adds are getting a bit much? And I know that Spotify is a great app for products wanting more buyers to like buy their items and everything. But sometimes I would just like to um...watch the small like clip of the song. You know..to like see if I wanna actually watch the mv as well as the listen to the song. But over all the app is great, would highly recommend using. 😊",2026-05-30 12:09:51,3,scraped,93
play_store,5ff994d8-2b2e-483f-991b-a2fe05152b9e,4.0,,"I love how it sorts my playlist, with recommendations to my preferences. Well organized and doesn't require much. The podcasts section is great, with a wide selection of stories. Very clean. Top favorite, best part of the app. The only dislike I have is the ads, and minimal skips. Mostly ran well app. 😄",2026-06-07 01:50:05,1,scraped,54
play_store,a0a3c255-4b67-4b93-8ca0-c3f2549177d5,1.0,,"Awful experience. No reaction at all to me removing some artist from my recommendations (still shoving it everywhere); Completely erasing any traces of one music mix and automatically shoving in another, which I DIDN'T wanna listen; Every time I try to report a playlist that shouldn't ever be in my recommendations (and for some reason still appears), the app suddenly can't find it in the report form! How convenient for you!",2026-03-28 18:38:19,10,scraped,71
play_store,9cfa0f5d-ad76-415e-9865-f1fe1b2c4b8b,4.0,,"I've been using this app for 2 years and it still hits hard. me, lying in bed or studying while listening to some music with the genre that i got into. but even though this app got all the good stuff. it still has some drawbacks, first is the advertisements. all i can say is that it's a little bit too repetitive, unlucky me I'm broke. but it's still great though.",2026-05-27 14:31:16,2,scraped,71
play_store,64130c4b-6a96-4e47-98a3-df723be65d28,5.0,,"I just love everything about this app. It has offline back up music when you listen to songs if your data is finished so that you could listen to. It has your own recommended songs. It has almost every song you could ever think of. But the most interesting thing part of about it is having a premium subscription. As long as you have it, you can download your favorite songs just to play them offline . I'm glad I have got this amazing app . It also gives new users a 1-month free trial.",2026-04-14 15:51:38,17,scraped,95
play_store,df9dfd0b-5a4a-4011-940f-9589a512f1f9,5.0,,"The perfect listening app for multitasking. without the subscription the advertisements are nicely and evenly placed, not too annoying, yet tolerable. the related song suggestions help find songs that fit your taste and show you something knew. the end of the year wrap is always my highlight, I love learning the songs I loved most in the year. though not all songs from other applications are on it, that's due to the songs artists.",2026-04-29 17:44:56,17,scraped,74
play_store,e022a2b1-ecbf-4c8b-aef7-3bdbcb281c86,2.0,,Spotify app has become v slow and frequently crashes/restarts. Assume it's all the auto-play videos they're forcing on users and AI running in the background. Spotify's recommendations are becoming more are more generic (audiobook 'more like this' is particularly bad + often doesn't even recommend other books by the same author) and the album radio can be very samey. Sadly the app's direction of travel is bland corporate sameness and data hungry features many users don't want.,2026-06-14 14:18:24,32,scraped,77
play_store,aa1f035a-a262-40f5-b3a9-68fa8e4533cd,3.0,,It's a good app but if you see a Spotify logo on the top left corner... you'll listen the exact same songs as before without exception. Recommended - same songs / Next to listen - same songs / Bands to watch out - same songs... The worst part that other people's playlists became invisible and you have to listen the same songs... Great progress in the last few years!,2026-04-24 00:38:15,4,scraped,69
play_store,552ac348-d99e-4de7-abc4-726fac6a85dc,3.0,,"Every time I open Spotify if not using it for about an hour. It says I'm offline and takes about 10 seconds to ""turn online"" and let me search or browse. It has never behaved liked this before. That is a huge gap of not being able to access anything. It has been doing this since thr last update. I wasn't sure if it was the connection before. But it's the only app doing this and it's starting to get really annoying.",2026-03-29 20:33:01,18,scraped,82
play_store,ff4c548b-4bae-4b05-80e1-126e3c3c5d36,5.0,,I've been a fan/customer of Spotify for approximately 4 years now. I love the product. The interface is easy to navigate and they have awesome customer support. Currently I'm strapped for cash but that should change soon. At that time I will become a Premium member again. I highly recommend Spotify!,2026-05-29 21:01:25,1,scraped,51
play_store,7d95c8b8-4fa1-4914-9d69-b22b55c78eb5,5.0,,"Spotify is similar to other apps so you may wonder, why switch? Well, MANY reasons actually. Better recommendations than competitors such as Apple Music for one. But the MAIN reason. More people use it, so its easier to create playlists with your friends for a holiday or something. If your paying for an Apple Music subscription, I'd switch. Not sure to pay for premuim, just ask you friend for the 2 month free subscription thing they offer, because THEY use Spotify. Don't be unique, use Spotify.",2026-06-04 02:12:25,4,scraped,86
play_store,0ded43fa-c25a-4022-8338-856b29da1927,1.0,,"The paid version is still not good at shuffling playlists it will just loop after however many songs. I turned off the repeat feature and it would randomly stop without playing all the songs. Finally and most importantly, the artists don't even make money from this so at its core, Spotify feels anti-creative and anti-music. A platform that rewards sameness, devalues artistic work and trains people to treat art as throwaway content. 1 star is too generous for this money grabbing operation.",2026-05-26 16:35:00,0,scraped,82
play_store,8d088a31-5261-41ad-b7ef-53f1b7c042cc,1.0,,"Still awful.Absolutely terrible. Have been kicked off family premium twice now without reason, and the ""contact us"" help option is a waste of time. If you play 10 hours today, and continue tomorrow (without ever closing the app) it will play the exact same songs in the same order. Gets confused with certain cars and skips songs or podcast episodes. Have now lost the option to search for songs",2026-05-12 23:56:08,75,scraped,69
play_store,1fc691cd-3777-4ae6-bacd-6735ecd86252,2.0,,"In general I like Spotify. Easy to explore new music, simple interface, good music quality. The major downsides I've experienced: 1. Trying to search with a bad internet connection can't even show your downloaded songs.. 2. My really large playlist started having songs disappear, not deleted from Spotify, just gone from the playlist.. 3. Memory leak at one point causing the whole app to freeze and crash daily, fixed now though.. 4. Randomly starts to re-download already cached songs sometimes?",2026-05-19 11:06:27,2,scraped,80
play_store,163d0ad4-83bf-4bd6-b9ea-75366e25b3f9,1.0,,"A psychological thriller disguised as a music app.​Using Spotify Free is like being trapped in an elevator that only plays the music you hate. I didn’t realize ""listening to music"" now meant being forced into a digital prison where my requests are ignored and my ears are assaulted by a ""shuffle"" algorithm that feels intentionally malicious.​I asked for one specific song to help me get through the day, and Spotify responded by bury if I could, would have given -5 stars, the policy doesn't allow.",2026-04-08 03:17:20,12,scraped,85
play_store,22399782-8765-41ff-8f8e-c726e4ffc6fd,2.0,,"App gets worse over time. Various small bugs, somehow is slower to stream a song than tiktok is to stream an entire video. The recommended music is wack and not very close to what I listen to. edit 05/2026 sometimes plays songs that were removed from the playlist months ago and randomly replays 1 specific song despite it not appearing in the song queue. Playlist enhancements and recommendations are turned off.",2026-05-20 04:47:07,2,scraped,71
play_store,8c3e883e-ad05-4d8a-9795-f486da1e11dc,1.0,,"Honestly, I really don’t like Spotify. It feels so overrated and kind of annoying to use, especially with all the ads and limits on the free version. You can’t even skip songs properly unless you pay for Premium, which totally ruins the fun of listening to music. The constant reminders to upgrade make it feel more like a money grab than an actual music app. Even the song recommendations aren’t that good — I keep getting the same tracks over and over. Overall, I’d rather use something else",2026-05-07 00:42:00,9,scraped,88
play_store,b7a909b1-6e74-48e0-9fee-ebd6cf9d4888,1.0,,"If I turn OFF all the stupid music videos and visuals, why tf would I want a video ADVERTISEMENT? App still plays an ad, tells me there's 30 minutes ad-free, plays a single song then gives me 2-3 more ads. This doesn't incentivize me to subscribe, it makes me find a workaround and cracked app. Music suggestions are stale & shuffle doesn't work properly.",2026-05-22 21:02:28,0,scraped,64
play_store,90974fb6-f5de-4422-aeab-d97714495952,2.0,,"it was great before the latest update. I loved the DJ because I would just say play me songs for this etc and I would get a bunch of new songs and it was great. I updated it recently and the DJ doesn't work properly anymore, it used to play songs automatically for you but now it just gives you a list of recommendations. I preferred the way it was before the update",2026-05-25 13:37:51,1,scraped,73
play_store,c890128c-98f6-4864-a51a-8644a083e766,5.0,,"I cannot play anything, new or saved. Can see and add to play lists but not actually play them. Have uninstalled, re- installed, cleared cache, changed settings, changed accounts... everything suggested elsewhere. Getting a message ""something went wrong try again"" but nothing is allowing me to play. Frustrating is an understatement. What is going on with the app? Back to 5 stars...problem corrected. Thx",2026-06-02 14:07:30,2,scraped,64
play_store,d1413efc-ca4b-4f1c-9198-c22a4c651022,1.0,,"Don't download this app if you love songs because it is gonna make you hate them. It's getting worse day by day. The algorithm of this app is soo frustrating. Initially it started like if you are listening to a song, it will play a song of totally different vibe next. But now this has become worse, it plays English songs after the song I played,which I never listen. No matter how many times I have skipped them.You can play around 10 songs daily without premium. I have stopped listening songs now",2026-05-28 11:28:20,8,scraped,92
play_store,cfe85e3f-64de-455c-8222-9c1582a71630,3.0,,"I've been using Spotify premium for 10 years now. I find it only suggests music similar to what I've been listening to recently. I have a hard time getting it to change genres. This year's wrapped was lame, I, like everyone else wanted to see my top five genres, not three featured months. why does Release Radar shuffle itself every day. I just want to hear all the songs and it makes it very annoying. I feel like the suggested music lately has more to do with who's paying Spotify.",2026-05-24 09:35:58,99,scraped,90
play_store,6b5755e0-8fa5-41ff-9854-435c41614500,1.0,,"(edit: 27/5/26 - opened the app and got an ad before I could open the app, no, not before I could play music, but before I could even open the app ITS PRACTICALLY ADWARE AT THIS POINT also, I started to receive a higher frequency of adverts but I am played such a small variety of ads that I get repeats) Clicked the play button on my playlist and received the message: You discovered a premium feature! Brilliant, they removed music from the free plan. The ads are louder and longer than some songs.",2026-05-27 23:03:53,26,scraped,94
play_store,20b391fa-f074-41bc-9a4d-c0db7b5ca50e,1.0,,"i would give them zero stars if possible, Spotify used to be a great app, but now it feels completely unusable unless you pay for Premium. The free version is honestly one of the worst user experiences I’ve ever had. You can’t even play the songs you want properly because everything gets shuffled randomly, and half the time the app forces recommendations you never asked for. On top of that, the ads are nonstop and extremely annoying. It feels like after every few songs there’s another loud inter",2026-05-28 10:38:03,5,scraped,88
play_store,de2a543f-a48c-48e3-b442-24ad9482bac0,5.0,,"absolutely brilliant app for music, by far the best. Especially for discovering new music and the customer service is superb too. orginally had no hopes of getting anywhere by following through with the reply on my review but I was wrong and the issue was resolved in 5 minutes. If anybody is wondering how to stop your playlists playing the same set? just delete cache and it'll work again. also worth mentioning that the premium price is worth it.",2026-05-19 02:40:39,12,scraped,79
play_store,99e22dd8-928e-467e-ae68-8eed8ccee2ec,1.0,,"Increasingly annoying. Completely set up to try and get you to pay for a subscription. The most annoying playlists veering far from what you requested. Their recommendations are tenuous and, despite the claim that it is optimised for chromebooks/laptops, the incredibly awkward functionality suggests otherwise.",2026-06-06 21:40:52,1,scraped,45
play_store,97e27f11-fe83-40b0-853d-2f648225adf2,1.0,,Spotify just terrible now! free tier is pretty much useless to listen to music you can choose like 6 songs a day cant go back if you miss a song and its littered with the same annoying ads every 10 minutes! paid version also skips podcast or just will stop the one im listen to and play a completely different one! terrible service for what they chargedyoutube music offers a Playlist transfer so thats what I did and would recommend anyone else,2026-04-15 03:16:43,5,scraped,82
play_store,6d5baed6-2a7b-4150-b370-6e720748e8ed,1.0,,"An app with premium advantages is FINE. NOT when you start taking the MOST BASIC things away and putting them behind that same pay wall (forcing us to listen on shuffle, now?). At this point, just make the app itself cost money. Genuinely converting to soundcloud after this. After checking it out, I recommend soundcloud. You can link Spotify to save so much time to get all your songs on there and you have so much more freedom as a free user.",2026-06-12 21:57:43,17,scraped,82
play_store,c169fae9-c126-4c60-aba0-a4ee0d0754e6,2.0,,Spotify for general day to day use is ok. But items like file size without downloads is making it unusable for me. Playlist creation has become incredibly over complicated relying massively on suggested songs not your library. You can do this but it is tucked away. I think I will be swapping to Qobuz or Tidal very soon. I also use YouTube for podcasts. I travel a lot and find having limited time to listen to a book and then waiting 2 weeks to finish one not great overall. When it should be.,2026-03-30 17:29:33,5,scraped,93
play_store,9cd95716-8770-4be3-91ac-1a24c7c35ab3,1.0,,"THIS APP HAS 3 ADS after each song for me . as a student I don't have an option and I go with the free plan but this is really frustrating. I've been using Spotify for a long time but now it's really annoying to use. there are third parties that'd give me songs like Spotify but being loyal, I've listened to these annoying ads for the past month and it's really difficult for me. just let me listen to 2-3songs and play ads right? and one ad is ENOUGH I don't need 3 ADS on REPEAT.",2026-03-28 05:38:00,12,scraped,97
play_store,ca0323c8-10df-4457-8504-790c972a315f,1.0,,"the UI has become so cluttered with ads for videos and podcasts that it's getting hard to find any music. I pay for premium and it's gotten so bad I am jumping ship to either YT, Apple, or Deezer. The recommendations for music have gotten way out of whack as well. Spotify also has this thing about pushing certain artists even though I have told it I was not interested. just a horrible app. bring back the Spotify of 5 years ago please.",2026-05-01 09:46:54,6,scraped,83
play_store,8f2cbae0-404a-45dd-a6dc-6ccfb549694c,1.0,,"I've been using Spotify for 7 years already, and I'm having a bad experience on mobile and taste profile problems. First of all, every time I open the Spotify app, it always says ""You're offline"" for no reason even though I already have WiFi or mobile data. Second of all, they are even artists in my Top Artists section that appear even though I never even listened to them, this affects my taste profile because there is no option to exclude artists from your taste profile. Worst experience ever.",2026-05-28 21:59:50,3,scraped,89
play_store,7cd25701-bbee-4b18-b6d4-c613d8748622,2.0,,"Spotify's recommendations are carrying this app. 💀 The music library is amazing, but the UI feels cluttered, confusing, and honestly a bit outdated. Every update seems to add more features, yet the app doesn't feel cleaner or easier to use. Please consider a visual refresh with a better UI, smoother animations, and more polished transitions. Also, not everyone likes dark mode 24/7—adding a light theme option to the mobile app would be appreciated. These changes would make Spotify even better.",2026-06-14 00:42:36,2,scraped,80
play_store,a02392d2-7e54-4ae5-953c-8812e34a23fc,5.0,,"Best music streaming out there 🎧 I’ve tried a few other platforms, but I always come back to Spotify. The interface is smooth, search works great, and the personalized playlists (like Discover Weekly and Daily Mixes) are actually good — not just random filler. Offline downloads work reliably, which is a lifesaver for commutes or when data is spotty. Podcast integration is seamless too.",2026-04-29 02:24:27,9,scraped,64
play_store,6078c093-b6be-4bb3-943c-098381586291,5.0,,"Spotify has become part of my daily routine, especially during workouts. DJ X always surprises me with tracks that match my energy — I’ve discovered so many bangers I wouldn’t have found on my own. The recommendations feel personal, the transitions are getting better, and the sound quality is perfect with earphones. The app runs smoothly and Premium has been worth it so far. Excited to see DJ X evolve even more and get even smarter with mixes. Highly recommend Spotify 👌.",2026-05-28 01:13:44,2,scraped,82
play_store,5fbd3525-82cf-4d7d-bc4e-2e6eac89ffb1,4.0,,"Spotify offers an excellent music and podcast experience with a huge library, personalized recommendations, and a clean interface. Music discovery is fantastic, and streaming quality is great. However, occasional ads, app glitches, and some premium limitations leave room for improvement. Overall, a great app for music lovers.",2026-06-03 12:51:05,0,scraped,47
play_store,31d9e489-36bb-46de-a5fc-59075301d06d,3.0,,"Issues this app has: shuffle is often not random, it cues the same songs to the point I can guess what will play next despite having 2000+ songs. It lags when not using wifi or data despite having downloaded songs I should not need to download a backup playlist ??? podcasts now have ads even on premium so there is no actual ad free version. Now you can no longer easily import files to listen to in spotify. literally just making this app worse and worse and for what.",2026-05-11 01:53:57,0,scraped,89
play_store,4b480e53-fdeb-47ae-8225-a687e57c7370,4.0,,"Well i am impressed with all the features in Spotify, and to tell i get to know more new music's all buh at some point its just seems to stop working. like after a use of the app and open it after an hour or 2 it just won't open all i see is blank I don't know why. most time i think its network buh its just the app. or maybe its not compatible with my phone or what i just can't figure it out. buh honestly a great Music app, i just hope what i faced gets Fixed!!!!",2026-06-11 15:04:25,0,scraped,100
play_store,d7331096-e0c2-4900-af30-a94bcfb2e9c7,1.0,,Before they weren't forcing us to take their Premium plan but now they're forcing that you can't play the song of your own choice. They're saying that you'll only be able to listen the songs of your own choice only if you take the Premium. After 6 months I opened and it played nice but again pop ups Two faced app I recommend not to use the app They've turned mongrels as they're running behind me to pay the premium and that too after listening for only 30 mins,2026-05-17 15:40:33,7,scraped,89
play_store,32be420f-2624-4ab9-adef-00e07d439c88,1.0,,"As soon as they changed the logo my Spotify stopped working. Before, I enjoyed using it, its a shame. I did reinstall, twice! Went onto YouTube for help, didn't work. I asked other Android users and they had the same problem! On the home page it says. Something went wrong. Have another go? Ty again. Spotify response was to reinstall or contact the help team. I suggest Spotify deals with the issues. Until that happens I utilise another steaming platform.",2026-05-11 11:36:05,1,scraped,80
play_store,ff7144d9-9fdd-476d-8de1-39b511d55238,1.0,,"I've used Spotify for over a decade. for the first time having major problems with the app. Keeps saying I'm offline when I'm not (as all other online features in other apps working flawlessly) uninstalled it as per recommendations on this thread - reinstalled it which it completed then as soon as I open the app it says ""something went wrong, check your connection and try again"". the audacity after it successfully downloaded the app online... Any ideas Spotify team? I use this app daily!",2026-05-12 22:58:18,3,scraped,85
play_store,18121549-5240-4ffc-ae66-0b8e3ab4fe9a,1.0,,"Leaving 1 star purely because of AWFUL, APPALLING, TERRIBLE algorithm. 'shuffle' or 'smart shuffle' are an absolute joke. there is no randomness whatsoever. I can choose any random song from my playlist on a particular day and the song that follow will always be the same. doesn't matter how many times a day I try to choose a different song to start with. If we get a true random shuffle, I can change the rating to 5 stars.",2026-04-10 00:06:57,6,scraped,78
play_store,82a1c8b1-4148-4b59-999a-3047ffb6b5ca,5.0,,"I've been a loyal subscriber to Spotify premium for closer to a decade now & I can confidently tell you with personal past experience with both types of versions, premium is THE ONLY WAY to go. Sometimes it might seem like it's a bit expensive but depending on how often you're using it (for me I get more than my money's worth each month) it's a way better experience compared to the free, ad infested version with unskippable songs. 10/10 recommend the premium Spotify for sure!",2026-04-17 16:02:23,10,scraped,86
play_store,828ff6d4-e754-4ab9-8542-257b45d2af82,1.0,,"Respectfully, it feels like the whole point of the app is to make you pay a subscription you really don't need. Saying this to make a change, and I really need it. I enjoy using Spotify with my favorite things about the app being the stats and Wrapped, but i can't chose my own songs, am forced to listen to songs i barely know, can't loop one single song i really like.. The free version feels stripped from every single good feature so much so it feels empty. Please do something about it.",2026-05-06 02:57:40,7,scraped,93
play_store,65d9ef3d-52a8-46bc-8975-0d17c569d49c,2.0,,"the sheer amount of ads is absolutely horrendous, (not to mention that most of the adverts are advertising their own advertising service, which is just for the sake of it) and the price of premium is extortionate. the functionality of premium is the absolute bare minimum i'd expect from a streaming service. it's almost unusable. at this point they're just putting so many of the same ads out (repeated multiple times in a row) to force you to buy premium. use a different app",2026-05-06 04:36:01,9,scraped,84
play_store,7d65f8a7-d50d-497d-aa6b-2b587624864a,2.0,,"incredibly slow now, takes 10-20 seconds to load the app to a point where you can listen to music. Im fine with it having recommendations and all that other garbage its trying push, but the app needs to load/ download all that first before you can listen to your playlist or even last played song. If it loaded its other stuff in the background after getting bare essential working then I'll chage my rating.",2026-05-08 20:26:04,2,scraped,74
play_store,d728bb07-946f-4f97-ad2e-3203c933fa4d,5.0,,"I like how I discover a lot of new songs and genres, and find podcasts (instead of finding them in separate apps or sources). Liking the features of seeing the lyrics and lately, the video music mode as well. I might have missed it but there used to be trivia on songs being played as well.",2026-03-31 13:30:25,1,scraped,56
play_store,a4e3067c-2193-4587-9d2d-8d5b5bd3314c,1.0,,"imposing premium on you. not letting you choose a song from your liked playlist. mixing bhajans after one single romantic song, cannot listen to one song on repeat, cannot skip songs more than six times. to do this they are asking for money and not to forget 3 ads back to back. won't be paying money to avail basic things in a music app. Your customer's Rights are non negotiable. many must have been buying membership and it is okay but for free Customers don't force them to buy premium.",2026-03-31 23:52:04,11,scraped,90
play_store,b221b491-ec05-4839-8cf4-6821b1e1165d,1.0,,"I hate this app so much, worst money I have ever didn't on a subscription. I wouldn't recommend paying for it if you like listening to podcasts because you will get MULTIPLE ads during every single one, I always get at least 6 for a 45 minute podcast and now it won't connect to my internet, but I can use every other internet app just fine. I HATE THIS APP! GARBAGE!!!",2026-04-25 02:08:52,6,scraped,71
play_store,e96e2ffa-2b21-4454-9b70-ee977dc00f83,4.0,,"It has all the songs I like but the user interface has gotten worse over the years. This filter system is probably meant for another workflow than what I have. Also they moved the ""Add to queue"" button further down the list when you right click. Apparently people listen to new songs all the time that they want to add to playlists right away rather than just queue songs they want to hear next",2026-04-24 12:05:27,8,scraped,74
play_store,eca29b28-bdb2-4c02-9a5c-c3181bc29dab,1.0,,if you love paying for a premium service for no advertising and still having to listen to an advert every 10 mins or so then this is the app for you! longtime user of this advertising platform and have witnessed the decline over the years. now it seems the playlist function is broken and will constantly build radios that only play ai slop or baby's first synthesiser song. you'll get popups for artists you don't like. terrible used to be good massively overrated nowadays,2026-04-08 14:18:45,6,scraped,84
play_store,eb3e661e-42de-4e37-a954-ec5848afccea,1.0,,This corporation becomes greedier as time passes by removing good features and adding more and longer advertisements. Nevertheless its algorithm is undeniably one of the best out there. I recommend using Spotify to explore and discover new music. And using brave and YouTube for listening. Yes it adds more steps and friction to the whole process of listening to the music but in the end it is better for YOU.,2026-04-10 15:44:48,8,scraped,70
play_store,9a9b1ee8-eee3-4050-8672-2c25e2f7e810,1.0,,"Hello, I am a platinum member of spotify, using regularly, the lossless quality is awesome. but the DJ feature is not working. for example if the DJ is currently playing English songs and request it to switch to Telugu or any other language songs it doesn't rather it continues with English tracks only and if I ask it to play relaxing or adventure songs, it plays another genre.",2026-04-16 17:06:49,10,scraped,68
play_store,1986e162-925a-417c-bb80-9810ffa9043d,1.0,,"This is an update to my previous review. honestly, I consider cancelling my Spotify subscription. Everytime I download the app, I can listen to music for 1 or maybe 3 days MAX. After which, I have to either delete the app and reinstall it or erase all my data, leading to me having to set my personalised settings all over again. this has been happening all week and I am considering leaving Spotify all together if this keeps up.",2026-05-08 20:38:45,1,scraped,79
play_store,7762c491-46a1-40f0-994e-2c82c72effa9,3.0,,"Useful app, good for music etc. if you have a subscription. Though it repeatedly tells me I'm offline and doesn't go online again for 5 minutes or so when every other app works online. not sure what it's basing it on but it renders it useless when you want to quickly put a song on. Please fix.",2026-05-12 22:40:20,2,scraped,57
play_store,c9f095c3-c51a-4c0c-a791-28579bf38152,1.0,,"honestly only a good app if you are using premium, it plays two songs from my playlist then gives me three minutes of ads everytime, doesn't even play my full playlist then just plays random recommended songs, you only have 6 skips which is only a small amount and after pressing on a certain amount of songs you literally just aren't allowed to pick a song to listen to for the rest of the day, and premium is overpriced aswell",2026-04-05 04:19:41,5,scraped,80
play_store,38bbd2ac-5853-4d60-bb30-53e6ddc1282a,1.0,,"Been using Spotify for years and I buy premium most of the time but the free version kept become more terrible the each time I used it and now we can't even play the songs that we want in free version? Yeah, I don't wanna spend a dime on such an app. I'd much rather use a radio, about time to switch to other apps.",2026-05-15 00:45:09,0,scraped,65
play_store,f8d96b09-3e35-48dd-8b75-6916d2ec825a,3.0,,"bugging since last year i tried clearing cache and data, even updated it recently but still nothing change. It always says ""spotify is trying to play"". The notification keeps showing like that. Sometimes it wont play next and freezes on the same song. so the player at the top of my notification is not moving or going away (multiple players).",2026-05-07 06:51:40,0,scraped,60
play_store,31d1c893-64ad-4396-b05a-9d51eebc8598,1.0,,"Absolutely disgusting app. Why don't I get to choose which song I wanna hear? Why don't I just hear the radio atp. Extremely disappointed. Forced premium by making basic interactions paid. Stop being greedy Spotify. I can't even choose which song I play, I can't skip songs, I can't order them. I don't wanna listen to your suggested songs i wanna listen to the ones I saved! Does rewinding need a premium? I'm so frustrated. YouTube Music is 100x better.",2026-04-29 04:54:14,3,scraped,80
play_store,1dd5947e-82da-42b9-8349-c07ef2f4110e,1.0,,"Reviewing after 2 years: Spotify turns music into an ad endurance test. Songs get cut off for multiple, repetitive ads that feel more frequent than the tracks themselves. I get that free users see ads, but this is excessive to the point of ruining the experience. It doesn’t feel like a music app—it feels like a pressure tactic to force upgrades. Great library, but the ad system completely kills the vibe. NOT AT ALL RECOMMENDED UNLESS YOU ARE WILLING TO SPEND MONEY TO LISTEN TO MUSIC. ⭐☆☆☆☆",2026-05-03 16:41:31,14,scraped,87
play_store,6bdb832e-a590-4d32-88e3-8b3cb979eeff,1.0,,"The app is okay, it dosent use much mobile data. but that you cant enjoy your music any longer without this premium. I have limited skips, I cant play repeat, I cant listen to the songs I put in my Playlist in peace after one or two songs it always gives me a song I may like What i dont because the algorithm gives songs that arent even close to the one i like. after every song there is two or three ads. And to enjoy music have to pay. thats awful.",2026-05-05 14:41:03,8,scraped,92
play_store,18b5e402-b0a5-4d7e-aa83-15d1a94f3bd1,1.0,,"Absolutely useless. After every 2 songs I get 3 unskippable 30-second ads. I cant listen to my playlist in order, I can't put songs on repeat, and now it doesnt even let me pick the song I want to listen to. ""Choose songs to play tommorow"". What sort of sick scam is this? Just because you're the most popular music app doesn't mean you can do this. Ridiculous.",2026-04-05 23:29:50,15,scraped,68
play_store,99dc1279-a011-4376-962e-8d50c8f0b188,1.0,,"The app is good, but what I don't understand is that sometimes, for a period of time, it lets me play any songs I want, put them on repeat, in short, things that are only available in the premium version when I have the Free Spotify. Please, someone explain.",2026-05-12 23:43:05,1,scraped,49
play_store,4d45879d-697b-4395-a938-aa8abe3bf32a,2.0,,"Repeated price hikes, continually more cluttered app, videos can't be turned off and just distract from the music. This invasion of clickbait and slop into my feed will be the last straw. I'm switching to Apple Music asap. There's a clear dip in the quality of the app overall, something Spotify was a clear forerunner in for the longest time. A shame.",2026-04-23 11:37:33,3,scraped,62
play_store,ba3d75f1-fedf-4be6-b472-495ed1644853,1.0,,"This app is really frustrating. I already canceled my Premium subscription, yet I’m still being charged. What’s the point of canceling if it doesn’t actually stop the billing? It honestly feels like a scam when money keeps getting taken after cancellation. Customer support isn’t helpful and takes too long to respond. This issue shouldn’t even happen. Fix your billing system because this makes the app unreliable. I wouldn’t recommend upgrading to Premium at all.",2026-04-14 19:08:59,4,scraped,74
play_store,468dc605-ec72-44cc-a16b-5ab1137c15dd,3.0,,"well it's great, but they recently added a new shuffle system for free users, it's good and all but I don't like how we can't go back to listen to the same song again without premium membership and also how it plays a totally different song from the one your clicking, it honestly made me reconsider to other music apps instead but other than that it's all good and atleast the songs it plays are mostly in your music taste. lol okay bye~",2026-05-11 01:59:21,10,scraped,83
play_store,21fab094-748e-4d23-a45a-bc26eaab172b,1.0,,"Every time I use the app there is something broken. Do you test it? broken songs, player get stuck, worse UX, no download management, app get stuck in a playlist of a single song. Again, worse UI in history of UIs. frequent crashes or ""muted"" songs. Music selection algorithm now stuck with a genre. Automated videos not requested. Hire POs and designers please. Is this the worse application in the store??? I tried it also on a low-end device, it got hot, only to play music!!! I miss Winamp!",2026-05-03 13:31:44,20,scraped,89
play_store,af7a2754-59aa-4c9e-97bd-db238ca9a48e,1.0,,"Music randomly stops playing, after which it has to restart the whole song. Sometimes the app becomes very slow to respond, taking seconds to pause a song. Some podcasts have an option to say ""not interested"" but no matter how often you press it it will keep recommending those podcasts. other podcasts don't even have that option. Maybe Spotify ownership should invest in making the app function halfway decent (like it did years ago for example) instead of investing in dystopian AI murder weapons.",2026-04-30 06:03:33,3,scraped,84
play_store,5d736d0a-7db9-452c-b5e1-0dbf4bd87c2e,4.0,,"I don't mind if you can't choose one of the songs in the playlists but the update is terrible because ""view lyrics"" is limited and it's very annoying. still recommend if you want to use it for studying or hanging out with friends but you have to buy premium or you'll get blasted with a bunch of ads. your choice",2026-05-03 05:22:27,8,scraped,60
play_store,325bbca9-437b-4faf-a2d7-3d6802741135,1.0,,"It sucks. I like the app but man, man every single time I am playing a song from my favourites it starts to give me recommend song, like I DON'T WANT TO LISTED TO THOSE! And when I skip one ore even 10 or 20 it still gives me recommended songs! Edit: Dear Spotify, what is wrong with you? You had this beautiful update with unlimited skips, it was so good and now if you want to search a song and listen to it, nah you can listen to it because you need to have premium! (　｀Å´)",2026-04-03 21:35:38,2,scraped,98
play_store,661e4c29-94a1-4cd3-9122-d27c3c0d74a7,1.0,,wow great update now i cant even play my songs in the sequence that i like. corporate greed in the making. what is the point of having this apps compared to just downloading my songs that i like and playing. the sequence to how i want it. Too much ads are being played to the point that 2 songs vs 1 repetitive ad are playing. It also kept inserting terrible songs when playing my supposed playlist.,2026-05-05 05:33:04,3,scraped,76
play_store,9a062be1-d4de-446a-9dbf-c7a1e89cd035,1.0,,"Spotify keeps crashing whenever I try to use a different app while playing music or a podcast in the background. I've tried the troubleshooting that people online have recommended, reinstalling and allowing unrestricted battery access, but nothing is working. I just want to be able to check my map or messages or google something and have my music continue in the background. I don't think this is a problem with my phone because I've had it for 3 years and has this issue with Spotify for 1 year",2026-05-02 06:13:38,1,scraped,88
play_store,76fe269b-bbb3-4f1b-a78c-fad52756bbc6,2.0,,"I mean like, if i could atleast listen to the songs in my playlist and not force me to listen to other songs 'i may like' would be a better experience. No doubt that the recommended songs have given me some actual songs I listen to jow but sometimes it just gets annoying and the fact that it basically only plays recommend songs after long use and no skips available is just outrageous. And I can tolerate ads byt i think 3 30 second ads is a bit too much.",2026-04-02 22:48:33,6,scraped,90
play_store,3ae76724-8519-40c6-ae21-3fbe1d7ac2c5,1.0,,Okay so I've used it for years on all my devices. was a great quality app. only issue I have is the freaking shuffle. i have a liked list of thousands of songs but if I shuffle it the app only chooses like 40 songs to loop which is crazy when I turn off looping the album to combat and it ignores it. I'm so agitated hearing the same songs on loop when I want more of the several thousand I have liked. like it's so simple. been months like this and I'm finally just done with it,2026-06-13 18:23:27,0,scraped,98
play_store,1dc57a40-4a5c-44ee-86f5-6ada196d8799,3.0,,"Descent, having issues sometimes where songs don't play at all or the UI is simply stuck (latest Snapdragon BTW). Also I feel the discover weekly has gotten worse over the years although that could just be me. Overall it does the job well but not for the asking price. Too much for a single month. If I didn't have the family subscription I would simply use another app, probably YT music or apple music",2026-04-19 15:35:33,2,scraped,74
play_store,3bf4141c-8f12-446e-ac42-9e91aa6c5b45,5.0,,"If it catalogues remixes by other artists, unofficial smaller, or otherwise then thsi would be 200% better than Youtube music. Other than that, superior UI interface, easy to navigate. Though algorithmic music dont work as much for me like YT Music does, its better than most as it regularly promotes up and coming, and smaller artists. Thanks, Spotify 🫵🫶",2026-04-12 16:10:40,3,scraped,59
play_store,b819278b-bbe0-404b-9501-5718ca0768cc,1.0,,"I am having the literal WORST experience on The Free Version of Spotify where it is becoming very annoying like there are too many ads that pop up constantly,I can't play my favourite songs in order in my playlist unlike before where they are suggesting to buy Premium which gets very annoying & lately,None of the songs are playing when I try to play them & the app lags as hell sometimes which is annoying a lot right now,Spotify was once my favourite app but I am very dissapointed in Spotify",2026-05-26 22:19:29,0,scraped,91
play_store,8087a500-664a-42b3-be93-74b3d9a3baf0,4.0,,the app was awsome overall the app is good the quality of music and the video plays was excellent and the amazing part was they also bring some fun recaps and the mixing the music taste was good. One thing I would give tje app 5star but because of the inflation of the premium price the plan for students there were many scls/colleges was not registered. They should introduce a 3month plan for single user,2026-06-10 22:11:22,0,scraped,75
play_store,2ccdf6e0-909f-48e4-9340-0e19a74bf85c,2.0,,"Anytime I search a song it drops whatever speaker I'm bluetoothed to and won't connect again until I restart my phone. often drops out mid song. how can Spotify manage to suggest the most unrelated music to my tastes, even artists I block show up in the playlist headline then just don't show in the actual list. I, tin foil hat, believe they suggest artists they profit off the most. after the newest update. I update my widget every time I unlock my phone and it just reverts back. terrible update",2026-06-13 19:55:48,0,scraped,91
play_store,4b2920af-a581-4e6d-9884-9ad9ef687165,5.0,,"YUPP Spotify over any music app. It has so many features and works so much better than it did a couple years ago. This is THE music app. You can blend playlist which is just creating playlist w your friends, there's a smart shuffle which is when your listening to music and it puts similar songs in your queue so you can get introduced to new mucic. There are daylist, and these are playlist that change thought the day depending on what your listening to. I can say so much more spokes person me!!",2026-06-07 04:59:42,2,scraped,94
play_store,a62484fa-3c7a-4924-94d4-0f42c8f20983,2.0,,"They're wasting resources on a garbage Ai DJ nobody asked for and now they took away the 4x1 widget and only have a 4x2. When i play my library on shuffle it often gets stuck in a loop of about 30 songs, sometimes days later when starting the shuffle from a hand picked song not in the previous shuffle. other than that stuff its been great.",2026-06-11 23:08:11,0,scraped,66
play_store,b82433e0-1adc-4c5a-90d0-d9254a233cfd,1.0,,Android auto issues are somewhat better now. However once again years later I'm running into the issue where if I have a bad cellular connection Spotify either refuses or takes forever and ever to load in playlists. Even if said playlist is fully downloaded. Inconsistencies like this are why I've already started moving away from Spotify to self hosting with jellyfin. I would recommend just going with the better option of YouTube Music over Spotify nowadays. edit: Now the app is just freezing...,2026-06-12 02:49:31,4,scraped,83
play_store,8fdfa9f1-732e-49ff-9232-a320a6b56154,4.0,,"I enjoyed the app for the first two weeks. It didn't suggest anywhere that I was on some kind of free trial. It then prompted me for a review, and I gave a good rating. Afterwards, it started to play ads and contained way less functionality. That's fine, and it's a reasonable app. But it was quite a disappointment after how it started.",2026-06-15 12:49:54,3,scraped,63
play_store,803c0878-db4d-4e81-b0f6-02fb8faa7092,2.0,,"Why are you guys making it hard for me to enjoy music? Now I can't even pick the song I want just because you want people to go premium. Okay, I tried verifying my status as a student but the Sheer ID thing doesn't comply with Google's use of secure of browser policy. So is that a plot for the other package? I could deal with not having my downloaded available offline but reshuffling it because you can and want subscriptions, that's not nice and in my honest opinion, a violation of my heart.",2026-06-14 20:51:37,0,scraped,94
play_store,e7f2aa6b-5f92-47b4-b19b-78a2ec7d7ebf,5.0,,"Amazing! this app is amazing for if you wanna play background sound or just music, playlists, podcasts, and so much more. there are some ads between songs if you don't have premium, but it's worth the sacrifice. all in all, I do recommend!",2026-06-14 12:26:07,0,scraped,43
play_store,5688b116-b132-4331-9d11-690a28d7ce86,2.0,,"Increasing prices, decreasing quality. Downloaded songs cut out more frequently and the quality drops off randomly. Removing the 1x4 widget and forcing a 2x4 widget is wasteful of space. AI mode is trash. Discover weekly and artist/song radio aren't as good as they used to be, super stale with very few new recs. Hate to see what used to be a pretty decent platform go down the drain, not to mention the unfair compensation of emerging artists leaves me looking for other music streaming services.",2026-06-13 04:14:34,0,scraped,85
play_store,c83fe6b1-028a-4f76-ba66-46d59d2a2e1d,2.0,,"The new widget is garbage. Don't change it. Also, I should not have to restart the app for it to see new devices on the network. The DJ is so annoying! Just play the music. I don't need to hear them saying things. I don't need them making April fools jokes. I don't need them telling me about the music. JUST PLAY THE SONGS. Radio is dead. Stop trying to emulate it. For an app whose only job is to play music, Spotify does a very poor job of it.",2026-06-12 04:39:56,1,scraped,90
play_store,5a723324-bd36-4248-92a3-a3c9e49deba9,1.0,,"has been crashing and freezing constantly lately. when i open the app it takes a long time to load, same goes for my playlists and liked songs and even switching between the shuffle function and normal function. i also hate the smart shuffle function, the ways to find new music and its suggestions are always really bad and i generally think the app has been regressing in recent years. finding a new music provider soon",2026-06-05 00:37:18,0,scraped,75
play_store,5d0924a5-bb42-483b-a3f1-2b391b972e80,5.0,,"I love Spotify! Although I hate the ads, even though they are short, the recommendations they give mr are great. I love that I can listen to a varity of music styles over and over again without paying a single penny. I really hope this app stays the same and doesnt add unnesacery or bad updates!",2026-06-13 05:34:03,0,scraped,56
play_store,5ed49c7f-2269-46e9-9008-913a80f25c84,5.0,,"music is as important to me as water and so is Spotify. For me it has become part of my daily life. Not only can I listen to all of my favorite artists, even the unknown obscure ones that no one has heard of. I can listen to podcasts learn things and even listen to audiobooks. I love the premium features such as listening to the same song a thousand times. 😂",2026-05-30 03:06:15,2,scraped,72
play_store,09c23e55-71ef-4703-894f-a94d1de19256,5.0,,had it for years. absolutely love the app. i have come across a minor inconvenience that i believe would make a fantastic tool. spotify already makes a queue for you based around the song you chose and others that the algorithm thinks youll like. now this is fantastic but sometimes it creates a list that is absolute fire and you are faced with the desire to save the queue as a playlist but that option doesnt exist or i cant find. please make this a this happen. onevery satisfied customer,2026-05-31 14:32:48,1,scraped,90
play_store,cf603cdb-f3f5-4ac1-8921-e41f71cadcf5,5.0,,As someone who has been using this app since 2012 it is well worth it. The dj makes it the best part as it creates a radio setup just based on what you listen to and recommends new artists. the fact that I can also make and share Playlist with friends makes it so amazing. got one Playlist with 7000 songs so yea love the customization.,2026-06-12 21:28:14,0,scraped,66
play_store,33f98d40-9fb8-477c-88ce-5f312dfb0767,3.0,,"Better than Yt music overall but the free version means I can't even return to a song I enjoyed and it's lost forever, ads are long as hell and there are even ads on the cover of songs! One thing I do like tho is the recommended songs but if I don't like it in time it's lost forever.",2026-05-29 15:43:29,0,scraped,59
play_store,8cab1aeb-a6bc-4bcc-a105-8135d6fcf76b,2.0,,"used to be a cool app, but got much worse. 1) I tried to find similar songs through Radio launching it on 3 different songs by different artists and genres, yet all of the suggestions are same 2) Daily playlist isn't updating or showing new things I haven't heard, it's the same 50 songs showing up every time it's supposed to do a refresh 3) I have 983 songs in Liked songs and somehow on shuffle it keeps playing the same 100 songs. that's not a shuffle... what's the point of paying for a premium?",2026-06-03 15:56:37,1,scraped,95
play_store,7ff725b1-2264-461e-a4de-2924afd845ad,5.0,,"Honestly, Spotify is an absolute menace to my productivity, and I’m completely fine with that. The 'Discover Weekly' and daily mixes hit so close to my actual mood it’s almost creepy—like the app is reading my mind after a bad day. The UI is slick, creating playlists is dangerously addictive, and the seamless handoff between my phone, laptop, and smart speakers is flawless. If you aren't on Premium yet, you're missing out on pure, uninterrupted dopamine. 10/10, no notes.",2026-06-11 14:36:09,1,scraped,79
play_store,a183c1fa-ebbd-483d-b5be-c9a2ea8a3659,1.0,,"leaving spotify, coz everything time i open the app i see ads of spotify platinum. why just why...if i want i will buy it. stop showing it every time, it's annoying. and 299rs to listen to lossless..wth!!! I got 6 month apple music from airtel and i used it and i am loving it. It's been 2 month since my free apple music subscription ended and i love to pay for it then spotify. finding new songs is easier, rather than playing same song 6 time in spotify.",2026-06-12 10:44:37,0,scraped,88
play_store,3fdc2ec9-6f88-4212-ab89-e8dfc338c8bf,1.0,,"The free version is horrible. I cant even pick a song i want to play! i only get 6 skips per hour, i cant skip whenever i dont like a song. the worst is they recommend songs into my playlist!! i will listen to what i want, not some random bs recommendations. And when im out of skip i cant skip them. I cant pick another song in the playlist to play either. There r unbelievable amount of ads every 5 songs i play! and the premium is very expensive i dont feel like its worth it",2026-06-14 01:12:30,0,scraped,97
play_store,c393753d-6da3-4a21-977f-dd689a28e2e7,5.0,,"Love Spotify! The music recommendations are always on point, and there's a playlist for literally every mood. I use it daily and it never gets boring. Easy to use, great sound quality, and a huge library of songs. Couldn't ask for more!",2026-06-10 15:09:40,0,scraped,42
play_store,e5be6edd-de7c-4111-9296-274e91ebf496,1.0,,"The dj feature is so bad. If it ever plays an artist I actually like it will only play the same song from them I er and over ignoring the rest of their catalog. Asking it's AI is pointless since it just plays random trash. In general, Spotify anonymous me because it only plays a select few songs by an artist unless I specifically set it up to play a specific album.",2026-06-10 02:33:08,1,scraped,72
play_store,34001ae2-9738-4035-8ada-4915892dea2b,1.0,,"It's great when it allows you to actually listen to uour playlist and not garbage you have never listened to and dont like. also the fact they changed the widget so that it now takes up MORE SPACE to to do the exact same thing is so stupid, just so that it can give me ""recommendations"" that doesn't actually work anyway 🙃 I can even add the old widget still, but it just tells me to use the new one",2026-06-13 02:51:33,15,scraped,80
play_store,5b8786a3-00c5-4d30-8663-f1e62e9e197d,3.0,,I enjoy this app. But please work on your algorithms when playing songs at random because it's garbage. There is nothing random with it. I always hear the same music on my created playlists. If i wanted to listen to those songs...i would have picked that playlist.,2026-06-10 22:28:19,1,scraped,47
play_store,dc70c4a7-9a4a-497b-aa37-ea3e964ded98,1.0,,"I've been a premium user for over a decade now and use it constantly. It's getting hard to love it with all the banner ads and full screen pop ups about concert tickets or now audiobook hours.... Turn off all the alerts and get used to finding the 'x' until you move to a new music player, cuz customer service will tell you they ""aren't ads"" if you complain or ask how to turn them off.",2026-06-11 06:53:25,84,scraped,76
play_store,be66b20a-4423-4f06-997e-26b5c87724a1,2.0,,"The app got super slow since the last update, it's really unresponsive even on a powerful phone (Pixel 8). Edit: It's gotten worse, the app is extremely unresponsive and takes forever to load. But hey, at least there's a DJ now that plays genres I'm not even listening to.",2026-06-12 00:50:04,0,scraped,49
play_store,009c7cb3-13ac-4352-80d5-b4546d5031c8,5.0,,"I love music. Spotify is a great app for anyone who want to listen to music from favorite artists with the option to create playlists. Spotify announces concerts and even has merch available on the app. Spotify even has sounds of nature available on the app and other instrumentals, including classical music. Spotify has all types of genres and artists available to listen to. Premium Spotify is worth every cent for anyone who doesn't want to listen to the advertisements. I love Spotify.",2026-06-13 11:21:26,0,scraped,83
play_store,5ac1dfc2-9f68-44b6-9c26-0914739d6f76,4.0,,"Great app with an awesome, easy-to-use layout! Finding new music is a breeze. However, the ads on the free version are completely out of control. If you don’t have Premium, the constant interruptions get annoying fast.",2026-06-13 03:03:14,0,scraped,36
play_store,460d6825-b30d-4d05-8719-e865fdc351da,1.0,,Worst music app ever. This app can't play my liked Playlist because I have over 4000 songs. It's sad that Spotify a app and music source that been around for ever can't even keep up with someone who has a music Playlist like me. This app is garbage because they can't keep up with someone who has a music Playlist like me. Go for a better music app because Spotify has lost their soul. The AI must have the capacity of a 4 year old child because it plays the same music over and over. Fix your app,2026-06-10 09:19:12,3,scraped,98
play_store,5a786006-4841-4f4a-be49-e0aaedeb3f40,1.0,,"Changing my review! obviously Spotify did not read my previous review as they gave me a reply that wasnt even related to what I was talking about and assumed I was complaining ab the free version..NOPE. I have paid for years, but yall wont get another cent out of me. DJ IS AWFUL NOW I DO NOT NEED TO PROMPT AN AI EVERYTIME I WANNA CHANGE SONGS. and the algorithm thinks I want the same songs every day. no. nobody wants that. not to mention the ICE ads! byee Spotify. you'll never see any of my $$",2026-06-06 01:52:03,50,scraped,97
play_store,33fce5dd-6729-4839-8803-512b2091acf8,2.0,,"I just reinstalled the app as Spotify support keeps suggesting in responses to other reviews about the widget. didn't fix anything. It's broken and there is no excuse for that considering I pay almost $20 ! month to use this ai riddled app that can't even shuffle correctly. I'm asking myself more and more, why not YouTube Music?",2026-06-12 07:22:52,0,scraped,58
play_store,e2ff1e84-6df1-4097-b5bd-cd638368c548,2.0,,"im getting 10-20 promos for the same promo from podcast I follow on the same network.. it's getting really annoying, having to clear these on a weekly basis. it would be nice to be able to opt out of these, especially if i'm gonna get so many repeated. you're raising prices again.. can you not see this is happening? also the super loud ads are back.. lately i haven't been able to fall asleep to pods, because the ads are so loud they will wake me up. not cool for $14 CAD a month.",2026-06-06 04:13:12,0,scraped,94
play_store,46f23ebb-2945-4154-b8b3-0c20d8b73186,1.0,,"Yoy algorythm sucks. It,s the same songs ovet and over again. I have a 44 hour playlist that is not on shuffle. All I hear are the same selection of songs that barely scratch the eclectic mix if music I like to listen to. Fix the algorythm Spotify, or get rid of it.",2026-06-15 02:06:13,0,scraped,53
play_store,9a7c033d-e23e-4c5c-9159-ff587fcd63d7,3.0,,"If you really want to improve your shuffling algorithm and unwrap a relevant yearly personal taste, you have to install either a REAL RANDOM code or take the songs into account that are added to queue. Also you may rankt the most shuffled playlist choices for unwrapped. Adding to queue is real human will and not automated you know.",2026-06-12 19:40:01,0,scraped,59
play_store,e33ae990-ccc2-4194-a6fc-0850164e4b58,3.0,,"i enjoy music. the app itself works well enough, i didn't have much of a reason to unsubscribe, although i've been considering it now and then. the ""new"" widget might actually be a reason though. they removed the absolutely functional track control widget to replace it with one that is ugly and has recommendations that don't even work and doesn't even have customisation options for it. to me it's a sign that this service isn't going to be worth my money for much longer.",2026-06-12 02:37:25,1,scraped,84
play_store,e3a89ed4-fc17-46b5-bc7d-8820b9050ef6,1.0,,"How am I not even allowed to select songs manually to play in the free version?! Spotify feels like a glorified radio at this point. Why should I need a paid ""Premium version"" to just click & play songs? Shouldn't a music app's MVP be just that? Really frustrating!!",2026-06-12 23:54:56,0,scraped,49
play_store,e7e0fb32-3f7f-44a2-83d6-414d1704bf4a,2.0,,I really enjoyed the app when I became a paid member ~5-6 years ago but within the last 2 years I would not recommend this app to others. The leadership has stripped the best features and continuously changes the UI /UX. They raise the price but have only added features I do not need or want. The app itself has gotten noticeably slower and more prone to crashing as well. I would switch to a different app but am currently too lazy to create my playlists somewhere else.,2026-06-16 01:00:38,1,scraped,88
play_store,621efbb0-abc8-4e91-88e9-c857ffb2efc7,5.0,,"""Hands down the best app for music and podcasts! The algorithm is incredibly smart and always recommends new artists that perfectly match my taste. The UI is sleek, creating playlists is effortless, and having my daily mixes ready to go makes my routine so much better. Worth every penny of Premium!""",2026-06-12 15:33:40,0,scraped,51
play_store,900d2992-d7e3-4461-a783-97797957f633,1.0,,"search is broken. can't search within playlists. shuffle and repeat randomly turn on. they removed the ability to dislike songs. you also can't mark a song as ""don't play"" so you'll end up with the butchered versions of songs from Best Of albums instead of the original track. they removed reordering custom playlists",2026-06-11 03:23:20,2,scraped,53
play_store,7d571d78-f025-405d-8190-935bd87d40ad,4.0,,"I've used this app for many years now and it tends to work great, untill it gets stuck at times the suggested music is the same song playing 3 times in a row with no way to change it when driving. other than that it's pretty damn good tho",2026-06-13 17:19:08,0,scraped,49
play_store,ba491996-3625-4aca-9398-c85eac1941d4,1.0,,"Pretty good. The playlist and DJ features can be quite repetitive. Uninstalling, clearing the cache, and all data haven't even helped. This seems to be a common issue across the board. Update: The issues still remain. Not to mention paying for premium duo and still getting ads is insane.",2026-06-12 12:16:01,0,scraped,49
play_store,a2eb517c-f918-448b-9514-db476f484fa2,1.0,,"Randomly decided that Android users don't need to sort our playlists by preference anymore, can't sort by artist anymore, garbage app. Also broke a perfectly working shuffle algorithm a few years back and now you have to jump through hoops to force a real shuffle every 1-2 weeks",2026-06-12 05:51:44,1,scraped,48
play_store,5ae6f329-a6e7-4ad9-8fae-04e1b51201b9,2.0,,"I really do not like the new widget and am so frustrated that I'm being pushed towards using it instead of the old one. I love having the widget stacked on my home screen, and being able to resume play from wherever I am at. The new one unfortunately keeps opening up a podcast episode I am not ready to listen to yet and I have gotten multiple spoilers as a result of this. I don't understand why the need for a new one that recommends things to listen to when there was nothing wrong with the old.",2026-06-12 11:36:48,3,scraped,98
play_store,7fdd0188-7f7c-4100-a187-c802647522a0,1.0,,"waste of a monthly subscription seeing as to how every time I turn around and pick a new song this app doesnt even make a suggested play list the I have to uninstall, reinstall just t get the list to populate!!! fix this issue and ill change my rating. other wise a single star is where it stays!!!!",2026-06-07 06:03:25,0,scraped,58
play_store,0e20c90b-1b5d-454f-84ef-9b764534c33f,3.0,,"As a user from 2020, I have to say it's a bit of a bittersweet experience lately. It's amazing for discovering music, playlists and expanding taste. In recent times things have gone downhill though. Shuffle is not as good as it used to be and the lag is bad. Yes, they made progress, but I miss the times when shuffle was made based on track, recent taste and activity. Since they steal my data, they could've made my experience with shuffle better. Them paying artists next to none is icing on top.",2026-04-09 01:01:58,11,scraped,92
play_store,0e599496-d9ef-48a6-aa70-0e0670b88b59,1.0,,"Paid for 3 months. after going back to the free version, it is unreasonably worse than it was before I started the paid version. forcing tons of suggested songs (considerably more than actual playlist songs) Enshittification at its finest.",2026-06-03 13:14:46,1,scraped,39
play_store,7d791e41-01ae-42a2-861e-5bd835be8cfc,1.0,,"The new Widget that Spotify forced me to use takes more screen space and offers nothing new in return. It isn't possible to modify it's height and the playlist row at the bottom is utterly unnecessary. Edit: I did what the Spotify employee recommended and the widget will not allow me to reduce its height, only its width. So basically, the problem remains and Spotify loses another star.",2026-06-13 04:13:01,0,scraped,68
play_store,13283776-7bad-4137-9c56-6a88530ceebf,5.0,,"App was great before but now since some days it's stopping suddenly whenever I am opening any app or sometimes randomly, I am using premium so I guess it's a different problem, pls help. Update: As Spotify suggested, I restarted the device and now the app is working just fine, thanks!",2026-06-14 05:48:36,1,scraped,51
play_store,cf48e59f-71cb-4406-a512-742a12077c1e,4.0,,"hey Spotify Good job well done on your app . I have a suggestion for your next update. Spotify automatically pauses when apps like Instagram, tiktok and gallery are opened and videos are played. why don't you we get an update where music resumes automatically after exiting any of those apps or exiting any video. thank you",2026-06-02 04:47:32,2,scraped,57
play_store,4d98920c-a9f1-49a6-966a-c1bfcfadb968,1.0,,"Change the name: Horrify. Search for an album, get a list, press play. This is not available. Go to the next album, press play. This is not available. (It's a classical album, so there are like 10 more choices.) Suggestion: at the top, show the albums that ARE available based on the search. Then list below that those available by subscription. This way, I can try your service plus see what benefits I have of I pay. Ta-da!",2026-06-05 15:51:39,0,scraped,78
play_store,af950cf3-eeaf-4909-a770-6f0234678899,1.0,,"I was listening to a song, and after it ended, the stupid app forced me to listen to a completely different song, and I couldnt go back. Even if I found the same song and played it, it would still play a different song. Plus, literally anything but the songs in a Playlist i made will play, this app is genuinely broken 💔",2026-05-29 22:47:04,0,scraped,63
play_store,7433d772-3c61-4e59-8c73-d2a3cbb93842,2.0,,"The quantity of ads is disturbing. I can't even workout with Spotify in the background because the ads every 1-2 songs break my mental flow. Even when I open Spotify for just listening one single song, I have to swallow 2-3 nauseating ads before. Also, the song recommendation algorithm is worse now. Did you replace your engineers by chimps or what? And no, I don't want to pay just for listening a few songs per week, sorry not sorry.",2026-06-03 17:09:01,0,scraped,79
play_store,0e60ee9c-281c-48fc-9eae-a03ddda33be6,1.0,,"Spotify is not an app, it is just a bunch of apps and a platform where users are forced to buy the subscription. Free users can't play their favourite songs as wanted, can't repeat songs, frequency of ads is high. Spotify please stop being greedy 🙏 you are just losing old free users of Spotify. Everyone cannot buy a subscription please understand 🙏",2026-06-02 16:01:09,0,scraped,63
play_store,54be0d4d-660a-4ff9-94ee-59cbb1f59998,1.0,,"incredibly lagging. There is no way to filter out ai produced content. And why introduce the DJ feature that only wastes water and pollutes, just to deliver a playlist that is not better than the already existing algorithms, with which I mean that both suggest the same 40/50 songs.",2026-06-14 16:52:31,0,scraped,49
play_store,bc7d5a4e-de9b-4ef1-9ff1-9538b7031433,3.0,,I really like this app it is very nice for discovering and listening to music. We completely understand and respect that we have to purchase Premium to download songs for offline listening. That makes sense. But it is literally very wrong to force users to buy Premium just for repeating songs or skipping tracks. Free users can only skip a few times before being blocked and told to buy Premium. I hate how aggressive the Premium push has become for these basic playback features. plz let it be free,2026-06-02 13:26:44,2,scraped,89
play_store,8ae4ed17-bfb1-4231-9b27-4bd6f5d48553,3.0,,I experienced issues with crashing for a month (since early May). I did everything suggested and it didn't work to correct the issue. The bug is finally fixed. I'm pretty upset I paid for a month of service for an unusable buggy app that couldn't play a podcast. I had to use Patreaon and YouTube premium to supplement my listening experience. Glad after a month the issue is finally fixed. I haven't tried downloading yet though. That part could still be buggy.,2026-06-05 04:37:07,1,scraped,82
play_store,b32b5251-fb82-4ff8-9c68-a0a8a9c98636,1.0,,"From free-to-listen to.... this downgraded version of pay-to-listen... Basic interactions like skipping and choosing songs ""now"" (from quite a while actually) requires you to have the premium version... Not Recommended. AT ALL!!!!",2026-06-02 11:46:54,1,scraped,32
play_store,76e6c27c-ec2e-4c6b-bdbe-109df8e9b7a2,1.0,,"Works well most of the time. My main gripes are some of the UI choices, bugs when skipping songs / random crashes, and the shuffle algorithm. Please give me a truly random shuffle option. edit: keeps getting slower and slower which is kinda impressive at this point",2026-06-02 23:04:39,1,scraped,47
play_store,51cce64d-92c6-43c8-99b8-51469e9ac502,2.0,,"the app keeps repeating songs on a playlist when on shuffle, doesn't play songs alphabetically when prompted, and continues to freeze and stop playing forcing me to force stop every day. I have uninstalled and reinstalled the app numerous times and cleared caches from the app and my phone. The same issues persist.",2026-06-02 00:53:34,0,scraped,53
play_store,7f6a1a0d-1bf5-4bfa-863b-c2397a23d477,1.0,,"the thing about add nd stuff is alright but what is this ""get premium to get full control over what you listen"" bs? like of you sue Spotify for like more than 30 minutes it just decides to play songs on its own. its very annoying like it would make your queue option disappear and won't even let you repeat the son your listening",2026-06-07 22:03:22,0,scraped,64
play_store,630722d5-cc8f-4995-9ed4-963511e983fc,1.0,,actually it is really good there are million of songs but it has too many ads song that pops up when the music is finished and it has smart shulffle that only picks the recommended one that you don't like (must hope it won't do) and after listening to these musics it will say song will be picked randomly that literally lets the app pick the unliked music by random and all to remove these is by creating a new account or buying Spotify Premium can you remove these limits,2026-06-08 09:12:28,0,scraped,90
play_store,0f378080-27d2-409b-9096-c1afab54a259,1.0,,"tried premium, what a joke. plays what it wants, will have a playlist and after a little will play different songs. skips songs to the point it only plays half. The shuffling is a joke. No matter how many times you hit it, it's the same songs over and over again.",2026-05-29 12:25:58,3,scraped,51
play_store,f5d1eac5-a4f9-49ba-afe0-ca90d1269ad7,1.0,,"greedy app. repetitive 3-ad break for every song (there are more ads than music tffff). Shuffling of liked songs is terrible (i.e., newly-liked songs rarely gets played, keeps 🔁 the same songs i added to the list few months or even years over and over and over again which is ridiculous). +++ suggesting to uninstall-reinstall the app won't help with frequent ads because you guys are greedy asf. anyways i love the update with listening stats but it not being real-time is a bummer",2026-06-09 07:30:01,0,scraped,84
play_store,a7a8bfda-acf1-4c4b-a2e1-439cd9689f58,1.0,,"In the beginning, I loved this app as there were no ads and everything was alright but later it started giving me ads for every song, it asked me frequently to join the premium and later it denied to play the previous song and to listen the specific lyrics and it will not allow you to play your favourite song. it irritated me a lot. I don't recommend this app to anyone.",2026-05-26 11:48:25,4,scraped,72
play_store,981a642c-cf27-44fb-8c07-3be716432d7f,5.0,,"One of the only free radio stations that actually play an artist solely when you ask them to. I sometimes want to hear just one artist, not a station made with similar artists. Imagine you want just Rush, or just ccr, on Spotify they make that happen, and other stations will just play a couple songs of the artist you requested, followed by others when you desired just music from the era, but not the same. That means a lot to me as a consumer, I think I'll subscribe for that reason. thanks!!",2026-06-10 06:14:50,0,scraped,93
play_store,080a34d9-1853-4b86-b86c-5a57bf4d2ad5,5.0,,"Spotify has nice sound, a proper search engine and suggested songs. I suggest that the way the lyrics appear while listening to music can be done for when screen is locked while tuning in, the process will be the best feature they would have produced. 🔥🔥🔥",2026-06-08 12:52:59,0,scraped,46
play_store,02866764-0f14-44e1-ac7c-bcbd462fbcc0,1.0,,"App wont open as of today. Also a persistent bug where audio ""plays"" on the app but with no sound. Not a user/device/bluetooth issue. Edited to respond to reply: Thanks for your suggestion, my suggestion is fix your app so that paying customers don't have to deal with ""common issues"".",2026-06-08 02:49:15,0,scraped,50
play_store,50239d87-3ea4-4afc-87cc-056d5c7cf5fa,4.0,,"Do not use Spotify if you don't plan on buying premium, it is borderline unusable without it! However, Spotify (Premium) is my personal favorite music app because it lets you discover new songs and curate your own playlists better than any other app I've tried.",2026-06-02 20:50:12,1,scraped,45
play_store,d2466ec4-1913-4323-9f56-e386e510c986,5.0,,"Spotify Great app for music lovers. The recommendations are always on point and it’s easy to discover new songs and artists. Smooth interface and works well even on low data. Overall, very convenient for everyday listening.",2026-06-09 10:54:05,0,scraped,36
play_store,ae2f267f-72a9-42e6-8bea-0b0206b767cd,2.0,,"The new big widget is awfullll Why did u take away the small widget?? i dont want that big thing annoying my screen!!! And I've been trying the DJ and its not good, confuses kpop with pop and even when i ask for a specific song and vibe it throws sth else, or sth ""technically"" in the same genre but not the vibe i ask for or the song i put as an example. Song radio is still being better to listen for what i want",2026-06-14 04:55:59,1,scraped,86
play_store,f07debe9-7764-4c3e-859b-cd723b79d306,1.0,,"I've been using Spotify since 2014 and I've championed this app for the longest time but I can't anymore. Between the bugs, the piss poor suggestion algorithm and the way they treat artists, it's time to say goodbye.",2026-06-11 21:11:38,0,scraped,38
play_store,a274ea26-f8c4-455a-bbdd-e799314f32cc,5.0,,"As a longtime user for almost a decade now, Spotify has simply become one of my life's QoL upgrades. Its intuitive design for organizing music (playlists, liked songs, recommendations, etc.) is unmatched. +You never get bored of the yearly wrapped, it's fun!",2026-06-14 18:09:25,0,scraped,42
play_store,6e615b7c-db81-4557-82b7-6130ec00b714,4.0,,"It's a really good app to listen to music plus podcasts, including all genres and a bit some knock-off like most apps do. Though, sometimes, it does have an occasional glitch, but you can easily fix it with an update or restarting the app. The reason it's only getting 4 stars instead of all 5 is ecause of the ads. They don't really follow the right recommendations when you dislike, or like an ad, giving you pointlessly bad ads.",2026-04-28 07:09:42,3,scraped,79
play_store,b00d341f-005d-4952-929a-009fa31e96d2,5.0,,"The best app for listening music, even without premium it's great. Only problem with it is that when u make a shorter 8-10 song playlist without premium and you finish it, spotify gives random ""suggested"" songs that are not the same ""taste"" (you cant replay the playlist). When you search a song and play it sometimes it doest play the song you searched ecen when yiu click on it, but all in all its a great app.",2026-05-21 01:48:30,1,scraped,77
play_store,d57e2219-e256-4933-b09e-49917d6e7979,1.0,,"I hate the new update with ""gapless"" song play and ""crossfade"" I have turned both off but it still doesn't play to the end of the song and I don't hear the start of the new song. I like the silences between songs because it gives the songs from to BREATHE. It's too much all at once and I wish that I could go back to a previous version where this was not a thing.",2026-05-18 03:26:23,3,scraped,75
reddit,reddit_post_miewvvn,,,"No idea why you're yelling, man. Seriously makes me wish these colonies would just rise up",,4,scraped,16
reddit,reddit_post_mhv8xes,,,It has to do with the name of your earbuds. I had my AirPods named “Mustang and Sally’ and it thought it was a car. Try changing the name of them in your phone settings,,233,scraped,35
reddit,reddit_post_mhyh4mi,,,"Thanks, this probably answers why Spotify thinks my Bluetooth speaker is earbuds,",,13,scraped,12
reddit,reddit_post_mi5eu2u,,,Mine are called [Name’s] AirPods Pro and it still does this. It’s more likely because Spotify was coded by everyone pandora wouldn’t hire.,,6,scraped,23
reddit,reddit_post_mi0b6c0,,,"Soundcore Flare, soundcore is used for a bunch of Anker audio products.",,9,scraped,12
reddit,reddit_post_mhx87tg,,,my dad worked on this album 😅 so cool to see people listening to them,,23,scraped,15
reddit,reddit_post_m0c6h3q,,,For a second I started looking for my wrapped on the app and was like “where tf is mine?”,,35,scraped,19
reddit,reddit_post_m0dkocb,,,Why are there so many less stats this year? Mine was a big let down and felt very inaccurate lol,,20,scraped,20
reddit,reddit_post_m0e0m76,,,This years was a womp womp for me didn’t feel personal at all just “hey here’s what you listen to the most byeeeee”,,10,scraped,23
reddit,reddit_post_mmzaz1r,,,What I heard is They let go the only empty who knew how to work the data for the stats and when it broke no one could fix it,,1,scraped,29
reddit,reddit_post_m0cukyo,,,My Spotify wrapped is about to say I watched more ads than listened to music. I quit premium because it’s been so glitchy lately!,,10,scraped,24
reddit,reddit_post_m0fdz1s,,,"Since I've cancelled my subscription I got much better recommendations, new sounds I never heard, instead of playing MY FAVORITE SONG over and over again.",,2,scraped,25
reddit,reddit_post_m0ebkpa,,,What I do is use it online with an ad blocker and I don't get any adds!,,1,scraped,17
reddit,reddit_post_m0daf1j,,,And now I listen again to all the songs I already overlistened this year. Marvelous.,,6,scraped,15
reddit,reddit_post_t3_1rt2lb8,,Artist 'ThreadRipple' has hijacked Alexa voice commands,"Their artist profile is just a bunch of AI generated artwork, I haven't listened to more than 5 seconds of the music but I am assuming the same.



*""Alexa, play my liked songs on spotify""*  
*""Playing My Liked Songs from ThreadRipple on Spotify""*



Is there anything I can do as an end user to block this shit? It's infuriating and ruined one of the primary ways I will start up music in the house.",2026-03-13T22:57:28.000Z,1450,scraped,74
reddit,reddit_post_oab7xt7,,,Spotify really needs to start doing more about this crap. Getting really sick of stuff like this.,,226,scraped,17
reddit,reddit_post_oabglrc,,,"I tried out Tidal for a few months because I agree with you, but it's even worse over there.",,59,scraped,19
reddit,reddit_post_oabi1z6,,,"I tried Apple music for a while but I don't use iOS or Mac so the experience kinda sucked. Then I tried YT music and it sucked, high volume of music but dubious quality. Went back to Spotify only for all this crap to be happening. It pains me to say but unless you have your own offline music library Spotify is about as good as things are gonna get in terms of experience (Spotify Connect is unmatched anywhere and I use it everyday, missed it when I used AM or YTM).

Seriously considering just using Spotify for a few more months to discover artists I like and then building an offline library. I know a few websites where you can buy pretty much any digital download you want. Failing that, CDs. I'm so close to doing it, if only I had the money for it 🥲 Spotify is a false economy though, if I had put that into building my physical library I would have almost everything I wanted to listen to at this point.",,28,scraped,176
reddit,reddit_post_oajcdaz,,,"What's worse on Tidal? Really curious, my partner is trying to get me to switch",,2,scraped,15
reddit,reddit_post_oak05rr,,,"I love Tidal, where can I see stuff like this? And how does it work? You play a song that's just ""Alexa, play songs from Threadripple""?",,1,scraped,26
reddit,reddit_post_oae3ang,,,">high volume of music but dubious quality.

I'm using YTM and that's THE most hated feature of YTM.

Music with a video is super quiet compared to ""normal"" music (it doesn't have to have a video, per-se, but it's like watching a normal YouTube video, not the normal MP3 version)

I don't use Spotify because I'm using ""unethical"" ways for YTM to not see ads, but it's awful",,9,scraped,68
reddit,reddit_post_oai1cdp,,,"I miss Google music. Your own uploaded music, great quality, solid interface.",,3,scraped,12
reddit,reddit_post_oabd7bi,,,Maybe hitting the 3 dots (…) and selecting “Don’t play this artist” would help.,,330,scraped,14
reddit,reddit_post_oabdip8,,,"Yep, there it is. Thanks. Been using Spotify forever and didn't know this was there.",,175,scraped,15
reddit,reddit_post_oabqfmq,,,"I want to say it’s new because I remember wanting this feature in the past, but I wasn’t paying attention to when it came out",,-3,scraped,25
reddit,reddit_post_oac9yjb,,,Its been around since 2016. That's the year I found it. Too many artists were supporting the rotten orange.,,25,scraped,19
reddit,reddit_post_oabffla,,,"https://preview.redd.it/f88w5wgcgwog1.png?width=1071&format=png&auto=webp&s=1459c5a2b636d3f6926444f72c5ee8d1ab0b94d9

I would but there's no option for deceptive song titles.",,66,scraped,11
reddit,reddit_post_oaf9gsr,,,Time to reach out to customer support that it's not a reporting option.,,14,scraped,13
reddit,reddit_post_ob48hz8,,,What would deceptive song titles even mean outside of this particular instance?,,2,scraped,12
reddit,reddit_post_ofy7x4x,,,"Before this page, right after you choose report, you can click Deceptive content.",,1,scraped,13
reddit,reddit_post_t3_1n5yod7,,New Spotify feature is doxxing,"I checked Spotify today and noticed a new feature that lets you DM people. I tried it and saw a list of “suggested friends”, most I recognized, but a few I couldn’t place. Based on the music shared (it shows every single link you’ve ever sent that someone has opened, as long as they have a Spotify account), I realized some of these were people I know from Discord.

I don’t reveal my real identity on Discord, but occasionally share music in servers or while gaming. I’ve always kept Discord anonymous, and Spotify has never been a “social” app for me. But now it seems that anyone I’ve sent a Spotify link to, if they also have an account, can potentially find me, which means they could discover my full name and other account info.

It’s a little alarming. Just something to keep in mind if you share music in servers or subreddits and want to maintain your privacy",2025-09-01T19:44:52.000Z,2023,scraped,159
reddit,reddit_post_nbwcveq,,,"For anyone interested in the *how* of this, every single time you share a song from within Spotify, it generates a unique tracking URL linked to your account that allows Spotify to connect you with anyone else who uses that same link.

If I click share -> copy link on Spotify, I get something resembling the following in my clipboard:  
[https://open.spotify.com/track/0PsBajvo0g7bLLHxwH3Sk0?si=8dyy8ff75d4a4fa8](https://open.spotify.com/track/0PsBajvo0g7bLLHxwH3Sk0?si=8dyy8ff75d4a4fa8)

Notice the ?si=<value> section towards the end? That's a unique value stamped against my account. If a friend (or anyone else) with a Spotify account clicks that link, Spotify then knows there is a connection between the two of us as they have a used a link that only I could generate.

This is also why people have noticed that Spotify has already retroactively filled out the history of song shares in the DMs with their friends & family despite them sharing externally before via WhatsApp etc... Spotify has already tracked and stored all of the instances of those tracking identifiers being used between the two of you and established an idea of your relationship.

This has been going on for absolutely years and Spotify are far from the first to do this, but it's slightly disconcerting when it's shoved in your face like this. You can completely sideline this by stripping the query parameter off the URL (remove everything right of, and including, the '?')",,427,scraped,227
reddit,reddit_post_nbz2dc9,,,"TikTok and Instagram do this too - I’ve seen people accident doxx themselves by sharing links on Reddit as well.

E.g along the lines of “Alex shared this link with you! Click here to follow him.”

It’s quite in your face too. Not justifying what Spotify is doing here but it is the industry standard.",,55,scraped,55
reddit,reddit_post_nbwebzh,,,"I totally understand that everything is now a days tracked and monitored but to share your account and the entire history of what you have sent to people with people who you've simply shared a link with (which at the time of sending never linked to your account, but rather to the artists song/album) or even random people you have been in a jam with is concerning... Because what now I need to go in every single server and delete the links I've posted just to not allow people to find out who I am?",,65,scraped,95
reddit,reddit_post_nbybzu7,,,"Just this weekend, I went camping and had no service for the duration. I booted up my Spotify because I keep a number of playlists saved for such an occasion. It popped up a Spotify-created Offline Songs playlist which had my saved songs, but also had songs saved that my girlfriend has saved. Somewhat jarring because our phones weren't connected together at all, maybe it's a simple, innocent thing but it felt a bit weird for that to be a thing. No idea if this might be in cahoots with what you are describing, but I really wonder how/why it worked that way because it was a bit perturbing and unexpected. Does my phone just save songs that she saves, somehow (they didn't have the green saved icon, even)? We're on a duo plan, maybe that has something to do with it too.",,9,scraped,143
reddit,reddit_post_ncxj2hq,,,some1 already doxx me even after removing the tracking on the link so yea fuck this app,,4,scraped,17
reddit,reddit_post_nck9mtm,,,"Thanks for the clarification. Just to add, the messaging feature can be disabled by going into the social and privacy settings and toggling it off.",,3,scraped,25
reddit,reddit_post_noam6wl,,,"Could strangers then in theory find your account if they have the unique value? That’s concerning too. For example if you share one playlist, but don’t want someone seeing your other playlists?",,2,scraped,32
reddit,reddit_post_nbxo4hh,,,You’re using the internet if you have an account on 10 or more websites you’ve already got a digital footprint and your personal information…. All of it is already out there for people to access,,1,scraped,35
reddit,reddit_post_nbz471u,,,"It’s not about saved songs, it’s about recently played & downloaded ones. So if you’ve maybe played those songs recently, they would be on there: https://newsroom.spotify.com/2024-10-03/offline-backup-keeps-the-music-going-when-your-connection-goes-missing/",,6,scraped,26
reddit,reddit_post_nc01yxz,,,It's stuff you've recently played and stuff you've played a lot.,,2,scraped,11
reddit,reddit_post_nobf1dw,,,Well you'd have the option of making those other playlists private in this case which means nobody but you can see them,,2,scraped,22
reddit,reddit_post_nso3258,,,Generally it’s only if you use the “share” button from another app.,,2,scraped,12
reddit,reddit_post_nbwyvuj,,,"Done already, but imagine if you don't catch this and continue to share music and what not. I think its a bit odd they release a feature like this with no warning or option to opt in/out.",,34,scraped,37
reddit,reddit_post_nckiz72,,,"well that’s just like saying “everyone else is doing it, so why not Spotify,” it completely ignores the fact that just because everybody’s doing it doesn’t mean it’s okay and doesn’t mean more companies and websites should continue doing it",,3,scraped,40
reddit,reddit_post_m30wbho,,,"The shorter the artist, the higher a concentration of talent.",,154,scraped,10
reddit,reddit_post_m37s53q,,,Many rappers would be offended to be called the greatest pop star,,16,scraped,12
reddit,reddit_post_m38jcck,,,"billboard picks an artist from any genre for their biggest pop star of the year every year. kanye, eminem, and nicki have all won it in the past",,3,scraped,28
reddit,reddit_post_m386v0l,,,"Whether they like it or not, rap is popular music. Therefore rap is a subgenus of pop",,14,scraped,17
reddit,reddit_post_m38q3l1,,,"Like with indie, nowadays pop is defined by its sound not by the origin of the name.",,13,scraped,17
reddit,reddit_post_m3abhm2,,,"And winner for the best pop song in 2024....EMINEM and TUPAC, for their song ""FUCK THE POLICE AND SEASONLESS BAGELS!!!""",,5,scraped,20
reddit,reddit_post_m31y2m1,,,"5'5 is average for a woman, but short for a man. Not that there's anything wrong with that.",,83,scraped,18
reddit,reddit_post_m31sep8,,,5 5 is definitely noticeably short. You go any lower and you might be legally eligible to beat other people to the punch on short jokes,,38,scraped,26
reddit,reddit_post_m38nfky,,,"That really depends on where you live. In most western countries guys with heights lower than I would say 5’8” are normally considered short, meanwhile in Asian countries that is a different story.",,3,scraped,33
reddit,reddit_post_t3_1htl75z,,Made my first $100 from Spotify,I haven't checked my earnings since 2022 and I was actually surprised to break 3 digits. Music has always been my passion and I know it isn't much yet but this shit made me emotional,2025-01-04T18:45:58.000Z,1437,scraped,35
reddit,reddit_post_m5e7vtd,,,"Congrats!

Just curious, could you share how many streams this roughly adds up to?",,154,scraped,14
reddit,reddit_post_m5edgqo,,,Kinda crazy all of those streams only amount to $100. It gives me much more respect for smaller artists,,97,scraped,19
reddit,reddit_post_m5gip4w,,,"They add up to at least a bit more than that, that's just his cut.

- Many of the tracks have other performers - so the performance royalty is going to be split on those tracks.

- Almost every track has multiple people with songwriting credits - so the songwriting royalties are also getting split multiple ways. (and I'm unsure if the performer is the one of the writers or not).
 
Not saying there's tons of money being made here, but the actual payments for ""all those streams"" is at least a decent bit higher than the portion of it that he specifically is receiving.",,28,scraped,105
reddit,reddit_post_m5f0pvx,,,That's because Spotify changed while back how they distribute profits to their artists.. the famous ones get way bigger cut than the unknown ones if any.,,29,scraped,26
reddit,reddit_post_m5e6qco,,,congrats mannn. keep it up im sure  you can earn even more and make bigger and even projects as u grow too,,42,scraped,22
reddit,reddit_post_m5ec4nq,,,"Congratulations, OP! Earning some bucks from a passion work must be so gratifying.",,22,scraped,13
reddit,reddit_post_m5egnb9,,,"Just had a listen to some of your top songs. They’re really good, you deserve more than $100 for it lmao. You kinda remind me of another artist I listen to called $LOTHBOI, he has a similar vibe",,18,scraped,38
reddit,reddit_post_m5hs4mg,,,"I really enjoy supporting the lesser-known artists. When others mention an artist or band who is relatively unknown, I like to stream them.",,5,scraped,23
reddit,reddit_post_m5e9qjr,,,"Happy for you bro. As a verified artist, I can surely tell how much this means.",,7,scraped,16
reddit,reddit_post_kqlq2nl,,,"Is 44 seconds long, there's a bare ass on the cover and its...I guesss very old school house? Idk I'm not huge on the genre but I listen a little.",,63,scraped,30
reddit,reddit_post_kqo278f,,,~~If~~ You Leave Us Now ~~You'll~~ ~~Take Away~~ ~~The~~ ~~Biggest~~ ~~Part of Us~~,,17,scraped,13
reddit,reddit_post_kqlmp2r,,,"Now if only I could tell which of those songs were my liked songs, maybe with, I dunno, a heart icon, I'd stay.",,78,scraped,23
reddit,reddit_post_kqtjdc1,,,"My thought exactly when i saw the + button on that image. Probably gonna cancel soon too, they had more than a year to listen to user feedback. 

/u/MattSuda you guys really don’t understand how normal humans function do you?",,2,scraped,40
reddit,reddit_post_kquzutf,,,"I'm already trying out alternatives (I won't name names but... one starts with a D, one is owned by Bezos, one is from that big search engine company). They may not have all the bells and whistles, but at least they get the bare minimum basics right: seek... pause... like.

Even a high schooler with a ""Baby's First HTML and CSS"" book could make a product that achieves the bare minimum. And I've been with Spotify for the better part of ten years. Oh well, time to move on.",,1,scraped,89
reddit,reddit_post_kqo28hh,,,"*listens to one podcast*

“HEY YOU LOVE PODCASTS?! HERES 10 MORE YOU MIGHT LIKE! WHYRE YOU LISTENING TO MUSIC?!”",,9,scraped,19
reddit,reddit_post_kqmgcgg,,,"Yup, forced content is what made me leave a couple of years ago.",,2,scraped,13
reddit,reddit_post_kqouzmk,,,People just complain to be complaining. You won't be missed.,,1,scraped,10
reddit,reddit_post_kqle2nk,,,Maybe try to make a better ui and not a tiktokfication i mean i use spotify but hate the ui,,68,scraped,20
reddit,reddit_post_kqogfct,,,"Seriously, having music and podcasts in one app is so convenient. I think people just invent stuff to complain about.",,15,scraped,20
reddit,reddit_post_t3_1mruehw,,Spotify is working on the ability to mix songs,"Jane Manchun Wong via Twitter:

“Spotify is working on Mixing, a mixtape-like tool for curating how the playlist transitions between musics, down to the beat, effect, waveform, etc

This is like Apple Music’s AutoMix feature but gives the power of curation to the people”

https://x.com/wongmjane/status/1956582771759137095?s=46",2025-08-16T12:52:02.000Z,1851,scraped,45
reddit,reddit_post_n90e2qh,,,I'll let you know that Canada still doesn't have the music video feature apparently available pretty much everywhere else for a year now. ;),,65,scraped,24
reddit,reddit_post_n90bg9u,,,Even DJ and AI Playlists are still not available in non-English speaking countries (but they hiked the price in regions where these features are not available too),,41,scraped,27
reddit,reddit_post_n98g1a5,,,"I hate when they do that, its a damn Swedish company why do we not get the new features first",,2,scraped,20
reddit,reddit_post_n91hq4y,,,they’ll start spamming it everywhere when you’ll get it; enjoy it for now,,18,scraped,13
reddit,reddit_post_n90dd1u,,,"I’m from the Dominican Republic, we do have DJ and AI playlists",,7,scraped,12
reddit,reddit_post_n96m75n,,,"You aren’t really missing much. They aren’t as great as they sound. Still sucks for you guys, though.",,3,scraped,18
reddit,reddit_post_ndl7jia,,,DJ is meh the more I use it when I want to listen to music but don't know what I want to listen to or want that radio feel.,,1,scraped,29
reddit,reddit_post_m4b2i2a,,,my jaw dropped to the floor when I saw this for the first time LMAO,,628,scraped,15
reddit,reddit_post_m4bhnru,,,"most music streaming services have [audio] porn. its unfortunate, but the companies don't give a damn, because it makes them money. ):",,153,scraped,22
reddit,reddit_post_m4h57k7,,,"So does Google…? Your point? Everything has parental controls, kids shouldn’t have phones, and parents are too busy being on theirs; but yeah, it’s the apps fault",,6,scraped,27
reddit,reddit_post_m4ev6uj,,,"Isn’t there a setting you have to click to show erotic content, if memory serves the song bad girlfriend has an E next to it cause it’s explicit, so I can’t imagine porn wouldn’t, or at least it should",,2,scraped,39
reddit,reddit_post_m4iu6sa,,,"Any kids should have the setting for no explicit content. Music can be just as pornographic or lewd or violent, so if a kid has their own account it’s up to the parents to make sure that setting is turned on, even without porn on the app.",,1,scraped,47
reddit,reddit_post_m4c29n5,,,Audio porn should be fine.  Maybe an adult tag.  Free speech in music should be a bedrock core value.,,18,scraped,19
reddit,reddit_post_m4c1ypj,,,Would The Great Gig In The Sky count as it has women moaning,,6,scraped,13
reddit,reddit_post_m4bkz3e,,,"yes, it very likely is, but what i'm saying is that nothing will ever be done (permanently) about explicit/adult content on streaming platforms. i do still think people should report things like that when they see them, though.",,28,scraped,38
reddit,reddit_post_m4dm38k,,,Free speech wouldn't be suppressed if you couldn't listen to audio porn on Spotify.,,21,scraped,14
reddit,reddit_post_m4c3szy,,,"i guess! i do wish that there was a filter that would automatically hide them (AP specifically) for people, though. it's really awkward trying to show someone a song and end up having to scroll past *certain* audios 😂",,12,scraped,39
reddit,reddit_post_m4c22pf,,,"im not sure. explicit content? yeah, especially if its marked with that little ""[ E ]"", but is it audio porn? not necessarily.",,4,scraped,23
reddit,reddit_post_t3_1h7c7wi,,Why Spotify wrapped sucks this year,Just saw this info on Threads and wanted to share it with you. Didn't verify this myself so feel free to do with this info whatever you want,2024-12-05T15:49:43.000Z,9406,scraped,28
reddit,reddit_post_m0k6aew,,,"As are most of the spotify generated playlists:

Discover Weekly stacked with songs already on my playlists & Release Radar, another song on music long released, especially live albums...",,418,scraped,29
reddit,reddit_post_m0ltm0x,,,"Spotify recommended me a playliat of songs like ice cube that I'd might like. 

Literally copied my own playlist song for song. Only 3 songs in their playliat that wasn't in mine.",,49,scraped,32
reddit,reddit_post_m0nprkj,,,I recently noticed this too. The autoplay songs that come on which were usually new songs have almost all been songs already in a playlist. Just this week it played 2-3 songs multiple times within an hour.,,11,scraped,37
reddit,reddit_post_m0ol9t6,,,Literallyyyyy. Like imagine opening DW and every single song is literally downloaded😭,,2,scraped,12
reddit,reddit_post_m0oak8n,,,"Put all your lo-fi tracks on a playlist (or sub to some lo-fi mixes) and use the menu to exclude the playlist from your taste profile. Then this won't be an issue. 
It's the same if you like to use lo-fi or white noise to sleep to.",,27,scraped,47
reddit,reddit_post_m0q18rb,,,My algoritm is filled with Who wants to be a millionaire Soundtrack. Because me and a couple of friends jokingly played it a game night three months ago.,,8,scraped,28
reddit,reddit_post_m0puv4m,,,"It's not their fault.

Comparing tracks to your existing playlists to exclude them from you discoveries is an incredible feat of engineering. 

Nah, just kidding. It's because reading values on their databases costs money and they'd rather keep it than providing you what you're paying for.",,3,scraped,46
reddit,reddit_post_m0oq1wv,,,"Totally agree. 

My top artist this year was Frazey Ford, who I do like a lot, but AI loves even more. Every playlist, after it finished my picks, carried on with  couple of Frazey songs this year, propekking her to my top artist. 

The picks by spotify after the playlist ended were often brilliant but not any more.",,9,scraped,58
reddit,reddit_post_m0odh8y,,,I wish I would’ve known that before a random lofi artist became my most streamed artist of 2024,,23,scraped,18
reddit,reddit_post_m0v95n9,,,"To be clear though, Glenn was a toxic person to work with who wasn't the only person working on genres, nor was he the only person impacted by the redundancies that was working on it.

He is however the only one with the ego publicly claiming he was.",,1,scraped,48
reddit,reddit_post_m0ntov7,,,Doesn't this not really function anymore since he lost access to Spotify? Like it's just a snapshot of how Spotify was at the moment when he was fired?,,25,scraped,28
reddit,reddit_post_m0semkt,,,Spotify really messed up. That guy is freaking brilliant. Wondered why Wrapped was so shite this year.,,3,scraped,17
reddit,reddit_post_n6685b1,,,This would definitely be a nice change and fix a big gripe I have with the platform.,,370,scraped,17
reddit,reddit_post_n66f356,,,fuck I saw the image before the title and already got excited 😭,,233,scraped,13
reddit,reddit_post_n6ctlcp,,,"Well technically they already have.

There was actually a study about this and most “random” algorithms are intentionally structured because humans are pattern-seeking creatures and so if you shuffle an artist and you randomly get 4 songs in a row from the same album (which is very probable if you’re genuinely randomly shuffling) you’ll think “Oh this isn’t random at all!!” when actually we will just detect patterns in true randomness

So actually, algorithms will intentionally not be random, and you’ll rarely get consecutive songs from the same album because we ironically think that’s less random",,44,scraped,96
reddit,reddit_post_nb4uxyx,,,"Yup, instead of the message features that nobody needs, I think",,2,scraped,11
reddit,reddit_post_n6ew2m8,,,Ik. Tho I think it would be better if we had the option to switch from shuffle to custom shuffle.,,19,scraped,20
reddit,reddit_post_n6fe9o6,,,"Not an excuse to restrict user choice. Just don't have it on true random automatically, and keep it as an option for those who would like to switch. I don't need a corporation excluding what should be a fairly rudimentary feature to implement",,16,scraped,43
reddit,reddit_post_n6nychc,,,"i very rarely shuffle albums but i have 2 playlists with thousands of songs where shuffle keeps playing the same songs and artists, that's not a coincidence. i'm often a little surprised when a song i havent heard in a while comes on (if it's given me multiple in a row that i've heard countless times), i'd guess on average it plays around 3 songs i've heard many times or listened to recently for every song i dont know well and havent listened to recently",,2,scraped,85
reddit,reddit_post_n6fveg1,,,"What do you mean “true” random?

They had true random and nobody liked it because they sought patterns, so they constructed a more authentic random that simply removed any noticeable pattern

If it was “true” random there would be patterns and you’d cry it’s not random and so we’d be back at square one… which is my whole point

I’m not sure how you can have read my previous comment and reiterated a point I already debunked",,-2,scraped,77
reddit,reddit_post_n6hcn6d,,,"Except it's not a more authentic random that avoids replaying songs. In my Playlist of 8000 songs, it starts playing almost entirely the same shit over and over again after listening for 3-4 hours. It fucking sucks.",,8,scraped,37
reddit,reddit_post_n6fxk3a,,,"I understand what you are saying, but you are smoking crack if you think they came to same realization and applied it to their workflow.",,2,scraped,25
reddit,reddit_post_nb1qfhh,,,"Yeah, no. This is BS. It doesn’t just choose patterns, it plays the same songs in the same order jo matter how many times you clear your cache or turn off features.",,1,scraped,32
reddit,reddit_post_n6g1uts,,,You’re saying Spotify didn’t change their algorithm to stop people complaining about music algorithms not being random enough…? Riiiight,,1,scraped,19
reddit,reddit_post_nb1sn95,,,"Lmao. Ok. It’s a documented issue that many people are having. But go off there, buckaroo.",,0,scraped,16
reddit,reddit_post_nb1ude0,,,"“Issue.”

So not the intended algorithm? Which is what I was referring to.

Hitting shuffle doesn’t “play the same song in the same order.” That’s just untrue. Shuffle works. It is patternless. It doesn’t repeat or show “order”, so your claim is nonsense. If that doesn’t work, and there’s an “issue”, well duh, then the randomness won’t work… because it’s broken. That’s like me saying “Clocks tell the time,” and you saying “No!! The ones with issues don’t!!” No shit…",,1,scraped,80
reddit,reddit_post_nb1v3x5,,,"It’s an issue BECAUSE of the algorithm and the way that Spotify works. Like, can you think a thought through to the conclusion or are you just willfully obtuse?",,1,scraped,29
reddit,reddit_post_t3_18r8h5z,,Why is this crap allowed?,"It takes over your voice commands and forces you to start to play their ""music"" instead of what you actually wanted",2023-12-26T13:47:28.000Z,1774,scraped,21
reddit,reddit_post_kf0w6zm,,,"If you look at their discography, 99.99% of it consists of commands regarding Spotify. I can't tell if this is genius or if it's a big douchebag move.",,336,scraped,28
reddit,reddit_post_kf3zfrm,,,"I hope they aren't, it just feels like a really scummy thing to do. I checked out some of their music and it isn't all that good, I mean some of it is okay, but it isn't good enough for someone to make an approach like this. I hope the problem sorts itself out soon, because (judging from the looks of the stream count) a lot of people seemed to have fallen into the trap. One can only hope that it gets resolved, right?",,10,scraped,84
reddit,reddit_post_kf48vu6,,,"The same goes for people who steal others content online. I don’t know much about him, but there’s a fake Sam Sulek account on insta that has millions of followers but he doesn’t care enough to go after them.",,5,scraped,39
reddit,reddit_post_kezpqgr,,,"They do it because they can get away with it at least for a little while. Just report it for deceptive content and move on with your life.
It's faster than posting about it on Reddit.",,416,scraped,36
reddit,reddit_post_kf7iugh,,,"I just reported to see what happens. It is in fact, *not* faster than posting on Reddit! You have to type in your email address, retrieve a code, come back and enter that code, then you’re offered a list of offenses that doesn’t include deceptive song titles. So I don’t see how reporting this does anything about it!",,9,scraped,58
reddit,reddit_post_kf8080j,,,"I was able to report the account for deceptive content. And using the recents page of my phone to flick over to my email app to copy the code took next to no time at all.   
By comparison, you took the time to take a screenshot of the offending account, jump over to your reddit app and go through the process of creating a post for us all.   


I assure you that I reported the account faster than you made this post.   
Either way, just report the account and move on to enjoying some music. It's not that big a deal.",,7,scraped,101
reddit,reddit_post_kf8o42d,,,Why are you so mad they posted this lol. Personally I find it interesting that someone is doing this and sent it to a group chat to discover one of my friends was also tricked recently! Also posting to Reddit takes like 5 seconds lol,,5,scraped,45
reddit,reddit_post_t3_1ndb2p7,,It's official: LOSSLESS IS HERE!,"For the Record announcement:



[https://newsroom.spotify.com/2025-09-10/lossless-listening-arrives-on-spotify-premium-with-a-richer-more-detailed-listening-experience/](https://newsroom.spotify.com/2025-09-10/lossless-listening-arrives-on-spotify-premium-with-a-richer-more-detailed-listening-experience/)



Update your app and have fun! Yall waited long enough!



Enjoy!!! 🎉",2025-09-10T11:00:59.000Z,1787,scraped,17
reddit,reddit_post_ndfcqda,,,"Again with the select markets thing...

quote: ""Lossless is rolling out gradually to more than 50 markets through October. Premium subscribers in Australia, Austria, Czechia, Denmark, Germany, Japan, New Zealand, the Netherlands, Portugal, Sweden, the US, and the UK have already started to get access.""

EDIT: 25 days later still no lossless for me(Romania)",,662,scraped,54
reddit,reddit_post_ndgmxxu,,,"Yeah I dont get why they feel to need to ""roll out"" every fucking new feature. It cannot be that hard to release it for everyone all at once.",,9,scraped,29
reddit,reddit_post_ndgh81d,,,"Well... yeah. This is how tech rollouts work constantly. This isn't an ""again with the..."" situation like they're doing it to inconvenience anyone.",,10,scraped,23
reddit,reddit_post_ndgt1gz,,,I don’t know what mania Spotify had of adding functions but at first for specific regions. And then launch it in other regions outside the United States.,,1,scraped,27
reddit,reddit_post_ndj15dx,,,"Live in Hong Kong; hopefully, I can get the lossless this year. But I just don't understand why they love to release features by region. Is it so hard for them to release them at the same time?",,1,scraped,38
reddit,reddit_post_ndfi0bu,,,I am leaving Spotify because of this... its so fucking frustrating,,-5,scraped,11
reddit,reddit_post_n457ptv,,,Just because a band image is clearly AI would not mean the band is AI. I do not understand this connection. Imagine the band would have turned out to be real! Using AI imagery would have been a great marketing ploy!,,1,scraped,41
reddit,reddit_post_n3zp175,,,Thats complete nonsense ... looks like one of those ‘most shitty vinyl covers if the 70s or 80s‘ … they looked as stupid as this one … you see straight away it looks odd ... but less artificial as some of the worst vinyl cover ever.,,0,scraped,46
reddit,reddit_post_n1css0p,,,Also the members are entirely different people in each “picture” of the band,,3,scraped,13
reddit,reddit_post_n0vrvo3,,,"Things that give it away to me: 

First, the level of blur being used and how the background behind them seems to be muddy and lacking definition. The over-blur comes from the fact that with a lot of art you do a transparent gausian blur layer to finish it off and tweak the ifnal image. Ai generated images tend ot overblur because blurred images were fed into the database so it lacks the purpose of the technique. 

Another thing that jumped out at me was the member in the foreground audience right. There's either a very smeary right arm, strange scarf, or piece of shirt that draws the eye. It's like an optical illusion. Even if this was a photo that was shopped a bit to look more like a drawing, this mystery object is too undefined and awkward especially compared to the rest of the composition. 

I'm also pretty sure this is a parody of a 70's album cover or maybe promo image for a famous band because other AI looking images of Velvet Sunset take from famous band promos like Abbey Road, but I can't place what the original reference was for this piece. If I could, I think some of its wonky perspective and proportions would become even more pronounced. 

If you look at enough gen AI images, you can start to get a kind of uncanny valley feel for them especially if you know what armature art that isn't gen AI looks like and take those foibles into account.  

Sorry if this response got kind of long. These are just the things that immediately jumped out at me when I saw the image.",,72,scraped,277
reddit,reddit_post_n0v9qvs,,,"pattern recognition after seeing so much AI ""art"". It's the lighting, positioning, texture of the people, etc.",,147,scraped,17
reddit,reddit_post_n0vn09x,,,There’s that weird amber haze that a lot of AI generated stuff has,,60,scraped,13
reddit,reddit_post_n0x7feb,,,"There's always a strange artificial smoothness over ai images. Like everything is artificially clean, and lightning looks too smooth. Almost like a photorealism videogame, you can tell its a game even if they look good.",,8,scraped,35
reddit,reddit_post_n0ugu7w,,,"I watched beatos video on the topic. The lyrics are so shallow its insane. They didnt even try, they just took the first thing that popped out of the ai slophole.",,31,scraped,31
reddit,reddit_post_t3_1h6fxdc,,2024 Spotify Wrapped was awful ,"No interesting stats, no genres, nothing. It felt super anti climatic tbh. Even the theme felt meh. Anyone else?",2024-12-04T13:25:55.000Z,9601,scraped,19
reddit,reddit_post_m0de4wq,,,las years wrapped showed where people live with the most smilar musical taste to you,,959,scraped,15
reddit,reddit_post_m0ec0bz,,,I really wanted to have that stat again bc last year I just got where I lived.,,290,scraped,17
reddit,reddit_post_m0e8qe5,,,"I was most excited to see what my location would be, but they never showed. This year's wrap was too basic.",,83,scraped,21
reddit,reddit_post_m0ftuwx,,,I was a bit freaked out they got my small city right. Then it turned out most of England was put in my city too.,,16,scraped,25
reddit,reddit_post_m0hlzuv,,,"*reddit for 90% of the year* ""big business harvesting my data and selling it all while my price goes up""

*reddit for Spotify wrapped* ""why can't I see where all my peeps are concentrated""",,14,scraped,34
reddit,reddit_post_m0jmm8w,,,"I agree

The thing I loved most about it was not only showing where in the world you'd be with your musical taste, but also it had videos from the artists where you were in the top certain % of their listeners

Why they decided to scrap that from this years is just confusing and IMHO, a huge mistake

Also, if they mentioned where you were in the % of listeners for the rest of those artists, that really could have saved this more",,3,scraped,84
reddit,reddit_post_m0j76xl,,,"I mean it's not like they've stopped harvesting my data, might as well do something fun with it.",,17,scraped,18
reddit,reddit_post_m0g47l2,,,"Mine was a city in Colombia, I mostly listen to reggaeton and other Latin genres and don’t speak nor understand a lick of Spanish.

Edit: Pasto, Colombia",,14,scraped,27
reddit,reddit_post_m0g7t2k,,,"Didn't move, and taste didn't change. I just wanted to see if it was consistent, and I thought getting my location was funny.",,4,scraped,23
reddit,reddit_post_mywpcvb,,,"I was completely ready to tell you that this was probably a scam but it turns out Spotify does actually use facial age estimation. Seems insane to me, but what do I know: [https://support.spotify.com/au/article/age-restricted-content-age-check/](https://support.spotify.com/au/article/age-restricted-content-age-check/)",,328,scraped,34
reddit,reddit_post_mywy3tc,,,"Well damn 😭 I still don't understand why exactly but who cares. Also when I went ahead and just did the picture thing it told me I'm too young. NO THE FUCK IM NOT, IM 18?!?",,134,scraped,36
reddit,reddit_post_myx2740,,,"The first thing I thought was 'Oh this must be wrong constantly' because what about baby-faces? Or someone who's good with makeup? Or just using filters? I read through that page and they recommend uploading your ID if the facial check is wrong, but why would I want to upload a government ID to  Spotify of all places?? What adult content are they even carrying that warrants this kind of check??

  
I know the reasons for this are numerous and probably involve things like app store viability and advertiser revenue, but it's still insane.",,97,scraped,94
reddit,reddit_post_mz44i67,,,"Just curious, too young to do what? Underage people can't listen to music anymore?",,12,scraped,14
reddit,reddit_post_mz4rq4e,,,"It must be a US or Europe thing avoiding giving your ID, but in my country in South America we give or ID all the time in apps and websites to prove your identity, specially apps for banks.",,5,scraped,38
reddit,reddit_post_n3zq3b7,,,Explicit Lyrics … and signing up to Spotify you enter a legal contract and for this you must have a certain age … common sense.,,1,scraped,25
reddit,reddit_post_njlgtdr,,,"Nobody can listen to music anymore because every music app is a greedy scam.May as well just ban music altogether because its unreasonable to signup,put up with adds and have data collection i dont want.No feature of sign in is useful on any music app.Scam.",,1,scraped,45
reddit,reddit_post_mz5y0k5,,,I mean we (Americans) give id for banking all the time.  Way less weird than a music app.,,3,scraped,18
reddit,reddit_post_mznxhma,,,"Here we don't give id to anything. Only governmental websites need strong identification which happens through banking app.
(Europe, Finland)",,1,scraped,20
reddit,reddit_post_mzoajyd,,,"It's pretty wild to me that you would need to be 18 now to hear the word ""sh*t"" in a song... it's quite PG-13 to me...",,2,scraped,26
reddit,reddit_post_mz6ca8o,,,"The ""free"" state of Texas wants Google and Apple to do this to access the app stores",,5,scraped,17
reddit,reddit_post_mzqloj8,,,"Here we have to give even to shop online on Amazon, for example.",,1,scraped,13
reddit,reddit_post_mzobmrd,,,"Yeah but the problem with music is that there's no rating. It's either explicit or it's not, so a song with multiple n words is treated the same as a song that says ""sh*t"" once. So it's a little wild to me that you'd need to be 18 to access the latter.",,1,scraped,52
reddit,reddit_post_mzobzsb,,,"Yeah, I completely agree with you, but we can't really do anything about it, can we?",,1,scraped,16
reddit,reddit_post_myy9c56,,,What is stopping someone from just taking a picture of someone's picture... or asking a family member/friend to do it for them? Weird,,77,scraped,23
reddit,reddit_post_mz03z7l,,,I actually verified with [This Person Does Not Exist](https://thispersondoesnotexist.com/) when google asked lmao,,67,scraped,13
reddit,reddit_post_ltpwpus,,,"This was announced months ago. Yes it is bullshit, but there is a subreddit dedicated to hacking it so you can make use of it still.",,430,scraped,26
reddit,reddit_post_ltq4qpa,,,I got refunded for two of them I bought years ago. Just have to have proof of purchase and contact support. They refunded me by charging back over a year of premium charges.,,37,scraped,33
reddit,reddit_post_ltq7tp9,,,"My dude, the message on the Car Thing itself *on this very post* indicates that",,72,scraped,15
reddit,reddit_post_lts97it,,,Did you even try? I literally just did it and was offered a refund or 7 months of premium.,,4,scraped,19
reddit,reddit_post_ltqbg6d,,,"There’s this new website called google where you can type keywords in like “carthing refund” and be taken to a page where all the relevant information is! 

Catch the net! The information superhighway is radical, dude!",,11,scraped,36
reddit,reddit_post_ltqj6y9,,,"Did you work with Spotify support on this? I only bought the device and don't recall buying any premium charges with the device. I'd only be looking for a device refund which I recall was about $100. I ask as, posted above, I was informed in June '24 device refunds weren't happening.",,-20,scraped,52
reddit,reddit_post_ltqjdkx,,,"As stated above, I had contacted support in June '24 & was informed device refunds were not happening.",,-17,scraped,18
reddit,reddit_post_ltqiay4,,,"My dude, I did contact Spotify support and was informed in June '24 that refunds weren't happening. That is why I asked...

edit: grammar",,-44,scraped,24
reddit,reddit_post_ltsisad,,,"In short: yes, I tried.

I received an email from Spotify on May 23rd, 2024 informing me Car Thing was to be discontinued. I submitted inquiries for reimbursement on that same day and was informed by support on June 11th, 2024 that a refund was not available. 

If you ""literally just did it"" clearly a change in company procedures has happened in the past 5 months.  Given how much bad info is on the internet, I asked my original question to ensure this wasn't a BS post. I will follow-up again w/ Spotify.

Thanks for confirming an actual refund.",,1,scraped,99
reddit,reddit_post_goaygh8,,,"it's so frustrating because spotify's entire focus is on growth growth growth, so they put almost no energy into making an actually good product",,45,scraped,24
reddit,reddit_post_go9xtvy,,,So true! Spotify badly needs a play next option like tidal. Spotify HD would be great as well,,34,scraped,18
reddit,reddit_post_grdzzpy,,,Instead of adding to the end of the queue you can add to the front of the queue basically. If that makes sense,,10,scraped,23
reddit,reddit_post_gzdvy0f,,,"My add to queue button acts like “play next”. It parks the song right next to the current song in the queue. 

Ab testing perhaps?",,2,scraped,25
reddit,reddit_post_gobtqld,,,I hate when they promote podcasts in my home. I don't like it and I don't even listen to podcasts.,,11,scraped,20
reddit,reddit_post_gocjddu,,,"The same goes on every make-up forum:

>They discontinued my favorite product that everybody loves and everybody uses! Theur new product sucks

Spotify has several departments that analyze what their 500 mil users really do and what features they really use. Feedback and forums — absolutely no, there is zero reasons to vote on their forum for a feature. 

If they shut a feature you like it means it wasnt popular, it doesn't mean it was a bad feature.",,9,scraped,79
reddit,reddit_post_gocr0ai,,,"It means it wasn't PROFITABLE. Maybe upkeep was too expensive, maybe not enough users were using it to justify maintaining it, etc.",,5,scraped,22
reddit,reddit_post_goef7hp,,,"Well, they're finally giving us some semblance of the ""smart playlists"" we've had access to in iTunes forever, so...",,4,scraped,19
reddit,reddit_post_go9t6vn,,,cmon Spotify all I want is the ability to save multiple custom equalizers,,11,scraped,13
reddit,reddit_post_gobgwmi,,,"I just want to tag songs. My current playlist organization is a disaster, and I really don't think I can fix it with just playlists.",,2,scraped,25
reddit,reddit_post_go9stwr,,,They definitely should! It just feels as if there is very little interest on the user's' experience in comparison to everything else.,,21,scraped,22
reddit,reddit_post_goa8jhn,,,I feel like they've removed more features in the last few years than added lol,,13,scraped,15
reddit,reddit_post_mo9q3zr,,,I don't know if it's just me but does anyone remember there being a upvote down vote system on spotify? because I could have sworn there was some sort of way to down vote a song so then it would never pop up again but here I am constantly hearing something about women's booty cheeks and fat tiddies for the 7th time because I skipped one song that had mentioned women,,369,scraped,71
reddit,reddit_post_mo9vaxs,,,"i didn't use spotify when it was first started but i do remember in 2019 there were ""hide"" buttons on discover weeklies and if you click on them, they won't play those specific songs anymore. you essentially prohibit those songs from ever playing

in response to the sexual content you mentioned, I believe you can still block artists! so if what you're getting recommended is by a few certain artists then it is possible to block them",,111,scraped,77
reddit,reddit_post_moa2p8v,,,yes i remember this!! i think it was in playlist generated for you and you could upvote it if you wanted more recommendations similar and downvote for less,,35,scraped,28
reddit,reddit_post_moabt4b,,,"How about the starred system being turned into the like system, but your starred playlist didn't transfer over?",,15,scraped,18
reddit,reddit_post_moa5bk5,,,I feel like they made that into a feature solely for their smart shuffle. I’m not sure since I hate smart shuffle but I feel like it was there the few times I’ve been subjected to using it,,3,scraped,38
reddit,reddit_post_moa338m,,,"Yesss it was a good feature, I feel like it gave more control over your suggestions",,2,scraped,16
reddit,reddit_post_mob7eip,,,"Yes. I remember that for podcasts too. Now they just slap me int he face with podcast I've never heard, have no interest of and will never play, always popping up",,1,scraped,31
reddit,reddit_post_moe6qfk,,,"At one point there was such a feature. I really wish they would bring that back. What would be most optimal, if they added a up/down vote buttons and then upon pressing downvote, you then would be able to define reason for dislike. For this I would like if spotify had ability and AI to parameterize all songs. Then I could select, that i don't like autotune, snap tracks, pipe organ, song lyrics focusing on tight jeans. Problem with just up/down is that system does not know why. 

I tried to ask Gemini AI for song suggestions based on what kind of lyrics i want to opt out of. Gemini told me thay because of copyright issues it can't store/learn on song lyrics and do a search. So there might be that obstacle for Spotify as well. 

I know I can block artist, but I can't do it on PC AND while I might dislike one artitst for 3 of his albums, then he might have 1 album i like. So artists block is good, yes, but its too broad. Individual song block would work better if they would bring that back.

You can HIDE a song from a playlist, but when spotify generates a new list and the song is there it's not hidden song hiding is per playlist ID. Also, it does not take into account hiding a song in any way. We have family playlist and every week when it generates it has 3 songs that appear every week and no one wants to hear them. We always hide them, but they will appear again.

For the family/friend group playlists, I wish there was an option to emphasize individual ""most played"" songs for the list rather than trying to meet at middle. Result is something that no one wants. I would like to listen to my fav songs in my ""turn"" and not some song from my fav genre that is most close to something my other family members like.",,1,scraped,333
reddit,reddit_post_mofdpnl,,,"Yes! On the radio feature specifically, you could like or dislike songs, separately from starring (the version of the heart at the time) them. It would even add all your liked songs to a playlist called ""Liked from Radio"". Back when Spotify radio didn't suck.",,1,scraped,45
reddit,reddit_post_moquw10,,,"I see those when I'm in my liked songs playlist with the ""enhanced shuffle"" (the one that adds songs based on what you already added to liked songs).",,1,scraped,28
reddit,reddit_post_mokv73p,,,"""Hide song"" was definitely a thing

I let my friends use my phone for music around 6th grade while I was asleep on a pretty long (4-5hrs) bus ride for a school trip and they legit filled my entire algorithm with Bon Jovi.

This is why I had a ton of Bon Jovi songs on ""hide"" until I clicked into a Bon Jovi album last week.",,10,scraped,66
reddit,reddit_post_moa66hd,,,"it doesn't pop up at all for me, I mainly use Xbox but did you ever update yours?",,6,scraped,18
reddit,reddit_post_moad60z,,,"I'm a little confused by your question but I think I might understand it, I do have a liked playlist but there's not that many songs and I do like to go and find a pre-made playlist of a song that I truly like that it starts with and then I continue on to listening to that playlist instead of listening to what I have liked. because I like to try and find different songs to add and then eventually listen to all my liked songs.",,1,scraped,86
reddit,reddit_post_msblnk8,,,"i don't understand what you mean, but if it's to the upvote down vote that's essentially what I mean by what you said.",,1,scraped,23
reddit,reddit_post_moag5j1,,,"Oops, I didn't mean to reply to you. I was trying to comment on the whole post. Back in the day it used to be starred instead of liked, and when they introduced likes, they completely got rid of the starred system and didn't transfer anything to the like system so you had to re-add everything to it. This was like 11 years ago.",,8,scraped,64
reddit,reddit_post_mscos8j,,,I remember a thumbs down in the desktop applicatiln is what I meant 😅,,1,scraped,14
reddit,reddit_post_t3_1mnbnmj,,"Excuse me Spotify, but this is not Ed Sheeran","I thought this was a fun mistake which I suppose AI is at fault for. 

They are not even look-alikes IMHO",2025-08-11T12:30:25.000Z,1413,scraped,21
reddit,reddit_post_k9f1b90,,,"They said it was gay, they didn't say it was bad. Sofia know that you and I blah blah blah",,5,scraped,20
reddit,reddit_post_k94xn4t,,,Click the 3 dots and then “hide song” just in case you play your recently played tracklist again and don’t want to accidentally play this again,,176,scraped,26
reddit,reddit_post_k959ldf,,,or u can go to settings and scroll down to privacy and or social and turn off recently played artist. if u still wanna listen to it but not have ppl know u r u can also turn off listening activity or turn on private session for 6 hours,,31,scraped,49
reddit,reddit_post_k94k9v5,,,Come on why would you want to delete what's clearly the best track in your recents?,,213,scraped,16
reddit,reddit_post_k95c14m,,,To be honest I don’t want to be disrespectful or something BUT I’d be least ashamed of that very song,,-53,scraped,20
reddit,reddit_post_n83mxn8,,,This was deliberate from Ed Sheeran. Him and Rupert Grint (the guy in the picture) have been posting a lot of stuff together as publicity for Ed’s new album.,,765,scraped,29
reddit,reddit_post_n83ntmd,,,"Really? Lol 

Well it got me laughing! And obv my full attention 🫢",,132,scraped,13
reddit,reddit_post_n85kfgq,,,I don't know if you remember but Ed Sheeran song Lego house also had Rupert in the entire video,,5,scraped,19
reddit,reddit_post_n86014v,,,"Because Spotify doesn't (or even can't) change those pictures, only the artist",,2,scraped,12
reddit,reddit_post_nbw5ho1,,,"Liberals thats why 

All jokes aside everyone’s a critic that’s why",,0,scraped,11
reddit,reddit_post_n84yw9n,,,sometimes the downvotes are warranted...other times i'm like what did they doooo 😆,,18,scraped,13
reddit,reddit_post_n8qbzf7,,,"The hive mind had deemed that comment unworthy. But now that you've pointed it out, they had do back down",,2,scraped,20
reddit,reddit_post_n86w051,,,thanks! i see you in the quadeca subreddit all the time ngl😆love yours too :),,3,scraped,15
reddit,reddit_post_n83nnid,,,"No not a mistake, if you google ed Sheeran then there’s a little Easter egg on the top of the page",,170,scraped,21
reddit,reddit_post_nz043am,,,"A song titled ""No Algorithm"" being made with Ai is peak irony.",,202,scraped,12
reddit,reddit_post_nz4ny5w,,,"Especially with the bandname being 'aftersapiens', that's pretty telling as well",,22,scraped,11
reddit,reddit_post_nzrnojj,,,"I just looked them up and what’s even crazier is, is that they promoted this track with- “we made this song to protect the soul of art in a world ruled by code”. fu**ing pathetic",,1,scraped,35
reddit,reddit_post_o3fqs1s,,,They don’t care. They just want to make money off of AI musics streams.,,1,scraped,14
reddit,reddit_post_nyzo33w,,,"there were two more AI songs in my discover weekly, so 7/30 songs.. just gradually becoming more and more at this point.",,350,scraped,22
reddit,reddit_post_nz0y5j2,,,"I was just wondering how many songs from my discover weekly are AI generated.. 
How did you find out? You googled them?",,103,scraped,22
reddit,reddit_post_nzd7fbv,,,"Go look at Spotifya official mood playlists. Baby playlist, sleep playlist, etc - all AI. 

Spotify realized sleep music is played a LOT (7-8 hours of music a night) so they paid a company for AI slop so they don't have to pay out regular streaming rates, or do to themselves. Those playlists are ALL AI

Fuck Spotify",,5,scraped,58
reddit,reddit_post_nzmue2x,,,How were you able to determine which are AI and which are real artists?,,1,scraped,14
reddit,reddit_post_nzpux87,,,"Lol, funny how thats global problem, Tidal, Spotify and I believe apple and deezer too",,1,scraped,15
reddit,reddit_post_nz0zu4s,,,"many of them have a certain sound to them if they have vocals, autotuned in a sense? but the biggest giveaway is AI generated descriptions to make them sound really cool and interesting (but it's just a wall of nonsensical text), and no songs before 2025",,148,scraped,46
reddit,reddit_post_orojzqg,,,"Some AI 'artists' also have an insane number of songs. No human has that much QUALITY output. The album art is also an AI image giveaway. Also, all songs are similar, and they are singles.",,2,scraped,35
reddit,reddit_post_nzjiavs,,,"and it's only going to get worse, imo. they have a lot to gain by driving payouts down through a back scratch relationship with regurgitated, IP loop-hole content producers [https://substack.com/home/post/p-153380958](https://substack.com/home/post/p-153380958)",,1,scraped,30
reddit,reddit_post_nz1tukp,,,Would push it back to 2023 for ai as that's when it started becoming a thing on Spotify,,55,scraped,18
reddit,reddit_post_nzqa52d,,,How do you gauge finding actual musicians that debuted in 2025 or after?,,1,scraped,13
reddit,reddit_post_t3_1d8ssk2,,I canceled my Spotify subscription of 6 years. ,"No one cares, but this is after all a rant. 

I feel like I am listening to the same music over and over and over and over and over and over and over and over and over and over.

Wanna listen to 90s? Here is LUNCH by Billie Eillish 🤩✨️

Wanna listen to soft rock? Here is LUNCH by Billie Eillish 🤩✨️

Wanna listen to rap/hip hop? Here is LUNCH by Billie Eillish 🤩✨️

Made for you killed Spotify for me. Spotify makes me hate my music because it keeps on playing it over and over again, everywhere. All my playlists are just the same songs over and over again. I have over 4000 liked songs and every playlist is the same. 

+

The algorithm feels way to advertisy. I notice that when artists are about to drop albums, suddenly I get an influx of music by that artists in my shuffles or playlists because Spotify thinks I actually want to listen to my liked songs when I search for public playlists.

+

Price hike, duh. And for those who care, a price hike with a CEO who said music costs nothing to make as a way of justifying not paying artists. 



I will be honest too tho. If Spotify ever fixes their poop, I would come back, but until Made For You dies or is optional, I am not coming back. 


BTW, I like the LUNCH song, it's just overplayed on my Spotify playlists, that's all. I am a Billie Eilish fan lol 

https://community.spotify.com/t5/Live-Ideas/Remove-the-quot-Made-For-You-quot-public-playlists-or-at-least/idi-p/6070281

I created a post, like it if you agree with me!",2024-06-05T15:30:54.000Z,1153,scraped,266
reddit,reddit_post_l78eh5e,,,">Made for you killed Spotify for me.

It's getting to that point for me, too. I use fewer and fewer automated options over time. Nowadays I build playlists manually, I shuffle them manually in 3rd party tools, reshuffle when I get bored with the order. That is about it.",,192,scraped,49
reddit,reddit_post_l7cr1kj,,,Do people not make playlists manually? Most of my listened to playlists are self made.,,8,scraped,15
reddit,reddit_post_l7bxger,,,Every playlist is the same songs! I miss when they were curated and had music I wouldn't have listened to otherwise.,,3,scraped,21
reddit,reddit_post_l7syjl9,,,What third party tools do you use?  The only reason I'm still on Spotify is because all of my manually curated Playlists. But I still feel like it pumps out the same songs even on my hundreds of hours Playlist,,1,scraped,40
reddit,reddit_post_l78uv73,,,"I use ""made for you"" all the time. If it get's boring... I just move on. I have 0 problems with it.",,26,scraped,22
reddit,reddit_post_l7apq2n,,,"I am constantly making & listening to really long playlists I've made or someone else.
at least 12 hours long or more with different genres and different artists and now that I like them and Spotify knows I get much better selection and much more unusual choices than when I didn’t do that

Start making your own

I'm always shazaming for great music

And looking for niche and unusual artists, genres, or playlists

It took a few months for Spotify to give me better choices but now it's amazing what I get",,11,scraped,92
reddit,reddit_post_l7imch4,,,You create original topics for music. Do you use collaborative playlists? What would you say if other users could compete each other selecting limited number of tracks for your topics?,,2,scraped,30
reddit,reddit_post_l7mds8b,,,Great playlists sorcycloud!! Maybe there’s something you like here https://open.spotify.com/user/031v0vo2nb7uavq9b4ejudh41?si=eb1YUYIXRFK7M0oE-ghb6w,,2,scraped,10
reddit,reddit_post_l79t8xp,,,"Personally, I use SmarterPlaylists!! It's a little complicated at the beginning, but it's really useful and gives you a lot of control over your playlists.",,8,scraped,25
reddit,reddit_post_l7h5t0x,,,"[Discover Quickly](https://discoverquickly.com/) is quite good for exploration too, I end up finding a lot of interesting songs from all sorts of genres using that site",,3,scraped,25
reddit,reddit_post_l791gs4,,,"I did too for a long time, it just seems somewhere down the line Spotify made some erroneous assumptions about my prefs, so now in my generated playlists I get a smattering of the same tracks Spotify always throws my way and several tracks in a genre I like a few examples of but I do not LOVE. So i've just stopped playing them in order to not reinforce this false conclusion.",,19,scraped,72
reddit,reddit_post_kbuje6o,,,"fine jellyfish gullible sulky weary dependent scary hobbies skirt office

 *This post was mass deleted and anonymized with [Redact](https://redact.dev)*",,87,scraped,19
reddit,reddit_post_kbweo1q,,,"aware dime ossified sense sink existence abounding observation somber bored

 *This post was mass deleted and anonymized with [Redact](https://redact.dev)*",,25,scraped,19
reddit,reddit_post_kbwr0v6,,,Assuming the average person stays on the video for 5 seconds then he would have had to get rickrolled 708 times,,19,scraped,21
reddit,reddit_post_kbwxaa4,,,"From my knowledge, Spotify only counts it if you've listened to it for 30 seconds or more 🤔 Could be completely wrong though.",,16,scraped,23
reddit,reddit_post_kbuqtwa,,,"C’mon man, leave your Spotify playing 24/7 like the cool kids. 🙄",,64,scraped,12
reddit,reddit_post_kbz9mym,,,Gotta rack up those offline numbers to combine with your other offline numbers **and** your online numbers. Then add them to your sleeping hours.,,8,scraped,24
reddit,reddit_post_kbzdmv8,,,"People have admitted to having multiple Spotify accounts, one they actually listen to and another they just leave streaming on a computer or something so they can flex their wrapped lol. I don’t get it but whatever gets more exposure for bands and artists is a great thing I guess.",,6,scraped,50
reddit,reddit_post_kbvoh0v,,,Guess this rules out why my boyfriend didn't get his wrapped lmao,,13,scraped,12
reddit,reddit_post_kcl9bzb,,,"This is a little delayed, but you were right! I appreciate your wisdom.",,1,scraped,13
reddit,reddit_post_nb8q9bu,,,absolutely nothing wrong with enjoying some yuri from time to time,,223,scraped,11
reddit,reddit_post_nb8rpea,,,"Having lil b right underneath mommy ASMR is one of the funniest things I've ever seen, and I'm all here for it",,227,scraped,22
reddit,reddit_post_nba9rww,,,"I read this as ""You just have to listen to it more and it'll go away"".

I find my dumb brain funnier.",,38,scraped,22
reddit,reddit_post_nba8m94,,,"Listen to a bunch of other playlists and they should fill those spaces. 

In the future you can turn on a private listening session and none of it will be shown on the main screen or to any friends on pc",,23,scraped,41
reddit,reddit_post_nbq5poh,,,Does private listening also work for spotify apps like last fm?,,1,scraped,11
reddit,reddit_post_m10ntj5,,,"Last.fm give me detailed info about every song i've listened in over 7 years, date time how many times etc. This wraps are just novelty social media posts i forget about day after release at best, how tf they are better?",,156,scraped,41
reddit,reddit_post_m12f8ep,,,I don’t even need it to be very accurate. At least make it fun! This year felt like a shell of what it used to be.,,24,scraped,26
reddit,reddit_post_m14yhv9,,,if we are gonna do sex toy metaphors it was like if your vibrator dies half way through and is like dead dead,,13,scraped,23
reddit,reddit_post_m10o9y6,,,"They used to be better because 1. they gave you insights like ""your music listening is most like [this city]"" and would give you stats about why, and 2. It's a fun thing that everyone, friends family, etc. did together, so it wasn't just you jerking off to what you listen to, but actually doing a social thing and learning about music tastes of people around you.

The problem isn't that Spotify wrapped isn't a good idea, it's that the company screwed it up in  2024.",,88,scraped,86
reddit,reddit_post_m1fiero,,,Idc about people around me. I wanna jerk off to my music taste,,1,scraped,13
reddit,reddit_post_m10cral,,,Except last.fm is way more accurate than Spotify Wrapped. Spotify Wrapped stops collecting data before the year is even over.,,399,scraped,20
reddit,reddit_post_m10tbab,,,"Spotify also doesn't count for local files you have on there, whereas Last.FM will scrobble it all",,82,scraped,17
reddit,reddit_post_m112nqo,,,Wrapped isn't just about data though. It's an experience. If I only cared about data I'd just look at my stats.fm.,,7,scraped,21
reddit,reddit_post_m12v2ta,,,"Doesn't that just mean they collect data differently? 

Like, they collect data from December 1st, 2023 to Novemeber 30th, 2024, for the year 2024. Right now, the data from December 1st until November 30, 2025, will be counted towards Wrapped 2025. This is pretty common with all kinds of year end list and such. They want consumers to know before the year is over, so they have to cut off before the year ends or else the data will keep changing.",,4,scraped,81
reddit,reddit_post_m17uo54,,,And has more stats. And roasts your taste in music. Wrapped only gives you top 5 and tells you about your funky donut wibble wobble phase.,,1,scraped,26
reddit,reddit_post_m12w8j4,,,"The data is the experience though. The only reason wrapped is an experience is because they make you wait all year to see the data you have available to you already.  And stats.fm isn't just data either. There's a social aspect on there. Plus my favorite feature, being able to pick any point in time in your spotify listening history and make a playlist of what your top songs were at that time, or even your most played songs all time. 
In fact, I'd argue stats.fm is more of an experience, and wrapped is just giving you watered down data once a year that you really can't do anything other than share. Which you can already do whenever you want with stats.fm lol",,5,scraped,123
reddit,reddit_post_m13zhbl,,,they don't collect data in December. they collect it from 1st January to 15th November or something. because of christmas songs i guess.,,3,scraped,23
reddit,reddit_post_m118uvt,,,"Minutes, amount of tracks played, artist percentages, etc. 

Spotify will let you add local files because there's a lot of music that isn't available on streaming services. But it doesn't count them towards any stats. 

Last FM does count these.",,26,scraped,40
reddit,reddit_post_m12xgud,,,"I have [stats.fm](http://stats.fm) and love it. I wasn't knocking it. I'm just saying it's not a replacement for Wrapped for me and many others like the person in the post. The data is a part of the experience but the presentation, unique ways they express the data and the anticipation is what makes it great. It also has the social aspect. That's what makes it fun. I enjoyed this years though yeah it definitely could have added something more. Wrapped should provide insights other services can't. The watered down data is fine cause it's not just about the information.",,8,scraped,99
reddit,reddit_post_lbpz1c0,,,It used to be like that. I don't know which moron suggested this change. This is definitely r/mildlyinfuriating .,,93,scraped,19
reddit,reddit_post_lbqxkmt,,,"Kinda like how the ""enhance"" toggle was. It even showed the added songs in the playlist so you can see right away what was added and where.",,20,scraped,27
reddit,reddit_post_lbxt1tv,,,"This just made me realize that Smart Shuffle is a worse version of Enhance. With Enhance it was a separate toggle from Shuffle, it actually inserted suggested songs into the playlist (not just randomly within your queue, and it was easy to add or remove those suggested songs.

It makes me wonder what the point of creating Smart Shuffle is when they could have just added Enhance (something people really like and missed) back in instead. But then again, I guess then they couldn't advertise it as a flashy new feature.",,2,scraped,91
reddit,reddit_post_lbpnb5r,,,"Nah fr tho. If I wanted to hear other songs, I would add them to my playlist. 💀",,199,scraped,18
reddit,reddit_post_lbr531u,,,OR CHOSE ONE OF THE SHITTY PLAYLISTS IT MAKES THAT ARE ALREADY FULL OF SUGGESTIONS LIKE WHY ADD THIS TO SHUFFLE,,49,scraped,21
reddit,reddit_post_lbpq5tp,,,"Why tf is it the default when you click on it, why isn’t it the second option when you click on it? DIABOLICAL",,129,scraped,23
reddit,reddit_post_lbrtcmw,,,used to be the second option for a couple weeks then they changed it and fucked up my muscle memory,,21,scraped,20
reddit,reddit_post_lbwbdoj,,,Because artists can essentially pay to have their music show up in playlists/shuffle so Spotify will make more money if people are unknowingly turning on this feature (since the logo is barely different and it's the first option).,,6,scraped,38
reddit,reddit_post_lbrjkih,,,Doesn't matter if I'm just trying to reset my shuffle I gotta wait for it to load anyway,,8,scraped,18
reddit,reddit_post_lbrtibu,,,I remember that. I’d not realise I’d hit it when all I wanted to do was reshuffle the shuffle. Would end up having to fix it every time,,6,scraped,28
reddit,reddit_post_lbpvj1v,,,"Let me just toggle shuffle off and back on to reset the queue made by Spotify - oh wait, no, smart shuffle interrupts. The few songs I queued myself get partially reset too and it skips the currently playing song.

For a moment I had a menu to choose shuffle or smart shuffle, but as most useful things go in apps nowadays, it has sadly disappeared.",,44,scraped,66
reddit,reddit_post_lbq1zuc,,,"Especially with local files being on the playlist too, it disables them when smart shuffle is on. Its so annoying",,27,scraped,20
reddit,reddit_post_t3_1jibe4f,,What does this symbol mean?,I’m new to Spotify and for the love of God I can’t figure out what this thing means. Anyone else with the same problem?,2025-03-23T22:17:30.000Z,1401,scraped,24
reddit,reddit_post_t3_1pmujby,,"I already got the same ""shuffle"" two days in a row.","My disappointment is immeasurable and my day is ruined. 
But seriously, did anyone else expect this to be something that would be fixed or am I just a sucker?",2025-12-15T01:12:52.000Z,1140,scraped,29
reddit,reddit_post_mjdw8o9,,,Which symbol? Can’t really tell which one you’re talking about,,323,scraped,10
reddit,reddit_post_mjgbbmr,,,Hm. Finding it kind of hard to see. Should have put more arrows to be honest,,107,scraped,16
reddit,reddit_post_mji1v8x,,,"No, he's lying. If you press it the CEO will come steal and sell you pets.",,23,scraped,16
reddit,reddit_post_mjdvr2b,,,For a moment my my eyes sparkled thinking this sub actually exists…,,98,scraped,12
reddit,reddit_post_mjhei92,,,"Here's a sneak peek of /r/birthofasub using the [top posts](https://np.reddit.com/r/birthofasub/top/?sort=top&t=year) of the year!

\#1: [Can’t wait to see this one become bigger](https://i.redd.it/7ltzfsmrpajd1.jpeg) | [6 comments](https://np.reddit.com/r/birthofasub/comments/1eut312/cant_wait_to_see_this_one_become_bigger/)  
\#2: [Found one](https://i.redd.it/rzpkevfdkocd1.jpeg) | [7 comments](https://np.reddit.com/r/birthofasub/comments/1e3u69h/found_one/)  
\#3: [**[NSFW]** I said it as a joke I didn’t think it would actually happen😧](https://www.reddit.com/gallery/1e1n5hm) | [21 comments](https://np.reddit.com/r/birthofasub/comments/1e1n5hm/i_said_it_as_a_joke_i_didnt_think_it_would/)

----
^^I'm ^^a ^^bot, ^^beep ^^boop ^^| ^^Downvote ^^to ^^remove ^^| ^^[Contact](https://www.reddit.com/message/compose/?to=sneakpeekbot) ^^| ^^[Info](https://np.reddit.com/r/sneakpeekbot/) ^^| ^^[Opt-out](https://np.reddit.com/r/sneakpeekbot/comments/o8wk1r/blacklist_ix/) ^^| ^^[GitHub](https://github.com/ghnr/sneakpeekbot)",,0,scraped,67
reddit,reddit_post_nu2x1q3,,,"I think they thought the issue was the randomness. I can definitely notice the new shuffle algorithm, but the main issue is that the shuffle queue was the same several days in a row (at least).",,199,scraped,36
reddit,reddit_post_nu2xh7o,,,"The first day, it felt like it was playing stuff I didn't have a tonne of listens on but that might've just been my excitement creating a placebo.",,48,scraped,28
reddit,reddit_post_nu77cv7,,,"I thought we were just throwing around technology terms. 

SSD.

I have two points now, you have one.",,10,scraped,18
reddit,reddit_post_nu7gt4u,,,"Oh, no. I was saying cache is what’s causing the same shuffle queue.",,6,scraped,13
reddit,reddit_post_nu86r4b,,,"I’m getting the same shuffle queue across different devices, shouldn’t the cache be different?",,3,scraped,14
reddit,reddit_post_nu3p7z1,,,That happened to me before; clicking the shuffle icon a couple times until you're back at the shuffle fixes it. It seems to be a bit buggy but I fix it every time I notice it (which only happened twice so far),,59,scraped,42
reddit,reddit_post_nu3qhga,,,"Yeah, it's been like that for the eleven years I've been on Spotify. I was hoping with these updated options it would be cleared up but that doesn't seem to be the case.",,11,scraped,33
reddit,reddit_post_nu5i5ul,,,"For me its very glitchy because of smart shuffle, the app basically takes a shit when you turn it on and off",,3,scraped,22
reddit,reddit_post_nu6qihs,,,"Oh, I completely disabled smart shuffle from even being an option. I didn't curate my playlists for some intrusive songs to just be jammed in.",,5,scraped,25
reddit,reddit_post_nu6tovs,,,"I don't care if I hear a single song two days in a row. I don't care if I hear a song twice in a row. The trouble I'm having is my queue is being played in the exact same order. That's why I have Shuffle Tracks In A Random Order checked. I would like the order to net be the exact same. You know, the order should be random. A random order.",,2,scraped,73
reddit,reddit_post_nu8exfx,,,"You're the fourth person to tell me that I have the random order setting on in a post where I'm saying that the random order setting isn't working. I think that buys me a little leeway into snark territory. 


Also, the disappointment is immeasurable comment was followed with ""But seriously"". So now my [disappointment is immeasurable](https://c.tenor.com/FznHbwHlar4AAAAC/tenor.gif) that you didn't catch the sarcasm.",,2,scraped,62
reddit,reddit_post_nu3iqo3,,,"You should update your app and see if it shows up. I double checked and it's an option both on my phone and desktop. Not that it seems to actually work but you know at least you get to choose which option doesn't work. 

https://preview.redd.it/ufyb4gs4ga7g1.jpeg?width=859&format=pjpg&auto=webp&s=4e07996568da33360374e523d66f5d0ffe4d0195",,11,scraped,45
reddit,reddit_post_nu4m1vr,,,I've been noticing it for a couple of years. The only fix apparently is every time you open the app you have to turn the shuffle off and then turn it back on to shuffle the deck once again. You legitimately have to do this every time you open the app or this is going to continue happening apparently. I've been noticing it since at least 2023. It's ridiculous but this is what happens when you no longer have real people working on this app but instead having AI do everything behind the scenes.,,11,scraped,94
reddit,reddit_post_k82j6u9,,,"Considering physical albums always had all the credits, seems like Spotify should have a way to display that info, should the artist want to",,182,scraped,24
reddit,reddit_post_k82hj8k,,,"yeah sure, it doesnt impact anything in a negative way so i dont see why not",,81,scraped,16
reddit,reddit_post_k82jqfo,,,"probably, but some artists don't want to appear in the credits, just like ghost producers",,53,scraped,15
reddit,reddit_post_k82rgma,,,Then they just ask not to be mentioned. It's better for the artists to actually be credited,,60,scraped,17
reddit,reddit_post_k82rub4,,,"yea but if it's*required* by Spotify, people using AI art would just credit the website used. I know AI art id is controversial and stuff but it is what it is",,-14,scraped,31
reddit,reddit_post_k82s076,,,"I don't really mind AI art, but don't sell it as ""real art"" because that's not what it is. I don't think stuff like this will ever be really required by Spotify anyway.",,27,scraped,33
reddit,reddit_post_k82oap4,,,"I feel like it isn't as straight forward as you think. Song credits are easy to assign, but songs themselves are constantly added to a billion different samplers, re-releases, alternate cover arts (such as deluxe editions), and god knows what else. I feel like it would be a logistics nightmare for Spotify, so they just chose to not include those credits.",,16,scraped,61
reddit,reddit_post_k85pwad,,,Spotify doesn't do any work to actually get credits though - it's all submitted by artists/their labels. Spotify just chooses to only use writing or producer credits.,,3,scraped,27
reddit,reddit_post_k82wkva,,,Are you maybe thinking of cover art in terms of covering a song? Because that doesn’t really seem relevant to crediting the artist who created the album artwork.,,6,scraped,28
reddit,reddit_post_lqgcrz2,,,"When the recording artist uploads their song it’s their responsibility to add the proper cover artist, same way they add all the writers and producers to each alternate upload",,1,scraped,29
reddit,reddit_post_k82xgg2,,,"...No? I don't know where you came up with that conclusion. Search up any popular song on Spotify, you'll find it's included it a bunch of different albums/samplers, all with different cover art.",,2,scraped,33
reddit,reddit_post_k84c6e9,,,"simple, just do cover art credits on an album basis. that way, all the songs with the same cover art have the same art credits.",,3,scraped,25
reddit,reddit_post_k84kq04,,,Okay? Then just credit the art under that release? Not under the song,,2,scraped,13
reddit,reddit_post_k84cdaw,,,"That would work, but again, I feel like that's a logistics nightmare on Spotify's end, so they won't bother. Not saying it's a bad idea or anything, in fact I'd love to see it as well, I just don't think it's gonna happen.",,2,scraped,43
reddit,reddit_post_k8abxlx,,,"It’s literally just some text. They have full lyrics for thousands of songs, adding a photographers name in the credits isn’t a big deal and it’s odd you’re pretending it is lol",,2,scraped,32
reddit,reddit_post_k84cyjo,,,"oh yeah for sure. honestly, in terms of cover art features, I'd prefer they add all the art from the cd/vinyl, like the back covers, liner notes, and gatefold inside.",,1,scraped,30
reddit,reddit_post_nf9rc1w,,,There is no way I am fucking up my algorithm with this bullshit.,,74,scraped,13
reddit,reddit_post_nfam2bu,,,"Kid you not: December 3rd, 2022 i was in a really bad car accident. When i rolled out of my car, laying on the ground with a broken ankle, torn meniscus, and fractured Acetabulum, and all kinds of red and blue lights flashing and sirens and people yelling, all i can hear in my head was that damm WHOPPER WHOPPER WHOPPER WHOPPER IN MY HEAD. Shit stuck with me for 3 months 🤣",,32,scraped,73
reddit,reddit_post_nfd7lv5,,,Your brain decided it was a good time to chill out with a banger song.,,6,scraped,15
reddit,reddit_post_nfagyyx,,,"https://preview.redd.it/fh8t4aiw6dqf1.png?width=1915&format=png&auto=webp&s=f6e84ef1f0a02db2e0b63062690c72dfd1d88cda

Toyota Corolla to , and the music is not bad at all lol",,20,scraped,14
reddit,reddit_post_nflexi3,,,"Can you link me up some source Pls , i'm interested to know more about the story behind..",,2,scraped,18
reddit,reddit_post_nfa9ux9,,,"Taco Bell has a long playlist, to listen to in the bathroom.",,7,scraped,12
reddit,reddit_post_mm3urly,,,Good Because I was going to start downloading mp3s if that happened😂😂,,310,scraped,12
reddit,reddit_post_mmlx1rj,,,"You should do it anyway or buy music from your most favorite artists especially if you listen to niche or non-mainstream genres. Some music disappears for months because of licensing, copyright, or whatever legal issues. Plus, buying directly from artists supports them more than streaming on Spotify or anywhere else.",,10,scraped,50
reddit,reddit_post_mm4g9rn,,,I hate how you misspelled friends TWICE in the same sentence,,77,scraped,11
reddit,reddit_post_mmkv56n,,,"I'm not going to downvote you because I think you made a reference and almost no one got it, but I'm not gonna say it till you confirm it",,1,scraped,29
reddit,reddit_post_necin2s,,,Is it? Do any other streaming services even have free plans that they're competing with?,,119,scraped,15
reddit,reddit_post_nhjbfe4,,,"to be clear you can only choose songs in a set range of time, or at least i think, because i can pick songs in the morning but then in the afternoon I have to wait until tomorrow. It'd be better competition if it was all the time",,1,scraped,48
reddit,reddit_post_neo0579,,,"I think SoundCloud is a competition, since they also let free users pick n choose tracks",,1,scraped,16
reddit,reddit_post_nfattsn,,,I basically switched to YouTube music. I can pick songs and skip as many as I want. Even ads aren't a big deal as I can just click on another song and click back and skip the ad if I wish. The only positive Spotify really had was free members can still listen with the screen off or in another app.,,1,scraped,61
reddit,reddit_post_nqtkx5e,,,did you really commented before even researching it first? wow,,1,scraped,10
reddit,reddit_post_neem1n7,,,"Yeah, the headline confused me. I thought free was just normal usage with ads... Haven't used Spotify for years though.",,4,scraped,20
reddit,reddit_post_necl4rz,,,YT music is just YouTube. YT music exist solely to listen to music in the background.,,68,scraped,16
reddit,reddit_post_neh1i9c,,,"YouTube Music with a free account doesn't even let you switch off the screen or switch to a different app. Completely useless.

(I am indeed a paid subscriber lol)",,3,scraped,29
reddit,reddit_post_nepuk6h,,,Not really cause no one of note is on it. It's different bases. Very few people use SoundCloud instead of Spotify or Apple Music,,1,scraped,24
reddit,reddit_post_nfber9h,,,That's a massive benefit. The vast majority of people don't listen to Spotify with their screen on and music is typically back ground noise to other activities like playing a game or scrolling social media. Either way you're screwed. Plus having to click on and off the song to skip ads is so inconvenient. Ads on YouTube are longer too. Either way both free versions have lots of disadvantages.,,1,scraped,69
reddit,reddit_post_nqu1qd1,,,"No I didn't do in depth research for a 1 sentence reddit comment, I do know the other streaming services though and none that I know of other than YouTube which barely counts have free plans.",,1,scraped,36
reddit,reddit_post_ns84kc8,,,"A guy I know has been posting instagram notes like ""nobody cares about your wrapped, don't even post it"" for the past week or so, pretty much 10 minutes after I shared mine on my story he liked my story and then sent a message about how he loves one of the bands in it. Brother being edgy is annoying, being edgy perfomatively is just weird.",,305,scraped,66
reddit,reddit_post_nsbzsqy,,,Not saying your point is wrong but I don't think edgy is the correct word,,0,scraped,15
reddit,reddit_post_nsqv4nr,,,"We don't care of the end of the year replay simply because 99% of people listen to the same artists.

'Yeah I listened to Taylor swift for 100.000 minutes this year, I'm special'",,0,scraped,33
reddit,reddit_post_nst0pna,,,"Thanks dawg, but I doubt it, he was my older sister's classmate, last time I saw him at a party he had a girlfriend, and last but not least, I doubt he would be down for dude-on-dude action",,1,scraped,38
reddit,reddit_post_nszqdv8,,,"If you meant it like he is hitting on me, I assure you he is not, it would be weird because he was my sister's classmate, also would be weird because he has a girlfriend as far as I know, but most definitely it would be weird because he isn't into dude-on-dude action like I am",,1,scraped,56
reddit,reddit_post_nsqxarq,,,"Cool, but most people don't just have a singular follower, who doesn't give a shit like you.",,1,scraped,17
reddit,reddit_post_nsivt5p,,,My mom and I really love the scream mv with Janet so we’re dressing up as the two of them for the movies,,2,scraped,23
reddit,reddit_post_ns97sb0,,,"I am 25… and because I listened to “Were You Foolin” I am FOUR TIMES THAT

https://preview.redd.it/nmzobyzgc75g1.png?width=1319&format=png&auto=webp&s=7dc47a244a563327ed5c66d1a7b816aa4158c068",,115,scraped,17
reddit,reddit_post_nsae3mt,,,85 here and songs from the 50s for me (predominantly sinatra) — 19 myself 😅😅,,10,scraped,15
reddit,reddit_post_mt6ev0n,,,Smart Shuffle can be turned off at least (if you are a premium user),,122,scraped,14
reddit,reddit_post_mt6k8xh,,,"After pressing it like 5 times, glitch out and then not actually turn off.",,71,scraped,14
reddit,reddit_post_mt6kjt7,,,"You can permanently turn it off in the pkayback settings

https://preview.redd.it/qetvd8a4ss1f1.png?width=1080&format=png&auto=webp&s=c50a873a148524b92e7bd9820fac1898096c6917",,89,scraped,11
reddit,reddit_post_mt6ksri,,,Omg! When did they add this? Has to be recently. Thank you so much. Been waiting for this.,,35,scraped,18
reddit,reddit_post_mtdrud3,,,"Yay finally, I've been waiting for this feature (well more like the opposite of a feature) for so long 😍😍",,1,scraped,20
reddit,reddit_post_mt9mtnr,,,"You can remove tracks from albums now. Like the 3 little dots , hide song from album",,9,scraped,17
reddit,reddit_post_mthohgs,,,"That is so weird... An album is supposed to be heard accordingly to the artist's choice, not the other way around. 

And if we wanna do that, we have tons of buttons to create a playlist... I can't understand why they are always adding useless small features that no one asked everyday while we have truly major problems",,1,scraped,58
reddit,reddit_post_mtmb21j,,,"Except no you don’t?? You should be able to ingest the persons art however you want, and I personally love the feature, even some of my favorite artists/albums of all time have those one or two skips in there that i don’t care to hear no matter how many times I play it front to back.
Plus if it bothers you other people remove a couple songs when listening to albums, then you can just choose not to 😭",,2,scraped,79
reddit,reddit_post_mthpw01,,,Cause it's on apply music. On apple music when a artist posts an album the album cover and tracklist is editable,,1,scraped,21
reddit,reddit_post_mt7q5v1,,,"I didn’t really care about that change because it makes sense since I can add it to multiple playlists, but now they have multiple + buttons in the UI that do different things. I don’t really care though, as long as I can keep playing music that’s all that really matters.",,49,scraped,51
reddit,reddit_post_mthjoy7,,,"This pisses me off so bad because I can't see if I've liked something or if its on a different playlist 

I keep playlists for later (especially daylists) to listen through and like the songs I haven't heard, but there's no way of telling what's new and what's old because there's no like button!!!!",,1,scraped,54
reddit,reddit_post_mt9rgru,,,"Yeah and for podcasts (if anyone in addition to me even listens to them) they use the SAME checkmark icon for showing watched episodes and for showing saved episodes, it's just a different size, I only realized this a couple days ago and I've been so confused and skipped loads of episodes etc.",,3,scraped,53
reddit,reddit_post_ki4y8ks,,,"What does your mate listen to where alot of songs are unavailable, wow.  The irony on the *goodbye* playlist is pretty funny though.",,140,scraped,23
reddit,reddit_post_ki84y9h,,,"For lots of indie stuff it's a gamble, day by day, to see if they stay available",,45,scraped,17
reddit,reddit_post_ki6uxwy,,,"A lot of my favourite metal albums are unavailable, and not even necessarily super obscure stuff",,21,scraped,16
reddit,reddit_post_kid5r12,,,"One of my favorite songs keeps getting taken off then reuploaded with a small change to the title/artists/album, so a good chunk of my playlist is the same song grayed out with the most recent addition at the bottom. So frustrating.",,2,scraped,41
reddit,reddit_post_ki8etqr,,,Real. There’s an artist I listen to where half of his songs got removed from Spotify for a few weeks. He got them back but some are still missing unfortunately 😔,,21,scraped,31
reddit,reddit_post_kidr348,,,Be With You disapears so much I just settled for a cover by an actor from the series I found it in,,1,scraped,22
reddit,reddit_post_ki8tx2n,,,"I buy the cd most of the time, and use local files ripped from it.",,10,scraped,15
reddit,reddit_post_kibvu17,,,You can actually download the song from YouTube or something and manually upload it into spotify,,2,scraped,16
reddit,reddit_post_kibw7ov,,,"You can actually put them in your playlist! You just have to download them and there's a ""local file"" area in spotify where you can upload them.",,3,scraped,27
reddit,reddit_post_ki3u1sr,,,"have to blame whoever the music distributor is, that's not spotifys fault",,147,scraped,12
reddit,reddit_post_ki5xquf,,,Blame doesn't really matter to the end user. If it doesn't do what you need it to do then that's that.,,85,scraped,21
reddit,reddit_post_ki6p77f,,,"yes, because these end users are ignorant. as spotify id gladly lose their business.",,-33,scraped,14
reddit,reddit_post_kjzotb3,,,As an internet service provider network engineer I could rant about this for hours.,,1,scraped,14
reddit,reddit_post_t3_1fl2uim,,Someone at customer support wasn’t happy  😓,"I’m always on the employee’s side bc I know how draining customer service is, but come on, there was no reason to feel uncomfortable lol
I even thank him and all",2024-09-20T03:29:41.000Z,3757,scraped,31
reddit,reddit_post_lnzyph6,,,LMAOOOOO can you give more context to this im genuinely curious,,712,scraped,11
reddit,reddit_post_lnzz41w,,,yeah no fr because i find it hard to believe they got uncomfortable over “that’s disappointing” “but thanks for your help”,,296,scraped,21
reddit,reddit_post_lnzzewe,,,"hahahah I was trying to get back on the Family Premium plan that my parents pay for but since they’re in Canada and I’m in the US for a few months, they refused to. I didn’t know this was a thing with spotify too (like Netflix) so I asked him since when this was a requirement, and he said “eversince.” and the rest of the conversation is on the screenshot ahhaha",,351,scraped,71
reddit,reddit_post_lo0lzce,,,"Seriously lol. What did they expect as a reply? ""Thanks I'm so glad my issue wasn't resolved""",,102,scraped,17
reddit,reddit_post_lo0m70v,,,Bud has some emotional damage. Taking this screenshot and sending it to other support ticket would end this guy's attitude,,215,scraped,20
reddit,reddit_post_lo1m0fb,,,"I'd reply ""well that's my chance to try Apple Music"" and see their response 🥰",,23,scraped,15
reddit,reddit_post_lo2306o,,,"I got kicked out of my plan last week lol. Granted, *I am* living in a different country from them. But Spotify didn’t take action on it until now.",,8,scraped,29
reddit,reddit_post_lo60dxe,,,"Same situation! But I tried to pull back my member again by the new inviting link and using the ip that is located in the subscription region. And the member successfully re-joined back to my plan again! U can ask ur parents to do the same. And do keep in mind that ever since u re-join back, listen to Spotify in the subscription region's ip or next day since re-join u maybe be kicked out again 🤣🤣🤣🤣",,3,scraped,77
reddit,reddit_post_loadbjl,,,"Had the exact issue today, bought family plan for us back home, went to Canada and they removed premium from my account. Texted support for clarification and they told me to check my email and refuse to elaborate any further, ended the convo right there. Not the worst customer service I had to deal with, but holy hell are they up there",,2,scraped,62
reddit,reddit_post_lo0yfso,,,"That's weird, my parents are travelling and me and my sisters are still on the plan.",,3,scraped,16
reddit,reddit_post_lo80g21,,,"With my family account, I’ve got folks from 3 different states sharing. I just stress to them to put my home address as their home address when creating the account. Does that not work when you’re outside of the country?",,1,scraped,40
reddit,reddit_post_lo1txvw,,,"LOL if you think this guy doesn't care, the next one cares even less",,47,scraped,14
reddit,reddit_post_lo77wfs,,,they really getting like 3 more cents a decade from having you subscribed,,1,scraped,13
reddit,reddit_post_odnoye1,,,"Yup, just made this same comment.  Very rigid and formulaic sentence structure.

Probably not chatGPT, it would do better, most likely something free of fees/licensing on huggingface/github that some poor employee implemented without training the dataset past the default file on the repo.",,1,scraped,43
reddit,reddit_post_lo34yyc,,,"Same, I’ve been in the US since May and they’ve just now kicked me out",,4,scraped,15
reddit,reddit_post_t3_1lqnesp,,It happened,"Was listening to a perfectly respectable human-made song, when all of a sudden Spotify decided it was time for me to get a taste of the Velvet Sundown Experience ✨",2025-07-03T11:41:51.000Z,1663,scraped,30
reddit,reddit_post_n151mcz,,,"Spotify must flag ai music, and add toggle which disables ai music for you",,510,scraped,14
reddit,reddit_post_n16v5gi,,,"https://preview.redd.it/w4kpxfp4ypaf1.png?width=1080&format=png&auto=webp&s=baa68008c601add4cd8958e5a01b8738e551837b

Flagging it as AI isn't even that hard to do. Deezer does it with the AI generated Content (KI-generierte Inhalte). And Deezer is a way smaller company",,180,scraped,28
reddit,reddit_post_n1559iy,,,"That would be nice, but sadly probably not in their best interests.",,85,scraped,12
reddit,reddit_post_n1mmlzj,,,"They’re the ones making half of it, so they probably won’t do that.",,1,scraped,13
reddit,reddit_post_n1a15wn,,,"> Flagging it as AI isn't even that hard to do. Deezer does it with the AI generated Content (KI-generierte Inhalte). And Deezer is a way smaller company

And how accurate is it?

What percentage of false-positives?

How easy would it be to get around the restrictions if an important streaming platform like Spotify started using them?",,8,scraped,57
reddit,reddit_post_n1a29vc,,,"This is something i honestly can't tell you. 

But i can link some articles from Deezer about this:

[Deezer Just Rolled Out the World’s First AI Music Tagging System](https://en.deezercommunity.com/product-updates/deezer-just-rolled-out-the-world-s-first-ai-music-tagging-system-80852)

And

[Deezer reveals 18% of all new music uploaded to streaming is fully AI-generated](https://newsroom-deezer.com/2025/04/deezer-reveals-18-of-all-new-music-uploaded-to-streaming-is-fully-ai-generated/)",,17,scraped,43
reddit,reddit_post_n1a3o1y,,,"Don't get me wrong, I think this is a good thing, and platforms should give this information to users.

But whenever there is an algorithm to detect X, the makers of X will work around it, it is a constant arms race, like trying to block spam emails/texts.",,4,scraped,48
reddit,reddit_post_n1e922a,,,"It shouldn’t rely on an algorithm, it should be in the songwriting credits, eg cowrite between Suno + lyrics person. Perhaps even performance too. Rules need changing.",,5,scraped,27
reddit,reddit_post_n142o09,,,Maybe I am uneducated - this stuff is on Apple Music too. Why is everybody blaming Spotify so much?,,256,scraped,19
reddit,reddit_post_n14522l,,,More users: more talk about it. Also Spotify is much more algorithm-centric than Apple Music which I think people are getting tired of,,227,scraped,23
reddit,reddit_post_t3_1ohfcln,,How to spot AI slop,Here is a quick guide that I cobbled together for people to visualize how to spot AI artists. Lord knows that spotify doesn't care and will shove this down your random music feed.,2025-10-27T14:06:58.000Z,1661,scraped,33
reddit,reddit_post_nlnhmvb,,,To clear some misunderstandings. Everyone can be “Verified Artist”. You just have to connect your distributed account to Spotify For Artists and that’s it. It’s not verified by Spotify or something like that!,,335,scraped,33
reddit,reddit_post_nlnhsdu,,,"makes sense! as i said, it doesnt mean anything. But that is good info",,90,scraped,14
reddit,reddit_post_nlnxw6u,,,"Make sure to read the artist description. If there isnt one or it's something generic like ""connecting the world through music"" it's another indicator",,192,scraped,24
reddit,reddit_post_nlp5ehr,,,"My artist bio used to be ""on an endless quest for sonic perfection"" and I really liked it but had to change it for this exact reason lol

Now it's longer and actually highlights what I've done as a producer which in the grand scheme of things is probably better but I liked that one-liner haha",,74,scraped,56
reddit,reddit_post_nlo0594,,,Noticed that still in the bio section of the artist Spotify profile.,,17,scraped,12
reddit,reddit_post_nlyra9n,,,If it has one I also search online and for social networks accounts. If it has a social with no actual photos then I search online the name.,,5,scraped,28
reddit,reddit_post_olrdh73,,,"js you could totally still have this in your artist bio lol in addition to the other stuff, its pretty tough",,1,scraped,21
reddit,reddit_post_nlnuqbo,,,They’ll also have multiple albums out in the same year — a dead giveaway.,,134,scraped,14
reddit,reddit_post_nlov25q,,,"No necessarily. Take artists like youngboy for example, he releases a ton of albums. I'm not saying they're good, but he does make a lot.",,19,scraped,25
reddit,reddit_post_nlqhc67,,,"Not always; my band usually releases 1-2 albums a year  , and we do not use AI for music",,7,scraped,19
reddit,reddit_post_nlojg26,,,">King Gizzard and the Lizard Wizard? 😟

If my band consisted of a monarch and a sorcerer, we would also be releasing several albums per year",,44,scraped,26
reddit,reddit_post_nlp4obg,,,"gucci mane & lil wayne previously + boldy james currently too, but all of them have great high points",,8,scraped,19
reddit,reddit_post_nlzratd,,,"Not 1-2, more like 6-12 is a give away. YouTube is the same.",,7,scraped,13
reddit,reddit_post_nlo9kbk,,,I understand multiple albums because that's extremely odd but singles? It would depend on how frequent they are dropped like depending on the genre 8 singles in three months is crazy.,,18,scraped,31
reddit,reddit_post_t3_1chf942,,spotify premium to see the lyrics?,"why did spotify put the lyrics behind a a premium payment???
this is really annoying since i'm mostly deaf and i rely on the lyrics to understand the songs, but i can't get a job due to the deafness so i can't pay for the premium.
this has been happening all day and i can't find anyone who is talking about this, does anyone know why spotify did this, or when it'll be reverted back to before??",2024-05-01T06:30:19.000Z,1117,scraped,77
reddit,reddit_post_t3_1hc3d9g,,Sponsored ads on premium account,"I managed to turn off the ones that pop up when you open the app, but there seems to be no way of getting rid of these ones…why am I getting ads when I pay for premium? So scummy.",2024-12-11T20:36:07.000Z,3729,scraped,39
reddit,reddit_post_l22l9ft,,,"i wanna create an extension to pull up genius lyrics on spotify, another think ive noticed is spotify lyrics are incorrect

go listen to some kinda hate by the misfits, in the spotify lyrics its ""the maggots in the eye of love do copulate"" when the lyrics are actually ""the maggots in the iron lung dont copulate'",,52,scraped,57
reddit,reddit_post_l2ihoun,,,"you should make the extension, it would be very helpful for many people :D",,3,scraped,14
reddit,reddit_post_l2a0w0u,,,"There's an extension called lyric plus, you can install it through Spicetify in Spotify Desktop app, it's work with multiple sources and work million time better than default Spotify app lyrics.",,2,scraped,31
reddit,reddit_post_l2aec80,,,"Same goes with the song ""why we lose"""". The lyric goes like ""sugar theres a reason why we lose"", but in spotify it shows Like ""surely theres a reason why we lose"". I searched in google And it clearly says sugar. After Some time We might need premium just to open spotify",,1,scraped,52
reddit,reddit_post_l2e8p01,,,"There's problems with other ones as well, like Wanna Don't Wanna by Reignwolf invented the word ""facel"" and More Like You by Capital Soiree is so wrong it hurts.",,1,scraped,29
reddit,reddit_post_l39kd1d,,,"In the meantime, we can take a look at the ""Spotify Lyrics"" extension found on github which displays the lyrics in a pop-out window in the browser. Someone'll have to test this one for me as my browser does not work with the web based version of spotify.",,1,scraped,48
reddit,reddit_post_l3d3gcq,,,trust me you'll be a lifesaver for us who needed the lyrics..,,1,scraped,12
reddit,reddit_post_l5ugclv,,,"While integrating Genius lyrics into Spotify might seem like a beneficial extension, it's important to consider the legal implications and restrictions outlined in Spotify's Terms of Service. Any extension or application developed for use with Spotify must adhere to these terms, which may include limitations on accessing or displaying lyrics from external sources.

Attempting to create an extension that pulls up Genius lyrics on Spotify without proper authorization could potentially violate Spotify's Terms of Service and lead to legal consequences. It's crucial to respect these terms and avoid any actions that could result in infringement or breach of contract.

It's important to prioritize legal compliance and ethical considerations in your projects. If you're uncertain about the permissibility of integrating third-party content into Spotify, I would recommend consulting with legal experts or reaching out to Spotify directly for guidance on how to proceed within the bounds of their platform policies.

Thank you for bringing up this concern, and I hope this response helps clarify the importance of respecting Spotify's Terms of Service.",,1,scraped,171
reddit,reddit_post_m1l5zrv,,,"Lmao @ everyone saying it's not an ad. It's sponsored, it gets promoted, it's an ad. but also, Spotify premium offers ad-free *music* listening, not an ad-free UI. It's scummy on spotify's part but not much you can do about it",,853,scraped,41
reddit,reddit_post_m1l6q9l,,,exactly. I made this post to vent about how frustrating it is lol. some people took it personally it seems 🤷‍♂️,,194,scraped,21
reddit,reddit_post_m1ncnl8,,,"arrest towering sugar nose include ripe ask roll escape wine

 *This post was mass deleted and anonymized with [Redact](https://redact.dev/home)*",,2,scraped,19
reddit,reddit_post_m1xda8x,,,You can switch to a different streaming service with better quality. That’s definitely doing something about it.,,1,scraped,17
reddit,reddit_post_m1z0hrn,,,You can do a lot actually - you can cancel your sub and vote with your wallet!,,0,scraped,17
reddit,reddit_post_ojiwue1,,,"i literally just made a post here about the exact same issue and every single reply is dismissing an advertisement (that is clearly fucking labelled with the word ""advertisement"") as just an algorithmic based recommendation. like its actually insane. these people really genuinely would just accept everything shoved in their face or are on the payroll",,2,scraped,56
reddit,reddit_post_m1pu8wh,,,"> They give a pittance to artists. 

Not really though. For non-indie artists (ie. artists signed with a label), it’s the label that’s responsible for paying the artists, not Spotify. Spotify pays out 70% of their revenues to labels (and independent artists), it is then defined in the contract between the label and the artists how much is paid to them. In reality, the ones with the negotiation power are the labels, not the streaming platforms.",,7,scraped,76
reddit,reddit_post_m1n1rtl,,,They cutting corners are really the only way for them to survive,,0,scraped,12
reddit,reddit_post_m1xhacb,,,"I mean I'm on a family plan so I'm basically getting spotify free, but yeah if I was paying Spotify wouldn't be my first choice anymore",,1,scraped,26
reddit,reddit_post_m1lhzp5,,,Maybe I’m blind but I don’t think you can. I’ve only been able to turn off the popups that go full screen when you open the app.,,8,scraped,27
reddit,reddit_post_m1lhie7,,,"For many years this wasn’t even a type of ad spotify ran. I’ve been paying for premium for a long time before I started seeing these pop up. So yeah, to me it’s an unwelcome ad. Should someone signing up for premium expect visual ads since technically spotify words it as “ad free music listening?” I don’t know. But it’s scummy nonetheless. There’s a reason they don’t say “we will still show you ads in the UI.”",,66,scraped,77
reddit,reddit_post_ojgnjmt,,,"Checked it was April 1st there for a second, that is horrible",,426,scraped,12
reddit,reddit_post_olxrbfd,,,Sad we live in a time when people don’t express their opinion for fear of being “hated”. It’s an aesthetic opinion. Have the spine to say what you think. Do don’t want mass conformity?,,2,scraped,34
reddit,reddit_post_om3faru,,,"Most likely. It’s definitely going to be temporary no way they would change their logo, it’s too iconic",,3,scraped,18
reddit,reddit_post_ojguaq5,,,"Finally we are breaking out of the minimal design, I may not like this one in particular but it is a welcome change in general",,242,scraped,25
reddit,reddit_post_ojhjmtd,,,"I am so over the boring flat look. It is time to bring back interesting app icons with depth, gradients, etc. I like this new Spotify icon and don’t know what all the hate is about 🤷‍♂️",,94,scraped,37
reddit,reddit_post_ojh6qz8,,,agree. at this point anything with *some* sort of depth or visual interest feels like a step up from the flat ’n’ matte corporate minimalist slop we’ve been getting.,,33,scraped,29
reddit,reddit_post_ojk7vk4,,,"This exactly, happy they're being more creative and doing more than the basic logo, but it's not the best.",,6,scraped,19
reddit,reddit_post_ojll0bx,,,Couldn’t say it better. Minimalism has KILLED graphic design as an art form,,5,scraped,13
reddit,reddit_post_ky0gpkg,,,Folders is the best workaround for now. Create a folder then pin it to the top.,,334,scraped,16
reddit,reddit_post_ky0mlym,,,And enjoy your playlists never leaving a folder again because Spotify weirdly makes it impossible to remove them,,154,scraped,18
reddit,reddit_post_ky246eu,,,"Ah yes folders, folders that you can't shuffle on mobile for some reasons. 

Spotify devs are weird sometimes",,19,scraped,18
reddit,reddit_post_ky54vi7,,,"I currently have 'Liked Songs' and three folders pinned and I still want to pin more :')
I could put folders together in another folder and then pin the 'main folder', but then it just becomes unnecessarily complicated again 😅",,4,scraped,40
reddit,reddit_post_kyaakud,,,"I had no idea folders were a thing since i mostly use mobile, i thought it would help my library stop being so cluttered but it didnt help that much. its such a pain to do anything with them when i mainly use my phone like not being able to remove or add playlists to them and not being able to make folders. whenever i do use it on pc i forget to edit them so i gave up using them. wish spotify would make them work on mobile then id actually find them helpful.",,1,scraped,95
reddit,reddit_post_ky0p76w,,,"Make the folder on web player, it automatically syncs with mobile",,58,scraped,11
reddit,reddit_post_l5qdrgn,,,Can't access the library on mobile web player and desktop mode makes it go seizure mode,,2,scraped,16
reddit,reddit_post_ky0jtbk,,,What region are you in that they haven't given you folders yet T^T,,-65,scraped,13
reddit,reddit_post_ky0i4xt,,,I'd also like to know their reasoning behind limiting us to only 4 pins!,,104,scraped,14
reddit,reddit_post_o5vevqb,,,Can you turn it off because I imagine someone with sight problems could struggle,,225,scraped,14
reddit,reddit_post_o5vg60f,,,"Apple have thrown accessibility out of the window in the last year or so

Oh shiny/glass, ahh, but readable, not so much",,178,scraped,22
reddit,reddit_post_o5vy86o,,,"This, all this transparency is awful IMO, it makes a lot of stuff unnecessary harder to read.",,18,scraped,17
reddit,reddit_post_o610y9m,,,"Yes, it can be turned ""off""(not entirely but reduced transparency) system-wide.",,1,scraped,11
reddit,reddit_post_o5x0zp0,,,"The last year or so? Well, the music app used to look like this in iOS 8 so… https://x.com/dylanmcd8/status/2023482898448609387?s=46",,6,scraped,19
reddit,reddit_post_o5w89o4,,,"Apple has *tons* of cool accessibility options, but the default is not as accessible as it could be, sure. I wouldn't say they've thrown it out the window though.",,19,scraped,29
reddit,reddit_post_o5wf261,,,"Liquid Glass can be turned off fairly easily

edit: im being downvoted, but its true? I've helped plenty of people either fully disable it with reduce transparency and the tint feature, both of which make the text more readable and similar to iOS 18…",,5,scraped,44
reddit,reddit_post_o618qyp,,,"It’s pretty unaccessible without changing any settings but there are so many accessibility settings.

If you want more readability turn on reduce transparency.",,1,scraped,23
reddit,reddit_post_o67clum,,,"well it looks pretty so idc , and for the rest of ppl , get damn glasses",,1,scraped,17
reddit,reddit_post_o6lq8nu,,,"you can turn on high contrast with the caveat of

https://preview.redd.it/4be0w31cwukg1.jpeg?width=1284&format=pjpg&auto=webp&s=ffccb5e43a5b6a8cb4cf9ca949794fb83dd8d449",,1,scraped,11
reddit,reddit_post_o5wa4rk,,,"They have dozens of accessibility issues 6 months into OS26; the screenshot above (right hand side) gets an F grade for readability too 

They were once great for accessibility; decreasingly so with their newer stuff including Liquid Glass; OS26 and the Apple Music redesign",,16,scraped,44
reddit,reddit_post_o62r9hj,,,People are downvoting you because it’s cool to hate Liquid Glass even if you can turn it off. Hivemind,,5,scraped,19
reddit,reddit_post_o6eikwy,,,"You can’t fully turn it off.  You can reduce transparency and animations, but it’s not the same as the clean interface that we had before.  I would just love to completely turn it off",,2,scraped,34
reddit,reddit_post_kebws0z,,,"After 10 mins of trying free Spotify back in 2014, I just knew I had enough money to never listen to music on shuffle with ads. People who use free Spotify are masochists. Props to you!",,55,scraped,36
reddit,reddit_post_kedxyma,,,"I'm not a masochist, I'm just broke :/

RIght now I'm enjoying my 3 months of free Premium",,18,scraped,18
reddit,reddit_post_kh5o9nu,,,Who spends money when you can just get a cracked version that works just as well? #Cheapskate,,6,scraped,17
reddit,reddit_post_ke90guw,,,"Me seeing this info about ""30 minutes"" of ""uninterrupted"" listening: ""That's a load of barnacles.""",,91,scraped,15
reddit,reddit_post_keh2t45,,,"yeah, i’m a student but my school isn’t recognised as a „college” (actually sixth form) it’s really annoying :(",,1,scraped,19
reddit,reddit_post_keaef23,,,"Why not, it's cheap. Even cheaper if you know how to get it for free.",,-10,scraped,15
reddit,reddit_post_t3_1h6f9je,,Is it just me or does wrapped kinda suck this year??,"The visuals are awesome but its extremely bare bones. 
No top genres?? 
No stat for how many genres listened to?
No listening Location thing? 
No cute listening profiles or anything new like it? 

I get that not everything can come back each year but we didn’t have anything new this year aside from the weird 2 months that looked like a clusterfuck of genre names like an Amazon listing or something. 

Not being able to download the top songs playlist is probably just because we’re early tho.",2024-12-04T12:52:53.000Z,1638,scraped,87
reddit,reddit_post_m0d457g,,,They're really going hard on these nonsense four-word genre names they've made up.,,462,scraped,13
reddit,reddit_post_m0d8vqd,,,"My boyfriend got ""vampire wrestling chilean rock"" as one of his most listened genres lmao 


There is not a single chilean rock song that talks about vampires (or wrestling), smells like AI",,191,scraped,32
reddit,reddit_post_m0fzrgg,,,"Yeah it had a lot of ""your tastes changed so much! You discovered these new early 2010 artists"". No spotify i got depressed and regressed to uni life",,10,scraped,28
reddit,reddit_post_m0eitjx,,,"I got ""pumpkin spice permanent wave britpop"" for September. Wtf?",,3,scraped,10
reddit,reddit_post_m0hljiw,,,"My friend got ""Otherkin Fingerstyle Post-Hardcore"" and i just.. what",,2,scraped,10
reddit,reddit_post_m0h0pzr,,,My combos were at least semi-coherent.  Some of these sound like parodies and not even funny parodies.,,1,scraped,17
reddit,reddit_post_m0h5qaz,,,"I'll have what he's having though

This word salad sounds at least mildly interesting!",,1,scraped,14
twitter_apify,tweet_2031532185878958148,,,@fatstevebuscemi someone who is mad about people using Discover Weekly on Spotify. Which I mean Spotify sucks so I get it but good music is good music so who cares,Wed Mar 11 00:46:31 +0000 2026,0,scraped,30
twitter_apify,tweet_2029806065311740130,,,"Spotify discover weekly was doing a good job for like an entire month bro, it sucks so fucking bad right now",Fri Mar 06 06:27:32 +0000 2026,0,scraped,21
twitter_apify,tweet_1991188963097194942,,,"Anytime I use the Spotify song radio or the ""Discover Weekly"" playlist, they put the occassional AI song in there and it sucks so much..

It's mainly just background noise for me so I realise it late and I hate that it's AI.. but it sucks even more if I don't hate the song",Wed Nov 19 16:56:57 +0000 2025,0,scraped,54
twitter_apify,tweet_1982941251784901015,,,dawg my spotify discover weekly sucks so ass I might just die 💔💔,Mon Oct 27 22:43:30 +0000 2025,0,scraped,13
twitter_apify,tweet_1927736218130731339,,,"my spotify discover weekly playlist sucks this week 
this is going to be my 13th reason 😙",Wed May 28 14:38:24 +0000 2025,0,scraped,17
twitter_apify,tweet_1921777483424166298,,,why does spotify radio give me the same 5-10 songs that i already overplayed. i used to use the radio feature when i wanted different music similar to what i like. weekly discover sucks. no more playlist radios. can't hide/dislike songs. i am stuck in a music bubble.,Mon May 12 04:00:31 +0000 2025,0,scraped,48
twitter_apify,tweet_1898542617962664187,,,discover weekly fucking sucks dude do not recommend me ajr spotify,Sun Mar 09 01:13:27 +0000 2025,0,scraped,11
twitter_apify,tweet_1895239396733133299,,,god man i really fucking sucks when spotify just gives me a entire discover weekly with not even a single song i like : (,Thu Feb 27 22:27:38 +0000 2025,0,scraped,25
twitter_apify,tweet_1871182621872468191,,,Whatever algorithm Spotify is using for my discover weekly fucking sucks,Mon Dec 23 13:14:36 +0000 2024,0,scraped,11
twitter_apify,tweet_1842282033852092682,,,spotify should send me $10 every time my discover weekly sucks,Fri Oct 04 19:13:59 +0000 2024,0,scraped,11
twitter_apify,tweet_1842204171421843457,,,"discover weekly SUCKS, day list SUCKS, dj SUCKS, smart shuffle SUCKS what is the point of spotify collecting all this info on me if they only feed me terrible recommendations",Fri Oct 04 14:04:35 +0000 2024,0,scraped,30
twitter_apify,tweet_1840764101406179815,,,me complaining about how spotify discover weekly sucks but going back to it every monday https://t.co/lhDzWPKtmD,Mon Sep 30 14:42:16 +0000 2024,0,scraped,16
twitter_apify,tweet_1825870055197827297,,,"spotify discover weekly sucks ass, apple music keeps trying to make me listen to madison beer and gracie abrams whenever i try to listen to their discovery mix but youtube music eats",Tue Aug 20 12:18:38 +0000 2024,0,scraped,32
twitter_apify,tweet_1803090411705033050,,,Spotify should pay me $1.50 every time my Discover Weekly sucks,Tue Jun 18 15:40:28 +0000 2024,0,scraped,11
twitter_apify,tweet_1790154733161681121,,,just listened to my Spotify discover weekly for the first time in ages and everything on it pretty much sucks,Mon May 13 22:58:42 +0000 2024,0,scraped,20
twitter_apify,tweet_1772695270335119584,,,"dude my discover weekly on spotify sucks its all unreleased destroy lonely and ken carson music and i dont listen to either of them, then sometimes when they really feel like pissing me off they throw a sematary song in there i need to refresh it somehow",Tue Mar 26 18:41:02 +0000 2024,0,scraped,47
twitter_apify,tweet_1763278833954791602,,,My Spotify discover weekly sucks this week I’m moving to Apple Music till Monday,Thu Feb 29 19:03:28 +0000 2024,0,scraped,14
twitter_apify,tweet_1759801306175201292,,,has anyone's spotify discover weekly just turn into tiktok songs like i remember actually discovering new artists before tiktok now this shit sucks,Tue Feb 20 04:45:01 +0000 2024,0,scraped,23
twitter_apify,tweet_1751992967810752517,,,@Spotify  if my discover weekly sucks one more week in a row I’m gonna take my insane compulsive music listening behavior elsewhere,Mon Jan 29 15:37:28 +0000 2024,0,scraped,22
twitter_apify,tweet_1751937559704518969,,,spotify helping me discover some shit that sucks ass on the weekly,Mon Jan 29 11:57:18 +0000 2024,0,scraped,12
twitter_apify,tweet_1740812945960189953,,,"discover weekly on spotify is so shit i’ve stopped trying there but for a bit i found one or two songs every now and then. i’ll also just buy  the 1$ cds at the record store that look cool and just listen to them and hope it’s good, if it sucks then wtv it was 1$",Fri Dec 29 19:12:03 +0000 2023,0,scraped,56
twitter_apify,tweet_1734251366837612950,,,Why doesn't anyone like DISCOVER WEEKLY on spotify? That means your algorithm sucks... I personally look forward this every week!,Mon Dec 11 16:38:41 +0000 2023,0,scraped,20
twitter_apify,tweet_1706542557185138990,,,"Hey @Spotify, can we update the Daily Mix algorithm? When I listen to artists like Kings of Leon and Tame Impala, I'd love to discover new songs by them, not just my liked items. Let's keep Liked items for that occasional song. 
Don't point me to Discover Weekly, that sucks. May be just me. NO, I'm paying so that I dont have to spend time looking for new music no? 🤔😑🥲😅 #MusicDiscovery #Spotify",Tue Sep 26 05:33:46 +0000 2023,0,scraped,73
twitter_apify,tweet_1704484551462883451,,,me in spotify headquarters when my discover weekly playlist sucks  https://t.co/oyXpncdKup,Wed Sep 20 13:15:59 +0000 2023,0,scraped,11
twitter_apify,tweet_1699255719714046366,,,if my spotify discover weekly sucks is that my fault or spotifys,Wed Sep 06 02:58:28 +0000 2023,0,scraped,12
twitter_apify,tweet_1684971337121685504,,,This weeks “Discover weekly” on Spotify sucks- not a good song :(,Fri Jul 28 16:57:26 +0000 2023,0,scraped,12
twitter_apify,tweet_1665793379425239041,,,"don’t know about you, but it kinda bums me out when my spotify discover weekly sucks.",Mon Jun 05 18:51:05 +0000 2023,0,scraped,16
twitter_apify,tweet_1653085732897013764,,,"there's a patter to my spotify discover weekly that's dead on 1 week it sucks ass, next week is fire, next week's awful, next week sweeter than honey babeyy and so on (im on a bad week now)",Mon May 01 17:15:26 +0000 2023,0,scraped,38
twitter_apify,tweet_1641071685422964737,,,it offends me when my spotify discover weekly is full of music that Genuinely fucking sucks like oh…. you really think that little of me…..,Wed Mar 29 13:35:54 +0000 2023,0,scraped,25
twitter_apify,tweet_1636585256911269889,,,"@yxngrobot spotify’s discover weekly, radio creation, and playlist “enhance” feature

it sucks that it comes from spotify of all places, but they have one of the best, if not THE best, systems of finding new music that relates to things you’ve already listened to and then some",Fri Mar 17 04:28:26 +0000 2023,0,scraped,47
twitter_apify,tweet_1615456840124432385,,,"Is it just me or is @Spotify becoming a bit dull/static? Redundant recommendations, Discover Weekly sucks (and has always sucked), and no user-guided way to find new music without mindlessly creating playlists from a song's ""radio"".",Tue Jan 17 21:11:39 +0000 2023,0,scraped,36
twitter_apify,tweet_1607778949500751873,,,When my discover weekly on Spotify sucks I get personally offended. Like why would you think I like this?,Tue Dec 27 16:42:27 +0000 2022,0,scraped,19
twitter_apify,tweet_1604083209008205826,,,"@MihirSh69274160 @michaeldweiss There's a whole lot of great music coming out every year. If you think that music sucks now, that's on you. You not putting in the effort to find more great music or having some service curate it for you (like Spotify does with Discover Weekly and Release Radar).",Sat Dec 17 11:56:54 +0000 2022,0,scraped,51
twitter_apify,tweet_1602072126827233280,,,Listening to Spotify discover weekly and this shit sucks balls man https://t.co/N9FWKT8q61,Sun Dec 11 22:45:34 +0000 2022,0,scraped,12
twitter_apify,tweet_1600162200630415364,,,This weeks “discover weekly” playlist curated by Spotify is trying very hard to get me to discover some weakly made bullshit that sucks ass,Tue Dec 06 16:16:12 +0000 2022,0,scraped,24
twitter_apify,tweet_1597988834847121408,,,This is nothing compared to other ppls 😭 it’s because Spotify without premium SUCKS so I started using Musi 😭. I only use Spotify for playlists and discover weekly now https://t.co/ika7cuaeLE,Wed Nov 30 16:20:02 +0000 2022,0,scraped,31
twitter_apify,tweet_1581860604481982467,,,"spotify fucking sucks i had a week of bangers from last week’s discover weekly and it was a LOT of really upbeat pop and rock and stuff that i liked, and then this week it decided to send me… a bunch of cafe instrumentals and jazz? like what’s not clicking here you stupid bitch",Mon Oct 17 04:12:12 +0000 2022,0,scraped,54
twitter_apify,tweet_1579972605364559872,,,"My Spotify “Discover Weekly” playlist used to be full of bangers and new jams. Now it sucks. Has my musical stylings become so stale it’s just the same thing over and over, or has Spotify’s algorithm gone soft? https://t.co/g0lkZIPq9n",Tue Oct 11 23:09:58 +0000 2022,0,scraped,39
twitter_apify,tweet_1570586663453339648,,,I get personally offended when my Spotify Discover Weekly sucks ass,Fri Sep 16 01:33:35 +0000 2022,0,scraped,11
twitter_apify,tweet_1565403177129852936,,,sometimes the spotify discover weekly sucks. other times it exclusively plays lesbian dance music,Thu Sep 01 18:16:15 +0000 2022,0,scraped,14
twitter_apify,tweet_1554539010256683009,,,I put on that discover weekly playlist on Spotify to find some new music right? And it gets to this one song and i’m like “damn this song fucking sucks.” Like this song is straight up booty cheeks. I check my phone to see who could make such ass music and ofc its that leprechaun https://t.co/kW2iy7FtV8,Tue Aug 02 18:45:56 +0000 2022,0,scraped,56
twitter_apify,tweet_1547526826645405697,,,whenever my spotify discover weekly sucks i get so offended because why would y’all recommend this shit to me.. where did i go wrong,Thu Jul 14 10:22:01 +0000 2022,0,scraped,24
twitter_apify,tweet_1537187467043999744,,,i understand it’s my own fault my discover weekly sucks every week but i still hope the people at spotify headquarters rues the day for it,Wed Jun 15 21:37:06 +0000 2022,0,scraped,26
twitter_apify,tweet_1526166666228514817,,,You should get a refund if ur Spotify discover weekly sucks,Mon May 16 11:44:22 +0000 2022,0,scraped,11
twitter_apify,tweet_1525189908142477312,,,"spotify discover weekly fucking sucks. it just fills it with generic crap that spotify wants you to listen. ""Oh you listened two rap songs this week? No worries fam we gonna fill this week playlist with dogshit soundcloud rappers using FL studio sample beats"" ffs.",Fri May 13 19:03:05 +0000 2022,0,scraped,45
twitter_apify,tweet_1518838865544773637,,,"spotify discover weekly sucks so much shit lately. recommending me the dear hunter like i haven't been listening to them for the past, like, 6 years of my life.",Tue Apr 26 06:26:18 +0000 2022,0,scraped,29
twitter_apify,tweet_1516129913857748992,,,"*every monday*

SPOTIFY: here's your discover weekly! you like music that sucks, right?
ME: no
SPOTIFY: ok, cool, cool, got it",Mon Apr 18 19:01:54 +0000 2022,0,scraped,21
twitter_apify,tweet_1516090894541197312,,,"week after week, month after month, spotify insists on putting fucking ""age of consent"" by new order in my discover weekly. that song sucks, stop",Mon Apr 18 16:26:51 +0000 2022,0,scraped,25
twitter_apify,tweet_1515037236940607490,,,"@itstylersays Been using spotify for years so everything else just sucks now. 

After a bit their radio suggestions and discover weekly playlists have been amazing. Whatever algo they have really hits sometimes",Fri Apr 15 18:39:59 +0000 2022,0,scraped,32
twitter_apify,tweet_1504549055870898176,,,Christ on a cracker bro my Spotify discover weekly SUCKS this week.,Thu Mar 17 20:03:42 +0000 2022,0,scraped,12
twitter_apify,tweet_1486368703331643399,,,"discover weekly on Spotify sucks ass, 3/4ths of the songs on it I’ve already heard",Wed Jan 26 16:01:28 +0000 2022,0,scraped,15
twitter_apify,tweet_1481152816752304128,,,I am sad my discover weekly sucks ass this week so now I have to listen to a stupid daily mix! spotify do better !,Wed Jan 12 06:35:24 +0000 2022,0,scraped,25
twitter_apify,tweet_1475955879589654531,,,"I’m like a month in, 300+ songs in the library, and my Spotify discover weekly sucks. I’m on to you, Spotify hype-beasts",Tue Dec 28 22:24:38 +0000 2021,0,scraped,22
twitter_apify,tweet_1475732947932102656,,,"My discover weekly on Spotify is absolute shit this week, and that just always REALLY sucks, you know? 

Or, in Zach's words:
""What the fuck is this shit? This is just one terrible song after another. Jesus fucking christ. At least put some fucking Backstreet Boys in there.""",Tue Dec 28 07:38:47 +0000 2021,0,scraped,48
twitter_apify,tweet_1458824642198650884,,,"I don't *think* I have bad taste in music, but my Spotify discover weekly always sucks, so apparently the algorithm disagrees.",Thu Nov 11 15:51:13 +0000 2021,0,scraped,21
twitter_apify,tweet_1458251690126282753,,,my breaking point might be that the spotify discover weekly sucks,Wed Nov 10 01:54:30 +0000 2021,0,scraped,11
twitter_apify,tweet_1434058289227059206,,,decided to give spotify another chance &amp; turn on my Discover Weekly playlist &amp; I got a pop punk cover of Betty by Taylor Swift so mb this app fucking sucks actually,Sat Sep 04 07:38:34 +0000 2021,0,scraped,32
twitter_apify,tweet_1427988468043558912,,,idk what i've done but my discover weekly playlist really fucking sucks. spotify i want a redo,Wed Aug 18 13:39:16 +0000 2021,0,scraped,17
twitter_apify,tweet_1425260330737885190,,,"hey bestie @Spotify my discover weekly kinda sucks this week, could i have another?",Wed Aug 11 00:58:37 +0000 2021,0,scraped,14
twitter_apify,tweet_1422249266127556615,,,I get so ill when my discover weekly on spotify sucks. I feel so misunderstood 😪💔,Mon Aug 02 17:33:43 +0000 2021,0,scraped,16
twitter_apify,tweet_1408181218626215942,,,"@audhandle i def will never slam spotify for how good their music algorithm is cause its the main reason i even have the listener base i do now, from being put in discover weekly by spotify but their payouts and tries to monetize payed for promotion sucks so much",Thu Jun 24 21:52:19 +0000 2021,0,scraped,49
twitter_apify,tweet_1407328062102982660,,,"I don't know what happened to Spotify discover weekly but it used to give me all new songs exclusively, but now it's only giving me songs I've heard or bands I'm already a big fan of.

It sucks because I've discovered so many bands that are now favorites of mine using that",Tue Jun 22 13:22:11 +0000 2021,0,scraped,52
twitter_apify,tweet_1400157946827399169,,,"every week my Discover Weekly playlist sucks and it's like wow, Spotify really thinks I like bad music based on all the bad music i listen to.",Wed Jun 02 18:30:42 +0000 2021,0,scraped,27
twitter_apify,tweet_1386904451756273665,,,"If my Spotify discover weekly is anything to go off of, warped tour style metalcore bands are attempting to bring nu metal back in a way that sucks ass",Tue Apr 27 04:46:03 +0000 2021,0,scraped,29
twitter_apify,tweet_1381648730261237761,,,im listening to my discover weekly and a song came on and i gave it a min n a half but was like this RLY sucks so i clicked onto spotify to change it and its by fucking DESTERY EWWW NO WONDER IT SUCKS HOW COULD U SUGGEST THIS TO ME SPOTIFY?!?!?!? https://t.co/FHjUUIujYB,Mon Apr 12 16:41:41 +0000 2021,0,scraped,53
twitter_apify,tweet_1366204024433881090,,,@190218yoongi screwing the artist over so much... sucks!! but literally same.. its THE reason i switched to Spotify from apple music originally.. i liked a.m but the curated playlist are so perfect! i just checked my discover weekly and half of it isn't playable :(,Mon Mar 01 01:49:56 +0000 2021,0,scraped,45
twitter_apify,tweet_1363214613895016448,,,"Spotify discover weekly really be like:
 *15 shitty indie rock songs*
*song that you've already heard and aren't crazy about*
*the same pussy riot song every week*
*song that you already have downloaded*
*song that just straight up sucks ass*",Sat Feb 20 19:51:05 +0000 2021,0,scraped,40
twitter_apify,tweet_1356128570649796610,,,Your Spotify discover weekly is either very shit or very great and this week mine sucks dick,Mon Feb 01 06:33:41 +0000 2021,0,scraped,17
twitter_apify,tweet_1348369527566790656,,,I want to complain about how my Discover Weekly playlist sucks but I might as well say my music taste sucks and Spotify knows it,Sun Jan 10 20:42:01 +0000 2021,0,scraped,25
twitter_apify,tweet_1346537926008586241,,,my discover weekly on spotify either has the best fucking shit ever or it sucks dick,Tue Jan 05 19:23:53 +0000 2021,0,scraped,16
twitter_apify,tweet_1341818423827976200,,,my discover weekly sucks every single week but i'm really curious as to what kinda person spotify thinks i am that i have TWO different versions of modern major general on it this week,Wed Dec 23 18:50:16 +0000 2020,0,scraped,34
twitter_apify,tweet_1341428300875505667,,,"If my Spotify discover weekly sucks, does that mean...I suck...?",Tue Dec 22 17:00:04 +0000 2020,0,scraped,10
twitter_apify,tweet_1336842413382324225,,,"My @AppleMusic Favorite’s Playlist is usually 25 songs from the same 10 albums. It’s been like this forever. I don’t know how or why, but it sucks. But today, it’s changed. It’s… it’s… amazing. 

This must be what Spotify Discover  Weekly feels like.",Thu Dec 10 01:17:23 +0000 2020,0,scraped,43
twitter_apify,tweet_1333264221430222848,,,I actually get offended when my Discover Weekly sucks because why does Spotify think I would like this? Is this what the algorithm decided my taste is? I'm sick.,Mon Nov 30 04:18:55 +0000 2020,0,scraped,29
twitter_apify,tweet_1333185986738724864,,,"kinda sucks how spotify discover weekly is almost always (if its a smaller artist) the artist's most played song, because while they are always good Its hard to look for more.",Sun Nov 29 23:08:03 +0000 2020,0,scraped,31
twitter_apify,tweet_1327327152916865026,,,"whenever my spotify discover weekly list sucks, i feel it's more a reflection on my recent bad listening habits",Fri Nov 13 19:07:08 +0000 2020,0,scraped,19
twitter_apify,tweet_1325739977221812225,,,i’m sad cause my discover weekly playlist on spotify last week was so good and this week it sucks,Mon Nov 09 10:00:16 +0000 2020,0,scraped,19
twitter_apify,tweet_1321775874845429762,,,"My week has been rly great but if there is one thing I’m gonna complain abt it’s gonna be the fact that on Spotify my weekly discover sucks and it’s been like that for the past few weeks and idk what to listen to anymore 
Thank u for reading my rant",Thu Oct 29 11:28:20 +0000 2020,0,scraped,51
twitter_apify,tweet_1300829159342649344,,,it’s always sad when my discover weekly fucking SUCKS spotify do better,Tue Sep 01 16:13:34 +0000 2020,0,scraped,12
twitter_apify,tweet_1294402981572550656,,,"my Spotify discover weekly always sucks, but sometimes, the entire thing will be downright amazing",Fri Aug 14 22:38:14 +0000 2020,0,scraped,15
twitter_apify,tweet_1290798248190308352,,,just opened discover weekly for the first time in 2020 (bc it sucks @Spotify fix it) and I think uh spotify might be worried about me https://t.co/mwITDOz9nY,Tue Aug 04 23:54:18 +0000 2020,0,scraped,27
twitter_apify,tweet_1288195594243256326,,,"Spotify discover weekly playlist sucks this week 😔

Anyone got album recommendations?",Tue Jul 28 19:32:17 +0000 2020,0,scraped,12
twitter_apify,tweet_1287671684313550850,,,Spotify really sucks at making ne 'discover weekly' playlists 🤮,Mon Jul 27 08:50:27 +0000 2020,0,scraped,10
twitter_apify,tweet_1273338462683496450,,,Can anyone explain to me why my discover weekly fucking sucks on Spotify week after week??,Wed Jun 17 19:35:21 +0000 2020,0,scraped,16
twitter_apify,tweet_1267455467091038209,,,I base my Mondays strictly off of whether or not my Discover Weekly playlist on Spotify is great or if it sucks.,Mon Jun 01 13:58:26 +0000 2020,0,scraped,22
twitter_apify,tweet_1263914934200606722,,,My Spotify discover weekly sucks bc I haven’t listened to anything but walls for weeks,Fri May 22 19:29:37 +0000 2020,0,scraped,15
twitter_apify,tweet_1263232892416606209,,,What does it say about me as a person that my Discover Weekly on Spotify fuckin SUCKS,Wed May 20 22:19:25 +0000 2020,0,scraped,17
twitter_apify,tweet_1262912301495054337,,,what does it say about me as a person that my Discover Weekly on Spotify fucking sucks,Wed May 20 01:05:31 +0000 2020,0,scraped,17
twitter_apify,tweet_1247753610860978177,,,everything sucks but at least my spotify discover weekly playlist is exquisite this time around,Wed Apr 08 05:10:17 +0000 2020,0,scraped,15
twitter_apify,tweet_1235992958756720641,,,spotify put a Kim Kardashian song (????) on my discover weekly playlist and it sucks absolute shit why would they do this to me,Fri Mar 06 18:17:39 +0000 2020,0,scraped,24
twitter_apify,tweet_1233995443224371201,,,when my discover weekly on spotify sucks my week usually sucks too,Sun Mar 01 06:00:14 +0000 2020,0,scraped,12
twitter_apify,tweet_1228038703047749634,,,"Sorry, I need to take the rest of this week off my Spotify Discover Weekly just really sucks",Thu Feb 13 19:30:17 +0000 2020,0,scraped,18
twitter_apify,tweet_1224009937124114433,,,Somebody hacked my spotify and the only reason I'm pissed is because their music taste SUCKS and it's ruining my Discover Weekly,Sun Feb 02 16:41:24 +0000 2020,0,scraped,22
twitter_apify,tweet_1216793361933393924,,,spotify u fukn BITCH! my mf discover weekly sucks ass!!! DO BETTER TF 😑😑😑 https://t.co/bGnjbdc1cc,Mon Jan 13 18:45:19 +0000 2020,0,scraped,15
twitter_apify,tweet_1211975293776384000,,,Spotify sucks etc but I will say it’s AI is 𝓈𝓉𝓊𝓃𝓃𝒾𝓃𝑔. Spent the 13 hour flight yday gently tumbling through a Donny Hathaway and Raymond Scott  hole and now my discover weekly is EXCELLENT aside for a few La La Land-style jazz numbers,Tue Dec 31 11:40:02 +0000 2019,0,scraped,43
twitter_apify,tweet_1202632188275154946,,,To whomever hacked my spotify account this summer: THANKS FOR FUCKING UP MY SPOTIFY WRAPPED. YOUR MUSIC SUCKS AND I HATE YOUR ASS. I JUST MANAGED TO GET MY DISCOVER WEEKLY BACK TO A NORMAL PLACE. FUCK YOU.,Thu Dec 05 16:53:52 +0000 2019,0,scraped,38
twitter_apify,tweet_1199021314842996737,,,My discover weekly sucks this week like does Spotify even know me!?,Mon Nov 25 17:45:32 +0000 2019,0,scraped,12
twitter_apify,tweet_1196516878279200770,,,life sucks but at least grazie alla discover weekly di spotify ho trovato delle nuove canzoni 😔✊🏻,Mon Nov 18 19:53:48 +0000 2019,0,scraped,17
twitter_apify,tweet_1192972358665089025,,,"So here's the deal, Spotify discover weekly sucks, none of the albums we want are out yet, and it's REALLY cold out. So we're issuing a LOVE SONGS SPECTACULAR to warm the heart and soul. So have that special someone and tune into the Walk of Shame tonight at 10 only on 91.7 WIXQ!",Sat Nov 09 01:09:09 +0000 2019,0,scraped,54
twitter_apify,tweet_1189450962475327488,,,"Why is it considering how great Discover Weekly is, Spotify Song Radio sucks? 

It seems to heavily favour artist over song choice.",Wed Oct 30 07:56:23 +0000 2019,0,scraped,22
twitter_apify,tweet_1182352801348886529,,,it really is disappointing when your spotify discover weekly sucks,Thu Oct 10 17:50:49 +0000 2019,0,scraped,10
twitter_apify,tweet_1179065709755850753,,,Having a discover weekly playlist that sucks is a different kind of heartbreak let me tell ya.. Spotify really goofed up my tunes this week,Tue Oct 01 16:09:05 +0000 2019,0,scraped,25
twitter_apify,tweet_1163307855031623680,,,"In a massive day of fuck ups for The Algorithms, my Spotify Discover Weekly sucks ass and I’m getting promoted content to go back to uni for forensic psychology",Mon Aug 19 04:33:00 +0000 2019,0,scraped,29
twitter_apify,tweet_1162383483613962240,,,Sometimes Spotify discover weekly sucks beans and sometimes Spotify discover weekly give it THE FULL BEANS,Fri Aug 16 15:19:53 +0000 2019,0,scraped,16
twitter_apify,tweet_1162380949323157504,,,"Why’d Spotify put a homophobic band in my discover weekly
Sucks they sounded good but have such shitty lyrics/beliefs",Fri Aug 16 15:09:48 +0000 2019,0,scraped,19
twitter_apify,tweet_1161781445548892160,,,"It’s 2040. Your old band from college is playing from the speakers in your son’s bedroom. You ask what he’s listening to.

“I don’t know, it came on my discover weekly on Spotify. It fuckin sucks.”

He makes fun of the song on Vine 2.0, it’s back. It hurts. You feel young again.",Wed Aug 14 23:27:36 +0000 2019,0,scraped,53
twitter_apify,tweet_1158740026059980801,,,Someone at @Spotify must be on vacation because my discover weekly sucks,Tue Aug 06 14:02:05 +0000 2019,0,scraped,12
twitter_apify,tweet_1156390443350941701,,,Spotify discover weekly sucks it'll play me some sick hardcore band once and then the next 5 songs are from dudes who bought a bunch of effects pedals after listening to peripheral vision or hyperview,Wed Jul 31 02:25:41 +0000 2019,0,scraped,35
twitter_apify,tweet_1146437367592472576,,,"I need my Spotify discover weekly playlist to understand that even though I listen to Elton John for roughly 3 hours average every week I do NOT want to be reccomended shitty covers. This algorithm sucks, Spotify",Wed Jul 03 15:15:42 +0000 2019,0,scraped,37
twitter_apify,tweet_1145903759836569600,,,"My Spotify discover weekly sucks every week, I must have bad taste in music",Tue Jul 02 03:55:20 +0000 2019,0,scraped,14
twitter_apify,tweet_1138446034156363776,,,@guyandtheworld @_vhawk19_ Correct! Youtube music's mixtape sucks. Spotify has daily mix and discover weekly which is tailored to my music. Loved @Spotify,Tue Jun 11 14:01:00 +0000 2019,0,scraped,22
twitter_apify,tweet_1133453840173404161,,,My usual Spotify music analyst must’ve taken a vacay cause my discover weekly SUCKS SO FAR,Tue May 28 19:23:48 +0000 2019,0,scraped,16
twitter_apify,tweet_1122885402728312832,,,"Ok seriously screw this new Taylor Swift/Brandon Urie song. It keeps showing up in my Discover Weekly/Release Radar playlists. I've never listened to a TS song on Spotify in my life, and I stopped actively listening to P!ATD in 2010. The song sucks. Stop.",Mon Apr 29 15:28:36 +0000 2019,0,scraped,44
twitter_apify,tweet_1120126519303602177,,,“you’re keep throwing Spotify curve balls and that’s why your discover weekly playlist sucks”,Mon Apr 22 00:45:47 +0000 2019,0,scraped,14
twitter_apify,tweet_1112783651874455553,,,u ever get offended when your discover weekly playlist sucks?? @Spotify how DARE you insult my music taste like this,Mon Apr 01 18:27:51 +0000 2019,0,scraped,20
twitter_apify,tweet_1110205276077150214,,,"There are few things in life worse than a Spotify Discover Weekly that sucks. 

It’s only Monday and I’m chalking this week up to a loss, thanks Spotify.",Mon Mar 25 15:42:19 +0000 2019,0,scraped,28
twitter_apify,tweet_1104791515514187776,,,my spotify discover weekly always sucks i’ve gone through it maybe 5 times and i’ve probably saved 5 songs from it in total,Sun Mar 10 17:09:57 +0000 2019,0,scraped,23
twitter_apify,tweet_1102678155050057729,,,I need to know who somehow hacked into my spotify because my Discover Weekly SUCKS ASS,Mon Mar 04 21:12:13 +0000 2019,0,scraped,16
twitter_apify,tweet_1100185656242946049,,,With great sadness I must report that my Spotify Discover Weekly sucks all sorts of ass this week,Tue Feb 26 00:07:55 +0000 2019,0,scraped,18
twitter_apify,tweet_1099879523934449665,,,It’s all fun and games until my Spotify Discover Weekly sucks.,Mon Feb 25 03:51:27 +0000 2019,0,scraped,11
twitter_apify,tweet_1099434507940347904,,,"my friend when i recommend them a song: this fucking sucks

my friend when the same song comes up on their spotify discover weekly 7 months later: this song is fucking amazing",Sat Feb 23 22:23:07 +0000 2019,0,scraped,32
twitter_apify,tweet_1095365460885856256,,,"You know an algorithm sucks when your discover weekly playlist contains songs U ALREADY LISTEN TO! Thanks @Spotify for making me discover songs I listened to yesterday...Maybe I need to start curating my own #discoverweekly #playlists. #music #listeningto

https://t.co/kXEoUZIS8E",Tue Feb 12 16:54:11 +0000 2019,0,scraped,39
twitter_apify,tweet_1095042028398817280,,,"don't get me wrong, i would die for spotify, but my discover weekly sucks and i'm kinda pressed about it",Mon Feb 11 19:28:59 +0000 2019,0,scraped,20
twitter_apify,tweet_1093611301547388928,,,There are few things worse than a Spotify Discover Weekly playlist that just flat out sucks.,Thu Feb 07 20:43:47 +0000 2019,0,scraped,16
twitter_apify,tweet_1087326115188932608,,,ho ascoltato un paio di volte la playlist di spotify “life sucks”: la mia discover weekly è la cosa più malinconica e triste del millennio adoro però anche meno però comunque adoro,Mon Jan 21 12:28:42 +0000 2019,0,scraped,32
twitter_apify,tweet_1084856315091054592,,,my spotify 'discover weekly' always sucks &amp; I take it personally,Mon Jan 14 16:54:35 +0000 2019,0,scraped,11
twitter_apify,tweet_1075789984601300994,,,"It definitely sucks that Spotify breaches our privacy, but I still think it’s cool that they throw a song from Walk Hard into all of my Discover Weekly playlists, so who can say what is good or bad",Thu Dec 20 16:28:14 +0000 2018,0,scraped,38
twitter_apify,tweet_1075397536888877056,,,"It's very bothersome that Spotify read my Facebook messages to ""learn more about me,"" but mainly b/c my ""discover weekly"" playlist still sucks.",Wed Dec 19 14:28:47 +0000 2018,0,scraped,23
twitter_apify,tweet_1069220253400481792,,,I'd let the random person who somehow got into my spotify use it if it was good music. But that horrible music that he/she was listening to is going to ruin my discover weekly so I had to log them out and change passwords. Oh well! Sucks to suck.,Sun Dec 02 13:22:28 +0000 2018,0,scraped,49
twitter_apify,tweet_1067678332190380034,,,"I have 2 important things to say.
1: Discover weekly on Spotify is drunk.
2: Finnish rap sucks.",Wed Nov 28 07:15:25 +0000 2018,0,scraped,18
twitter_apify,tweet_1060865533426393088,,,Sometimes my spotify discover weekly sucks so much balls I get chills down my spine,Fri Nov 09 12:03:47 +0000 2018,0,scraped,15
twitter_apify,tweet_1057364311734018048,,,"I'll assume that the only reason you can't browse Spotify by music label is because it'd curb reliance on algorithm curation for music discovery and that super sucks.

Like, the data is there just let me discover things on my own it's not like I'm gonna stop checking my Weekly :/",Tue Oct 30 20:11:11 +0000 2018,0,scraped,51
twitter_apify,tweet_1047337038993743872,,,I don’t know if anyone else’s discover weekly fucking sucks @Spotify,Wed Oct 03 04:06:23 +0000 2018,0,scraped,11
twitter_apify,tweet_1033992856611053569,,,"Working on a bank holiday sucks... But stumbling upon ""Hermione"" by @DanHenig in my #Spotify discover weekly has made it all the more bearable 😂😂",Mon Aug 27 08:21:22 +0000 2018,0,scraped,25
twitter_apify,tweet_1029115477707120641,,,"it makes me really sad when my Discover Weekly sucks.. like really, not even one good song??? thought u knew me better than that @Spotify",Mon Aug 13 21:20:24 +0000 2018,0,scraped,25
twitter_apify,tweet_1027321686654443520,,,"i can’t be the only one who gets really disappointed when my discover weekly sucks? like come on Spotify, you know me better than this",Wed Aug 08 22:32:31 +0000 2018,0,scraped,25
twitter_apify,tweet_1025121532618584065,,,My discover weekly on spotify sucks so much this week. ;__;,Thu Aug 02 20:49:53 +0000 2018,0,scraped,11
twitter_apify,tweet_1021817461153431553,,,If my discover weekly playlist on Spotify sucks does that mean my music taste also sucks?????,Tue Jul 24 18:00:41 +0000 2018,0,scraped,16
twitter_apify,tweet_1021442569811656709,,,"It sucks when I screw up my Discover Weekly and need to retrain the @Spotify algorithm
(the struggle is real y'all)",Mon Jul 23 17:11:00 +0000 2018,0,scraped,21
twitter_apify,tweet_1004506457155555333,,,Man all I listened to last week was the Mean Girls broadway soundtrack and now my Spotify discover weekly sucks,Wed Jun 06 23:32:56 +0000 2018,0,scraped,20
twitter_apify,tweet_978442643733663744,,,Life sucks but my Spotify Discover Weekly playlist is above average today.,Tue Mar 27 01:24:39 +0000 2018,0,scraped,12
twitter_apify,tweet_977348160346566661,,,"my discover weekly is all british dudes ""singing"" over acoustic guitar spotify SUCKS",Sat Mar 24 00:55:34 +0000 2018,0,scraped,13
twitter_apify,tweet_976902840638672896,,,My discover weekly on Spotify always sucks and I literally have no idea why they recommend the songs they do because I like approximately zero of them.,Thu Mar 22 19:26:01 +0000 2018,0,scraped,27
twitter_apify,tweet_968356102768349191,,,did yall get this in your discover weekly on spotify today? if not your music taste SUCKS https://t.co/Whwpz7MNL4,Tue Feb 27 05:24:20 +0000 2018,0,scraped,18
twitter_apify,tweet_968157333523173378,,,"some Mondays are great, and some Mondays you see an unwanted doppelgänger on the subway, your spotify discover weekly playlist sucks, and you're late for class",Mon Feb 26 16:14:30 +0000 2018,0,scraped,26
twitter_apify,tweet_966416541259583493,,,@SpotifyCares I’ve had Spotify for over a year and my discover weekly has been perfect and I’ve found hundreds of songs through it so to see how it’s been for the last month really sucks. I guess I’ll just keep waiting to see if it goes back to normal ☹️,Wed Feb 21 20:57:13 +0000 2018,0,scraped,50
twitter_apify,tweet_960753691241279488,,,nothing pisses me off more than when my discover weekly sucks ass @Spotify  your algorithm doesnt understand my nuance aT ALL,Tue Feb 06 05:55:04 +0000 2018,0,scraped,21
twitter_apify,tweet_959153727419682821,,,My discover weekly on Spotify SUCKS this week I’m extremely hurt,Thu Feb 01 19:57:23 +0000 2018,0,scraped,11
twitter_apify,tweet_938115696629649408,,,Nothing ruins my week more than when my Spotify discover weekly sucks,Tue Dec 05 18:39:46 +0000 2017,0,scraped,12
twitter_apify,tweet_920003062973988865,,,"@_krustyyy @Spotify LOL indeed!! but even before they started doing discover weekly, (or when it sucks) “related artists” on each artists’ page is everything!",Mon Oct 16 19:06:37 +0000 2017,0,scraped,24
twitter_apify,tweet_918256327922716673,,,It’s so sad when my discover weekly on Spotify sucks,Wed Oct 11 23:25:43 +0000 2017,0,scraped,10
twitter_apify,tweet_915008398961385472,,,spotify discover weekly needs to step up their game my playlist always SUCKS,Tue Oct 03 00:19:37 +0000 2017,0,scraped,13
twitter_apify,tweet_892064370984984576,,,"I don't know if my Spotify Discover Weekly sucks this week, or if my music taste last week sucked",Mon Jul 31 16:48:14 +0000 2017,0,scraped,19
twitter_apify,tweet_889958325298876419,,,When my Spotify discover weekly sucks.. my week sucks. Like almost as much as chafing so bad you bleed in between your legs,Tue Jul 25 21:19:34 +0000 2017,0,scraped,23
twitter_apify,tweet_884438193516490753,,,ok am I the only one that feels personally victimized when my Spotify discover weekly kinda sucks,Mon Jul 10 15:44:32 +0000 2017,0,scraped,17
twitter_apify,tweet_872331955404247041,,,"my discover weekly sucks so, in turn, this week will suck thanks spotify",Wed Jun 07 05:58:39 +0000 2017,0,scraped,13
twitter_apify,tweet_871736072358821889,,,In other news my discover weekly sucks ass this week. Thanks Spotify.,Mon Jun 05 14:30:50 +0000 2017,0,scraped,12
twitter_apify,tweet_861689167847145472,,,My Spotify discover weekly sucks this week... is my music taste really this garbage??????,Mon May 08 21:08:01 +0000 2017,0,scraped,14
twitter_apify,tweet_856447794630070273,,,"folks, it is much to my chagrin to announce that my Spotify discover weekly playlist sucks this week",Mon Apr 24 10:00:40 +0000 2017,0,scraped,18
twitter_apify,tweet_847147066400948232,,,"my discover weekly sucks sooo bad... how is it so hard for spotify to figure out that i only like COOL edm, not LAME edm",Wed Mar 29 18:02:54 +0000 2017,0,scraped,25
twitter_apify,tweet_831308399929339905,,,It's a sad Monday when your discover weekly on Spotify sucks,Tue Feb 14 01:05:42 +0000 2017,0,scraped,11
twitter_apify,tweet_825087461252591616,,,I feel like my Discover Weekly on Spotify always sucks,Fri Jan 27 21:05:54 +0000 2017,0,scraped,10
twitter_apify,tweet_823535465928257538,,,My discover weekly playlist sucks this week. Does that mean that my entire week will suck too? @Spotify,Mon Jan 23 14:18:50 +0000 2017,0,scraped,18
twitter_apify,tweet_819239810619605006,,,"Me: my discover weekly sucks this week, I think Spotify hates me
Thea: I mean, everyone else does

FUCK",Wed Jan 11 17:49:26 +0000 2017,0,scraped,19
twitter_apify,tweet_816830291205652480,,,speaking of my discover weekly list Everything on it sucks im fine with listening to the same 5 artists @Spotify,Thu Jan 05 02:14:52 +0000 2017,0,scraped,20
twitter_apify,tweet_816398779888779264,,,"When my @Spotify Discover Weekly playlist sucks, I doubt my self worth.",Tue Jan 03 21:40:11 +0000 2017,0,scraped,12
twitter_apify,tweet_806214157641072640,,,spotify rly put a song on my discover weekly playlist abt how much college sucks LMAO it #understands me,Tue Dec 06 19:10:08 +0000 2016,0,scraped,19
twitter_apify,tweet_803965129301827584,,,Sometimes my discover weekly playlist is A+ and sometimes it sucks like do you even know me @Spotify,Wed Nov 30 14:13:18 +0000 2016,0,scraped,18
twitter_apify,tweet_796443137908604932,,,MY SPOTIFY DISCOVER WEEKLY PLAYLIST THIS WEEK SUCKED SO THATS WHY THIS WEEK SUCKS!!! It all makes sense now,Wed Nov 09 20:03:35 +0000 2016,0,scraped,19
twitter_apify,tweet_795707392042434561,,,Nothing is more disappointing than when your new discover weekly on Spotify sucks.,Mon Nov 07 19:20:00 +0000 2016,0,scraped,13
twitter_apify,tweet_794319198570893314,,,Umm spotify I know my music taste sucks but why does discover weekly think I like Friday?… https://t.co/4n5aIWhY8l,Thu Nov 03 23:23:49 +0000 2016,0,scraped,18
twitter_apify,tweet_790656564826865664,,,"Holy hell, every song on my Spotify Discover Weekly playlist sucks.",Mon Oct 24 20:49:49 +0000 2016,0,scraped,11
twitter_apify,tweet_778427527018770433,,,My discover weekly on spotify usually sucks but it's p awesome this week i'm happy,Wed Sep 21 02:55:59 +0000 2016,0,scraped,15
twitter_apify,tweet_776083156654895105,,,my spotify discover weekly playlist sucks this week what did i do to deserve this,Wed Sep 14 15:40:18 +0000 2016,0,scraped,15
twitter_apify,tweet_770776217507082240,,,"I’m listening to my Spotify Discover Weekly for the first time ever, and I gotta say, this music sucks.",Wed Aug 31 00:12:25 +0000 2016,0,scraped,19
twitter_apify,tweet_766308342583074816,,,Its offensive when my discover weekly on Spotify sucks... Like you think I listen to this shit?,Thu Aug 18 16:18:40 +0000 2016,0,scraped,17
twitter_apify,tweet_760446307026599936,,,When my spotify discover weekly sucks it really puts a damper on my day,Tue Aug 02 12:05:02 +0000 2016,0,scraped,14
twitter_apify,tweet_757835009860313089,,,It's not a good start to the week when your Spotify discover weekly SUCKS ass,Tue Jul 26 07:08:40 +0000 2016,0,scraped,15
twitter_apify,tweet_757734417670561793,,,When your new Discover Weekly playlist from @Spotify sucks and your week is suddenly RUINED,Tue Jul 26 00:28:57 +0000 2016,0,scraped,15
twitter_apify,tweet_745022955185307648,,,Hey @Spotify my Discover Weekly sucks this week. I can't believe you think this is really my style.,Mon Jun 20 22:38:09 +0000 2016,0,scraped,18
twitter_apify,tweet_739982846589173760,,,My Spotify Discover Weekly playlist sucks this week and I'm terrified that it's my fault.,Tue Jun 07 00:50:33 +0000 2016,0,scraped,15
twitter_apify,tweet_732186994810458114,,,Apple Music sucks. Nothing comes closes to @SpotifyUK Discover Weekly. Forgive me for (temporarily) jumping ship @Spotify.,Mon May 16 12:32:37 +0000 2016,0,scraped,17
twitter_apify,tweet_729034452861620225,,,my discover weekly playlist sucks this week i'm gonna burn down the spotify offices,Sat May 07 19:45:33 +0000 2016,0,scraped,14
twitter_apify,tweet_727329051925450753,,,"My Spotify ""discover weekly"" sucks this week and I am trying to figure out who to blame.",Tue May 03 02:48:53 +0000 2016,0,scraped,17
twitter_apify,tweet_724732654017490944,,,"every monday i ask myself if discover weekly on spotify sucks because of my awful taste in music or for some other, unknown reason",Mon Apr 25 22:51:44 +0000 2016,0,scraped,24
twitter_apify,tweet_721036197548589056,,,Having the shittiest morning and my Spotify discover weekly playlist sucks this week,Fri Apr 15 18:03:20 +0000 2016,0,scraped,13
twitter_apify,tweet_720083912744181761,,,My discover weekly playlist on Spotify sucks dick this week.,Wed Apr 13 02:59:17 +0000 2016,0,scraped,10
twitter_apify,tweet_719573297990606848,,,"It happened, for the first time my discover weekly on spotify sucks.",Mon Apr 11 17:10:17 +0000 2016,0,scraped,12
twitter_apify,tweet_719570731571355648,,,"the highlight of my Monday's are my discover weekly playlists on Spotify, so if it sucks then my week sucks",Mon Apr 11 17:00:06 +0000 2016,0,scraped,20
twitter_apify,tweet_714724296422256640,,,The best thing about Monday mornings at a job that TRULY sucks (yes i know its Tuesday) is my Discover Weekly mixtape! Thanks @Spotify !,Tue Mar 29 08:02:05 +0000 2016,0,scraped,25
twitter_apify,tweet_714642667284643840,,,Wow my discover weekly on Spotify kinda sucks this week,Tue Mar 29 02:37:43 +0000 2016,0,scraped,10
twitter_apify,tweet_706994460370993155,,,the only good thing about Mondays is discover weekly on Spotify and even sucks sometimes,Tue Mar 08 00:06:29 +0000 2016,0,scraped,15
twitter_apify,tweet_705031730433015809,,,does anyone else actually listen to their discover weekly playlist on Spotify bc I do and usually mines pretty good but this week it sucks 😕,Wed Mar 02 14:07:18 +0000 2016,0,scraped,26
twitter_apify,tweet_699713610998636545,,,I listen to same songs almost every week no wonder my discover weekly playlist from spotify sucks 😂😂,Tue Feb 16 21:54:59 +0000 2016,0,scraped,18
twitter_apify,tweet_689979956571566080,,,"Spotify's New Music Friday, Discover Weekly, and all browse categories always suck so much ass I'm so fucking over it. Spotify just sucks!",Thu Jan 21 01:16:55 +0000 2016,0,scraped,23
twitter_apify,tweet_681260641324171264,,,spotify discover weekly sucks they recommended relient k for me wtf,Sun Dec 27 23:49:28 +0000 2015,0,scraped,11
twitter_apify,tweet_676532327997046785,,,"@cemcatik @Spotify gecen hafta herkese bomba Discover Weekly gelmis, bu hafta sucks cidden",Mon Dec 14 22:40:51 +0000 2015,0,scraped,13
twitter_apify,tweet_664959329515122689,,,"lol wow your music taste sucks, Spotify says while handing me my Discover Weekly playlist",Fri Nov 13 00:13:53 +0000 2015,0,scraped,15
twitter_apify,tweet_664501551571054593,,,yesterday I tried out the Spotify discover weekly playlist and was floored bc it was actually really good but the shuffle still sucks ass so,Wed Nov 11 17:54:50 +0000 2015,0,scraped,25
twitter_apify,tweet_664087746789646336,,,My Discover Weekly playlist on Spotify pretty much always sucks.,Tue Nov 10 14:30:31 +0000 2015,0,scraped,10
twitter_apify,tweet_662093761355186176,,,"Also my Spotify Discover Weekly playlist kind of sucks this week. Not cool bruh, not cool.",Thu Nov 05 02:27:08 +0000 2015,0,scraped,16
twitter_apify,tweet_659251751359393792,,,my spotify discover weekly fucking sucks because my taste in music is garbage most of the time,Wed Oct 28 06:14:00 +0000 2015,0,scraped,17
twitter_apify,tweet_659109270676307968,,,"If my Discover Weekly playlist sucks this week, is it my fault or can I blame Spotify?",Tue Oct 27 20:47:50 +0000 2015,0,scraped,17
twitter_apify,tweet_654144564257644546,,,Sharing spotify with my husband sucks because discover weekly is all folky harmonica crap and I only listen to BANGERZ,Wed Oct 14 03:59:52 +0000 2015,0,scraped,20
twitter_apify,tweet_653932936606142464,,,my discover weekly sucks this week thanks for nothing @Spotify,Tue Oct 13 13:58:56 +0000 2015,0,scraped,10
twitter_apify,tweet_648600951054462976,,,"I got blood drawn, had a doctor's appointment, got a flu shot, and to top it all off...my spotify weekly discover playlist SUCKS. #WhatADay",Mon Sep 28 20:51:31 +0000 2015,0,scraped,24
twitter_apify,tweet_646498801260326912,,,"When my spotify weekly discover playlist sucks, I feel like I need to rethink my entire taste in music",Wed Sep 23 01:38:20 +0000 2015,0,scraped,19
twitter_apify,tweet_635795296912588800,,,it's Monday and classes start today so that kinda sucks but it's all okay because spotify is gnarly and DISCOVER WEEKLY HAPPENS TODAY,Mon Aug 24 12:46:25 +0000 2015,0,scraped,23
twitter_apify,tweet_2059705656228159787,,,"I've been using Apple Music for a while and enjoying it, popped back into Spotify to see how it's going. It's... bad. The first song on my Discover Weekly playlist is by an artist called, er, ""Discover Weekly"" It's clearly AI slop (and it's not even a little good).

I'm out. https://t.co/BHO0HsDVIa",Wed May 27 18:37:50 +0000 2026,0,scraped,52
twitter_apify,tweet_2038908040909353018,,,"@sexwithrodion @_ilan13 No its not a bad thing I used to do it but spotify is soo convenient. It matches ur taste based on artist u listen to and recomends new songs like discover weekly since when u pirate the songs its just a file, spotify has lyrics and link to artist to discover more",Tue Mar 31 09:15:32 +0000 2026,0,scraped,55
twitter_apify,tweet_2008290541729874205,,,"If you catch me listening to bad music on Spotify just know it’s my Discover Weekly charity, and not by choice 💯",Mon Jan 05 21:32:32 +0000 2026,0,scraped,22
twitter_apify,tweet_1967544993184375214,,,This is like. The THIRDDD time this song shows up in my Discover Weekly WHY DOES SPOTIFY WANT ME TO LISTEN TO IT SO BAD https://t.co/rvNvL5Qqe3,Mon Sep 15 11:04:16 +0000 2025,0,scraped,26
twitter_apify,tweet_1965786412235792511,,,The Discover Weekly is the greatest Spotify playlist ever created. Updates every week.  Never heard a bad song on it. https://t.co/JpwdSezz0B,Wed Sep 10 14:36:17 +0000 2025,0,scraped,21
twitter_apify,tweet_1950668146387652750,,,For every bad discover weekly you get on Spotify theres an absolute banger a week or two later that's just a bunch of indie bangers,Wed Jul 30 21:21:42 +0000 2025,0,scraped,25
twitter_apify,tweet_1946250158003331529,,,why is my discover weekly playlist always so bad... spotify do better i beg,Fri Jul 18 16:46:11 +0000 2025,0,scraped,14
twitter_apify,tweet_1945513535573729399,,,spotify discover weekly has gotten so bad. why are you recommending me september by earth wind &amp; fire,Wed Jul 16 15:59:07 +0000 2025,0,scraped,18
twitter_apify,tweet_1943720410064855502,,,"@nickcammarata Good news: Spotify discover weekly has helped with this a lot
Bad news: now I mostly listen to weeb music",Fri Jul 11 17:13:52 +0000 2025,0,scraped,21
twitter_apify,tweet_1935930841097490817,,,every week i try my spotify discover weekly &amp; it’s always bad.. like pls i just want new music &amp; everything they rec is HORRIBLEEEEEE😭,Fri Jun 20 05:20:55 +0000 2025,0,scraped,25
twitter_apify,tweet_1934729651630313507,,,spotify discover weekly being bad is insane propaganda ive found some of my favorite songs ever through it,Mon Jun 16 21:47:49 +0000 2025,0,scraped,18
twitter_apify,tweet_1932129538777260164,,,Another week another bad Spotify discover weekly playlist. I’m tired of ts,Mon Jun 09 17:35:53 +0000 2025,0,scraped,12
twitter_apify,tweet_1925847836664430600,,,"propaganda i'm not falling for:

- feeling bad for 66 (nail him to a cross idgaf booing isn't enough) 
- spotify discover weekly  
- ivy wolk
- kieran culkin shade
- sernando
- sci-fi 
- bayern münchen 
- tennis",Fri May 23 09:34:39 +0000 2025,0,scraped,39
twitter_apify,tweet_1922291633057398953,,,It's crazy how Spotify makes discover weekly bad on purpose,Tue May 13 14:03:34 +0000 2025,0,scraped,10
twitter_apify,tweet_1921303279562064098,,,"Crazy times. This morning, while getting breakfast, I instructed Gemini to write a Python script that connects to my Spotify, pulls my liked songs, and uses Gemini to recommend more songs.

Each time I run the script, my Spotify playlist gets updated with 20 new recommended songs that haven't been recommended yet. And I can run it as many times a day as I want. No need to wait a week for Spotify to update Discover Weekly👍

Take the script from here if you want it: https://t.co/bMaoS9ZFiY

Download the script to a folder. Create .env file in it with the keys, in the following format:

SPOTIPY_CLIENT_ID='get it from https://t.co/vEv14kEpma'
SPOTIPY_CLIENT_SECRET='get it from https://t.co/vEv14kEpma'
SPOTIPY_REDIRECT_URI='http://127.0.0.1:8888/callback'
OPENROUTER_API_KEY='get it from https://t.co/Sr9Lf9pxPC'

Run in the console:

$ pip install spotipy requests python-dotenv

Then run the script.

This is a log of the process:

Successfully authenticated with Spotify.
Logged in as: aburkov
Fetching all liked songs details...
Fetched 50 liked songs so far...
Fetched 100 liked songs so far...
Fetched 149 liked songs so far...
Fetched 199 liked songs so far...
Fetched 249 liked songs so far...
Fetched 299 liked songs so far...
Fetched 349 liked songs so far...
Fetched 399 liked songs so far...
Fetched 449 liked songs so far...
Fetched 499 liked songs so far...
Fetched 510 liked songs so far...
Total liked songs details fetched: 510
Created set of 506 unique liked songs for de-duplication.
Found existing playlist: 'All Gemini Recommendations' (ID: 6HGzAN8WttSQggqmGubwI0)
Fetching tracks from playlist ID: 6HGzAN8WttSQggqmGubwI0...
Fetched 56 tracks from playlist ID 6HGzAN8WttSQggqmGubwI0 so far...
Total tracks fetched from playlist ID 6HGzAN8WttSQggqmGubwI0: 56
Found 56 unique songs in 'All Gemini Recommendations' history.

--- Gemini Request Attempt 1/10 ---

Sending request to Gemini with 1 messages in history...
Received 20 validly structured recommendations from Gemini.
Gemini suggested 20 songs. Verifying on Spotify and filtering...

Verifying recommended songs on Spotify...
  Found on Spotify: 'Teardrop' by Massive Attack
  Found on Spotify: 'The Bay' by Metronomy
  Found on Spotify: 'Midnight City' by M83
  Found on Spotify: 'Blue Velvet' by Lana Del Rey
  Found on Spotify: 'Paradise Circus' by Massive Attack
  Found on Spotify: 'Glory Box' by Portishead
  Found on Spotify: 'Where Is My Mind? - 2007 Remaster' by Pixies
  Found on Spotify: 'All My Life' by Foo Fighters
  Found on Spotify: 'Walk On the Wild Side' by Lou Reed
  Found on Spotify: 'Nothing Compares 2 U' by Sinéad O'Connor
  Found on Spotify: 'This Is Not a Love Song' by Public Image Ltd.
  Found on Spotify: 'Fade Into You' by Mazzy Star
  Found on Spotify: 'It's My Life - 1997 Remaster' by Talk Talk
  Found on Spotify: 'Sweet Child O' Mine' by Guns N' Roses
  Found on Spotify: 'Reckoner' by Radiohead
  Found on Spotify: 'Summertime' by Ella Fitzgerald
  Found on Spotify: 'Killing Me Softly With His Song' by Roberta Flack
  Found on Spotify: 'Love Will Tear Us Apart - 2020 Remaster' by Joy Division
  Found on Spotify: 'Everybody Hurts' by R.E.M.
  Found on Spotify: 'Enjoy the Silence' by Depeche Mode

Verified 20 songs as available on Spotify.
  -- Skipped 'Teardrop' by 'Massive Attack' (Reason: is liked, in all_recs history)
  ++ Collected for new playlist: 'The Bay' by 'Metronomy'
  -- Skipped 'Midnight City' by 'M83' (Reason: in all_recs history)
  ++ Collected for new playlist: 'Blue Velvet' by 'Lana Del Rey'
  -- Skipped 'Paradise Circus' by 'Massive Attack' (Reason: is liked)
  -- Skipped 'Glory Box' by 'Portishead' (Reason: in all_recs history)
  -- Skipped 'Where Is My Mind? - 2007 Remaster' by 'Pixies' (Reason: in all_recs history)
  ++ Collected for new playlist: 'All My Life' by 'Foo Fighters'
  ++ Collected for new playlist: 'Walk On the Wild Side' by 'Lou Reed'
  -- Skipped 'Nothing Compares 2 U' by 'Sinéad O'Connor' (Reason: is liked)
  ++ Collected for new playlist: 'This Is Not a Love Song' by 'Public Image Ltd.'
  -- Skipped 'Fade Into You' by 'Mazzy Star' (Reason: in all_recs history)
  ++ Collected for new playlist: 'It's My Life - 1997 Remaster' by 'Talk Talk'
  ++ Collected for new playlist: 'Sweet Child O' Mine' by 'Guns N' Roses'
  ++ Collected for new playlist: 'Reckoner' by 'Radiohead'
  -- Skipped 'Summertime' by 'Ella Fitzgerald' (Reason: is liked)
  ++ Collected for new playlist: 'Killing Me Softly With His Song' by 'Roberta Flack'
  -- Skipped 'Love Will Tear Us Apart - 2020 Remaster' by 'Joy Division' (Reason: in all_recs history)
  ++ Collected for new playlist: 'Everybody Hurts' by 'R.E.M.'
  -- Skipped 'Enjoy the Silence' by 'Depeche Mode' (Reason: in all_recs history)
Added 10 new songs this turn.
Total collected for new playlist so far: 10/20

--- Gemini Request Attempt 2/10 ---

Sending request to Gemini with 3 messages in history...
Received 20 validly structured recommendations from Gemini.
Gemini suggested 20 songs. Verifying on Spotify and filtering...

Verifying recommended songs on Spotify...
  Found on Spotify: 'Little Fluffy Clouds - Dance Mix 2' by The Orb
  Found on Spotify: 'Sour Times' by Portishead
  Found on Spotify: 'Daydreaming - 2012 Mix/Master' by Massive Attack
  Not found on Spotify: 'Porcelana' by Polo & Pan
  Found on Spotify: 'I Fink U Freeky' by Die Antwoord
  Found on Spotify: 'Two Weeks' by FKA twigs
  Found on Spotify: 'Genesis' by Grimes
  Found on Spotify: 'Lose Control (feat. Ciara & Fat Man Scoop)' by Missy Elliott
  Found on Spotify: 'The Less I Know The Better' by Tame Impala
  Found on Spotify: 'Breezeblocks' by alt-J
  Found on Spotify: 'Intro' by The xx
  Found on Spotify: 'You've Got The Love' by Florence + The Machine
  Found on Spotify: 'Chocolate' by The 1975
  Found on Spotify: 'Liability' by Lorde
  Found on Spotify: 'bad guy' by Billie Eilish
  Found on Spotify: 'LOYALTY. FEAT. RIHANNA.' by Kendrick Lamar
  Found on Spotify: 'HUMBLE.' by Kendrick Lamar
  Found on Spotify: 'Formation' by Beyoncé
  Found on Spotify: 'Rolling in the Deep' by Adele
  Found on Spotify: 'Somebody That I Used To Know - Tiësto Remix' by Gotye

Verified 19 songs as available on Spotify.
  ++ Collected for new playlist: 'Little Fluffy Clouds - Dance Mix 2' by 'The Orb'
  -- Skipped 'Sour Times' by 'Portishead' (Reason: in all_recs history)
  ++ Collected for new playlist: 'Daydreaming - 2012 Mix/Master' by 'Massive Attack'
  ++ Collected for new playlist: 'I Fink U Freeky' by 'Die Antwoord'
  ++ Collected for new playlist: 'Two Weeks' by 'FKA twigs'
  ++ Collected for new playlist: 'Genesis' by 'Grimes'
  ++ Collected for new playlist: 'Lose Control (feat. Ciara & Fat Man Scoop)' by 'Missy Elliott'
  -- Skipped 'The Less I Know The Better' by 'Tame Impala' (Reason: in all_recs history)
  ++ Collected for new playlist: 'Breezeblocks' by 'alt-J'
  ++ Collected for new playlist: 'Intro' by 'The xx'
  ++ Collected for new playlist: 'You've Got The Love' by 'Florence + The Machine'
  ++ Collected for new playlist: 'Chocolate' by 'The 1975'
Added 10 new songs this turn.
Total collected for new playlist so far: 20/20

Collected 20 final new songs for 'New Gemini Recommendations'.
Found existing playlist: 'New Gemini Recommendations' (ID: 3LG30znhtVU4ZjAd3RkXFO)

Updating playlist 'New Gemini Recommendations' by replacing items...
Replacing 20 songs for playlist ID 3LG30znhtVU4ZjAd3RkXFO...
Successfully replacinged songs in playlist ID 3LG30znhtVU4ZjAd3RkXFO.
Successfully updated 'New Gemini Recommendations'. URL: https://t.co/eZKpc5OoCh

Appending 20 songs to 'All Gemini Recommendations'...
Adding 20 songs for playlist ID 6HGzAN8WttSQggqmGubwI0...
Successfully addinged songs in playlist ID 6HGzAN8WttSQggqmGubwI0.
Successfully appended songs to 'All Gemini Recommendations'. URL: https://t.co/NjlVuADVtT

Script finished.
[Finished in 28.0s]",Sat May 10 20:36:12 +0000 2025,0,scraped,1209
twitter_apify,tweet_1919556632796713410,,,i think spotify should feel really bad when they give me a song in my discover weekly i absolutely hate,Tue May 06 00:55:39 +0000 2025,0,scraped,20
twitter_apify,tweet_1911945597164179566,,,my spotify discover weekly pisses me off sooo bad every time something kinda decent comes on i check to see who it is and it turns out to be some freak named brittany broski or tate mccrae https://t.co/bWmaUoJiP0,Tue Apr 15 00:52:07 +0000 2025,0,scraped,38
twitter_apify,tweet_1911758033186664558,,,man spotify has such a influence on my drive to draw. if i have a bad discover weekly its so much harder to draw because for some reason new music just tickles my brain and makes me want to draw more.,Mon Apr 14 12:26:48 +0000 2025,0,scraped,41
twitter_apify,tweet_1902924814546813371,,,"pov: my spotify 'discover weekly' playlist actual has me discovering new music i actually like

(like, i thought spotify generated playlists were generationally bad??) https://t.co/bOHE0n9rKP",Fri Mar 21 03:26:45 +0000 2025,0,scraped,25
twitter_apify,tweet_1898535386777083976,,,"Spotify is bad. It is good that they collected all the music in one platform, but I'm hard pressed to think about anything else about it that is good.

They keep recommending a specific song in the ""Discover"" Weekly, which I don't like. But they apparently do not even register simply things such as that I keep skipping it.",Sun Mar 09 00:44:43 +0000 2025,0,scraped,59
twitter_apify,tweet_1894762053232951691,,,is it just me or did spotify discover weekly fall off bad. maybe i just have a really confusing music taste nowadays but i used to find so much good music on there and now there's nothing that good,Wed Feb 26 14:50:51 +0000 2025,0,scraped,39
twitter_apify,tweet_1868781824740409587,,,you ever hear a song so bad on your spotify discover weekly that it ruins your day,Mon Dec 16 22:14:41 +0000 2024,0,scraped,17
twitter_apify,tweet_1863222914461368665,,,@redsun405 if you're getting your music from Spotify discover weekly you are a bad person,Sun Dec 01 14:05:34 +0000 2024,0,scraped,15
twitter_apify,tweet_1861104916196139061,,,"Good discover weekly: my music taste is impeccable, I really am that guy

Bad discover weekly: man Spotify is retarded",Mon Nov 25 17:49:24 +0000 2024,0,scraped,20
twitter_apify,tweet_1859302057683095946,,,spotify discover weekly either hits extremely hard or offends me with how bad it is,Wed Nov 20 18:25:29 +0000 2024,0,scraped,15
twitter_apify,tweet_1857127080036848049,,,"i hate spotify discover weekly like... is that what you think i listen to? this isn't me, please spotify i have good taste you're making me look bad",Thu Nov 14 18:22:54 +0000 2024,0,scraped,28
twitter_apify,tweet_1857004663226151417,,,Spotify will literally create the most obscure playlists imaginable. The bad thing is that 80% of the songs would be the ones you already know. But there's also Discover Weekly which has a bunch of bangers sometimes,Thu Nov 14 10:16:27 +0000 2024,0,scraped,37
twitter_apify,tweet_1842366134450102528,,,Theres nothing more disappointing than a bad spotify discover weekly,Sat Oct 05 00:48:10 +0000 2024,0,scraped,10
twitter_apify,tweet_1827978419704913969,,,dear @Spotify pls fix my discover weekly. it has been bad for the last several weeks. ☹️ thank you🙏✨,Mon Aug 26 07:56:32 +0000 2024,0,scraped,19
twitter_apify,tweet_1820149848085078369,,,"🎉 Discover 320 new Japanese music releases (2024, week 31) 🌍 Now streaming worldwide on Spotify!

Dive into our weekly updated playlist 🎧
https://t.co/SHP0cIKcfB

#jmusic
#jpop
#jrock
#anisong

Ryo Yoshinaga
Vaundy
Aimyon
Ryokuoushoku Shakai
BUMP OF CHICKEN
Kocchi no Kento
ASIAN KUNG-FU GENERATION
LEX
Toaka
YUZU
My Hair is Bad
GLAY
yangskinny
THE RAMPAGE from EXILE TRIBE
jon-YAKITORY
OZworld
Miliyah
SUPER EIGHT
Little Glee Monster
SKY-HI
kZm
Atarayo
=LOVE
...",Sun Aug 04 17:28:35 +0000 2024,0,scraped,70
twitter_apify,tweet_1808628194741997869,,,maybe spotify discover weekly isnt just bad like every week... maybe spotify is just rlly committed to the bit ?? maybe its a silly lil prank on me???,Wed Jul 03 22:25:38 +0000 2024,0,scraped,28
twitter_apify,tweet_1808023509735821403,,,One more bad discover weekly and I will end my life @Spotify,Tue Jul 02 06:22:50 +0000 2024,0,scraped,12
twitter_apify,tweet_1806668234579447979,,,my discover weekly is so bad i’m going to kill myself in front of spotify headquarters,Fri Jun 28 12:37:28 +0000 2024,0,scraped,16
twitter_apify,tweet_1797984034951405775,,,i know someone’s praying on my downfall because my discover weekly on spotify was rlly bad,Tue Jun 04 13:29:33 +0000 2024,0,scraped,16
twitter_apify,tweet_1787458724879347771,,,"spotify discover weekly playlist so bad it makes you take a long, hard look at yourself",Mon May 06 12:25:44 +0000 2024,0,scraped,16
twitter_apify,tweet_1784966323438563794,,,The Discover Weekly on Spotify is either an entire list of new bangers I’m going to listen to on repeat the whole week or a list that makes me question if laws should be in place for releasing bad music.,Mon Apr 29 15:21:49 +0000 2024,0,scraped,40
twitter_apify,tweet_1769458413556162613,,,"🎉 Discover 252 new Japanese music releases (2024, week 11) 🌍 Now streaming worldwide on Spotify!

Dive into our weekly updated playlist 🎧
https://t.co/SHP0cIKcfB

#jmusic
#jpop
#jrock
#anisong

Fujii Kaze
SEKAI NO OWARI
NiziU
Hideyuki Hashimoto
¥ellow Bucks
My Hair is Bad
THE ORAL CIGARETTES
yangskinny
AK-69
SIRUP
AKB48
Cö shu Nie
iri
jon-YAKITORY
SKRYU
Mika Nakashima
Jin Dogg
Kazuyoshi Saito
WEDNESDAY CAMPANELLA
Illuminine
Haruomi Hosono
...",Sun Mar 17 20:18:55 +0000 2024,0,scraped,67
twitter_apify,tweet_1765428699560649177,,,do you ever get mad at spotify recommending a bad song for ur discover weekly or daylist like how dare you think i'd actually like this,Wed Mar 06 17:26:16 +0000 2024,0,scraped,26
twitter_apify,tweet_1765134020751298840,,,"For those of you who are new to the 👑DFD👑 community 

First off Welcome! You're going to like it here, and if you don't that's on you bc we're all awesome haahh

@JakeMontalbano and I started this bad boy, but we are in no way the 'leaders'.

It's a community for a reason, we just facilitate a lot of it

Some things to note: 
1. We have a weekly spaces here on Xitter - Every Tuesday at 2000 EST

2. In addition to the weekly spaces, every Tuesday we drop a deep-dive on the spaces topic in our newsletter 
👉 https://t.co/Sond8t6rGv

3. We also co-host 'The DadFit Dynasty 👑 Podcast. If you're into fitness and fatherhood, get in touch with one of us and we'd love to have you on!
Rumble: https://t.co/Uw3BbGEF8g
Youtube: https://t.co/mpeb1p8GaV
Apple: https://t.co/VUWNYSbmza
Spotify: https://t.co/rYavwCBRon

4. We are hosting the first-of-many IRL Men's retreat this July in the Catskills mountains in Upstate NY 
👉 https://t.co/F4mVHlaYhY

5. We have A LOT of free resources - I said we're all really cool, didn't I?
👉 Fitness Tracker: https://t.co/TwhcrqOPRM
👉 Intimacy Guide: https://t.co/nXIukWR62I
👉 Spaces Guide: https://t.co/wbjKA1DrnL
👉 Calisthenics: https://t.co/vYh6JHlHzQ
👉 First five pages of the book: https://t.co/Qq1VAA5coY

6. Speaking of 'the book', we are ALMOST done with it. What is it you ask? 
> Discover daily wisdom for modern fathers in this essential guide. 
Each page offers practical lessons for enhancing family life, nurturing your marriage, and personal growth. 
Timeless, clear, and concise - this book is your key to a more fulfilling journey in fatherhood and beyond

It's currently 50% off until we fully launch - We update it each week with more content, and you get lifetime updates!

👉 https://t.co/oX3DhQXhlM

6. We will be launching the 👑DFD👑 Skool community this year! 
Sign-up for updates for when we go live!
👉 https://t.co/EW4uO3zdB4",Tue Mar 05 21:55:19 +0000 2024,0,scraped,304
twitter_apify,tweet_1759300605892325668,,,"🎉 Discover 313 new Japanese music releases (2024, week 07) 🌍 Now streaming worldwide on Spotify!

Dive into our weekly updated playlist 🎧
https://t.co/SHP0cIKcfB

#jmusic
#jpop
#jrock
#anisong

YOASOBI
Hikaru Utada
Aimer
Uru
Lilas Ikuta
Kana Nishino
LANA
SPYAIR
Da-iCE
Sakurazaka46
Travis Japan
neguse.
My Hair is Bad
Kumi Koda
Seiko Matsuda
ReoNa
AKB48
TOMOO
yangskinny
...",Sun Feb 18 19:35:25 +0000 2024,0,scraped,57
twitter_apify,tweet_1756624199840358764,,,"🎉 Discover 228 new Japanese music releases (2024, week 06) 🌍 Now streaming worldwide on Spotify!

Dive into our weekly updated playlist 🎧
https://t.co/SHP0cIKcfB

#jmusic
#jpop
#jrock
#anisong

Ado
imase
Marcy
Rokudenashi
ATARASHII GAKKO!
NiziU
INI
BAD HOP
Miliyah
ATARAYO
SIRUP
AiNA THE END
Tokyo Ska Paradise Orchestra
WEDNESDAY CAMPANELLA
Masayoshi Oishi
TUBE
Gackt
Momoiro Clover Z
SHO-SENSEI!!
Humbreaders
SG
...",Sun Feb 11 10:20:20 +0000 2024,0,scraped,61
twitter_apify,tweet_1754518517615898657,,,"Spotify really just tried to put Yoko Ono on my discover weekly. It's been bad lately, but at this point I might just have to cancel.",Mon Feb 05 14:53:06 +0000 2024,0,scraped,26
twitter_apify,tweet_1754019254557376675,,,"don't get me wrong, i love spotify. without the app, i wouldn't have discovered like half of the artists and songs i listen to today. that being said, though, oh my god, does their algorithm suck sometimes.

often times when i'm listening to my discover weekly, i will let a song play through completely. (unless it's just that bad that i can't stand it.) but, if there's a song i like, i will add it to my liked songs and then later put it in one of my playlists.

so tell me why spotify puts artists i don't remember in my release radar. and i know why it does it, too. because i listened to a song from that artist completely through. it's so frustrating because i end up with a release radar similar to my discover weekly. nearly half of the playlist is full of songs i don't care for.",Sun Feb 04 05:49:13 +0000 2024,0,scraped,151
twitter_apify,tweet_1749362967282356714,,,Up at 3am listening to my Spotify Discover Weekly. Shit not bad ngl it's recommending me pretty decent smaller artists.,Mon Jan 22 09:26:47 +0000 2024,0,scraped,20
twitter_apify,tweet_1747024694857945334,,,whenever Spotify gives me a bad discover weekly I feel personally attacked,Mon Jan 15 22:35:20 +0000 2024,0,scraped,12
twitter_apify,tweet_1746406940899508484,,,When Spotify just nails your Discover Weekly for the 2nd week in a row. Not one bad song... https://t.co/FKghhz4iuP,Sun Jan 14 05:40:36 +0000 2024,0,scraped,19
twitter_apify,tweet_1745607624798912631,,,my discover weekly is so bad. does my spotify even know me 😔,Fri Jan 12 00:44:24 +0000 2024,0,scraped,13
twitter_apify,tweet_1745343517986066663,,,Every week I try and listen to my discover weekly on Spotify to find new songs and it seriously makes me wanna throw my phone the way these songs are so bad. I think I’ve added one song to a playlist in the last 2 months,Thu Jan 11 07:14:56 +0000 2024,0,scraped,46
twitter_apify,tweet_1732221048987238788,,,spotify please stop recommending me songs on my discover weekly with emo all lowercase titles from white boys strumming on guitar with bad vocals and lazy lyrics im tired of having to remove them every week,Wed Dec 06 02:10:55 +0000 2023,0,scraped,36
twitter_apify,tweet_1731819325013496183,,,spotify discover weekly so bad it’s offensive that they suggested it to you,Mon Dec 04 23:34:37 +0000 2023,0,scraped,13
twitter_apify,tweet_1729596963375444020,,,My discover weekly playlist on Spotify this week is atrociously bad. Usually it’ll have hidden gems but this week it’s stuff like Fergie x London Bridge and Tinashe x 2 on. I like both songs but not really the type of songs to ‘discover’ 😕,Tue Nov 28 20:23:45 +0000 2023,0,scraped,45
twitter_apify,tweet_1722789376323657948,,,y’all’s spotify discover weekly ever so bad like why would you think i would enjoy that,Fri Nov 10 01:32:49 +0000 2023,0,scraped,16
twitter_apify,tweet_1716549548410356059,,,My discover weekly on spotify has been so shit lately idk what I've been listening to to make it so bad but it's the opposite of music I like there was a fucking imagine dragons song on it this week WHERE DID I GO WRONG,Mon Oct 23 20:17:58 +0000 2023,0,scraped,45
twitter_apify,tweet_1713606540928712962,,,"Discover Weekly on spotify went from being my best way to find new artists, to horrible awful bad no-good garbage",Sun Oct 15 17:23:31 +0000 2023,0,scraped,20
twitter_apify,tweet_1712376134812500257,,,"@MythicalChef Yelp and tik tok food influencers/reviewers all gotta go. Scary amount of power in a couple peoples hands, one bad review and you have to rebrand. 

In its place, a Spotify for food should be implemented. Discover weekly, friends playlists, new releases, curated playlists, etc.",Thu Oct 12 07:54:19 +0000 2023,0,scraped,46
twitter_apify,tweet_1712323673678352712,,,The only reason you can justify having a bad week is when it's Thursday and you haven't fully worked through your Spotify Discover Weekly playlist,Thu Oct 12 04:25:51 +0000 2023,0,scraped,25
twitter_apify,tweet_1704189395610505300,,,"my discover weekly reallllly hitting the spot this week

Spotify is so clearly the superior music streaming app I feel bad for anyone who uses Apple Music",Tue Sep 19 17:43:08 +0000 2023,0,scraped,27
twitter_apify,tweet_1696310044093251719,,,My spotify discover weekly is so fucking bad it makes me want to kill myself,Mon Aug 28 23:53:25 +0000 2023,0,scraped,15
twitter_apify,tweet_1695315774900957626,,,I’m not a hater but I just heard a song on my Spotify discover weekly so bad I blocked the artist,Sat Aug 26 06:02:32 +0000 2023,0,scraped,21
twitter_apify,tweet_1693653900031611208,,,i swear to god i add a couple songs that i like from discover weekly once and then the recommendations are borked for weeks. what are you psychos at spotify making me listen to? Why do you think i want to hear half-baked math rock so bad,Mon Aug 21 15:58:50 +0000 2023,0,scraped,47
twitter_apify,tweet_1688638042280525824,,,"Anyway, since Spotify did a bad job at discover weekly, have this gem. I found  it with my own two hands. You can keep it for ur collection and try for the legendary crown of wonder. Or I can buy it from you if you’d like. Let me see what I can offer.

https://t.co/xdl7JZgwag",Mon Aug 07 19:47:37 +0000 2023,0,scraped,54
twitter_apify,tweet_1685929525509804032,,,every time my discover weekly is bad i kidnap one spotify employee,Mon Jul 31 08:24:56 +0000 2023,0,scraped,12
twitter_apify,tweet_1683485334812622854,,,"my spotify is so messed up , my discover weekly is so bad",Mon Jul 24 14:32:36 +0000 2023,0,scraped,13
twitter_apify,tweet_1683107880059170817,,,Sometimes my Spotify “Discover Weekly” playlist is so bad it makes me rethink my entire taste in music,Sun Jul 23 13:32:43 +0000 2023,0,scraped,18
twitter_apify,tweet_1681391915667685406,,,"So I was driving home listening to Spotify,  they have this discover weekly playlist they create for you based on your listening. A cover for Bohemian Rhapsody came on by ""Chuggaboom"" autotune/screamo cover. All I'm gonna say is YIKES😭😭😭😭 it was sooo bad. #Spotify https://t.co/6tfkkcU5oO",Tue Jul 18 19:54:06 +0000 2023,0,scraped,45
twitter_apify,tweet_1673811653916254208,,,it feels like a slap in the face when spotify gives you a bad song in your discover weekly,Tue Jun 27 21:52:50 +0000 2023,0,scraped,19
twitter_apify,tweet_1671931154134609920,,,when I listen to bad music all week and then Spotify puts bad music into my Discover Weekly https://t.co/iBlnKGobd7,Thu Jun 22 17:20:24 +0000 2023,0,scraped,19
twitter_apify,tweet_1670863834729283594,,,I can tell if my week is going to be bad based off my spotify discover weekly,Mon Jun 19 18:39:16 +0000 2023,0,scraped,17
twitter_apify,tweet_1668264694413402112,,,who at spotify did i piss off to make my discover weekly so bad,Mon Jun 12 14:31:12 +0000 2023,0,scraped,14
twitter_apify,tweet_1664293478719709184,,,"The fucking GROAN I just let out could have shaken the very mountains. 

Please stop, @Spotify. It’s already bad enough that you let AI-generated bands and music on the platform and slip them into my Discover Weekly. https://t.co/jCUZmEpzLq",Thu Jun 01 15:31:01 +0000 2023,0,scraped,38
twitter_apify,tweet_1664243166524895232,,,"any of you use spotify?

is discover weekly really bad for all of you or is it just me? im tired of this app failing its basic functions.",Thu Jun 01 12:11:05 +0000 2023,0,scraped,28
twitter_apify,tweet_1663657619330945030,,,is it just me or does spotify discover weekly only give u really lame bad expirimental music,Tue May 30 21:24:20 +0000 2023,0,scraped,17
twitter_apify,tweet_1658077653545484289,,,"Spotify is being savage with my Discover Weekly playlist lately. Filled with upbeat songs about bad dating experiences, nihilism and eating disorders. Brutal and hilarious in equal measure. 

You sunk my battleship Spotify. Well done mate.",Mon May 15 11:51:32 +0000 2023,0,scraped,36
twitter_apify,tweet_1658012007415836672,,,Spotify needs an incognito listening mode or something. I want to listen to/try out different stuff without the sins of my bad taste haunting my Spotify Wrapped or corrupting my weekly discover recommendations,Mon May 15 07:30:41 +0000 2023,0,scraped,33
twitter_apify,tweet_1654532916590903299,,,I finally checked my Spotify discover weekly this morning and my repeating the tristamp ost did such incredibly bad things to it,Fri May 05 17:06:01 +0000 2023,0,scraped,22
twitter_apify,tweet_1653544501472886785,,,"some of the ""deep cuts"" spotify gives me in my discover weekly r just the most rancid songs i've ever heard. like i didn't think my music taste was that bad...",Tue May 02 23:38:25 +0000 2023,0,scraped,31
twitter_apify,tweet_1650703277032370176,,,"@vlhyuuk_ spotify is a whole wreck with discover weekly, mine’s always bad too 😭",Tue Apr 25 03:28:24 +0000 2023,0,scraped,14
twitter_apify,tweet_1642864309037408256,,,challenge where spotify doesnt make the most insanely awful and bad discover weekly,Mon Apr 03 12:19:08 +0000 2023,0,scraped,13
twitter_apify,tweet_1641775981735100416,,,The Spotify DJ is a really fun idea but how could the company that nailed Daily Mix and Discover Weekly so hard produce something with such bad flow between songs and such questionable recos? It feels almost like an entirely random shuffle?,Fri Mar 31 12:14:31 +0000 2023,0,scraped,42
twitter_apify,tweet_1639713242594304001,,,"spotify will embarrass you so bad. i was listening to my discover weekly and bopping to a song i hadn't heard before. i get a text from a from ""NAWT you listening to ben platt"" AAKDKSJDKDLFLGH",Sat Mar 25 19:37:56 +0000 2023,0,scraped,36
twitter_apify,tweet_1639297053670137856,,,Sometimes the songs on my Spotify Discover Weekly playlist are soo bad that it hurts my feelings?? Why did you think I’d like this garbage!!,Fri Mar 24 16:04:08 +0000 2023,0,scraped,25
twitter_apify,tweet_1635600324781043713,,,"After 12 consecutive weeks of scientific research*, I can conclude that 98% of indie music is bad 

*Bibliography: 
Spotify discover weekly",Tue Mar 14 11:14:40 +0000 2023,0,scraped,21
twitter_apify,tweet_1630300881936842753,,,"im glad i saw other people saying it recently but it is truly astonishing how bad discover weekly has become on spotify in the last year or so, it used to have like, a 50/50 ratio for good to bad songs which i was willing to accept and it is like 2/98 now",Mon Feb 27 20:16:34 +0000 2023,0,scraped,53
twitter_apify,tweet_1630216283705823232,,,my discover weekly on spotify has been so bad lately . i used to get so much joy from finding new music from this and now its awful,Mon Feb 27 14:40:24 +0000 2023,0,scraped,28
twitter_apify,tweet_1627800544768040960,,,"hey Spotify, I know I got broken up with but I’m tryna listen to some bad bitch anthems not songs of yearning, can you step it up on next weeks discover weekly please and thanks",Mon Feb 20 22:41:07 +0000 2023,0,scraped,35
twitter_apify,tweet_1626661375190904832,,,"sometimes theres a song so bad on my discover weekly it makes me feel embarrassed... like they thought i would like this? this is what everyone thinks of me? it's like spotify is holding up the ugliest shirt you've ever seen at the thrift and saying ""you would soo rock this""",Fri Feb 17 19:14:28 +0000 2023,0,scraped,51
twitter_apify,tweet_1626246281227038721,,,my spotify discover weekly is so bad yall can i get some song reccs,Thu Feb 16 15:45:02 +0000 2023,0,scraped,14
twitter_apify,tweet_1623406583760965632,,,today might be a bad day but hey at least my spotify discover weekly slaps as hard as,Wed Feb 08 19:41:05 +0000 2023,0,scraped,18
twitter_apify,tweet_1620879408516198401,,,Sometimes my discover weekly is so bad it's almost jarring. Like what did I listen to that would make Spotify suggest this garbage to me 😫,Wed Feb 01 20:19:00 +0000 2023,0,scraped,26
twitter_apify,tweet_1620491872488804353,,,Spotify discover weekly feels like a personal attack … it’s so bad. This music is so bad. Im sick to my stomach imagining a person who enjoys this stuff,Tue Jan 31 18:39:04 +0000 2023,0,scraped,29
twitter_apify,tweet_1619136685648011264,,,Sometimes Spotify really misses the mark. Not a single song that appeals to me in their discover weekly section. It’s all bad. No clue what I listened to which made the bot believe I was into 50’s Hawaiian-themed music. https://t.co/AE5Cz8SJVd,Sat Jan 28 00:54:02 +0000 2023,0,scraped,40
twitter_apify,tweet_1618299212231487488,,,Spotify wants me to like the song Archie Marry Me soooooo bad I get it in my discover weekly about 2x a month,Wed Jan 25 17:26:13 +0000 2023,0,scraped,23
twitter_apify,tweet_1616184423132577830,,,Spotify is giving me the most god awful songs in my discover weekly.  How did I mess up the algorithm this bad.,Thu Jan 19 21:22:48 +0000 2023,0,scraped,22
twitter_apify,tweet_1615482542987280387,,,sometimes my spotify discover weekly is so bad that i actually take offense,Tue Jan 17 22:53:47 +0000 2023,0,scraped,13
twitter_apify,tweet_1612531608342659072,,,"@razor_night @iampylot spotify is so bad at building my discover weekly playlist because genre has little to do with what kind of music i listen to. like yeah maybe i listen to a lot of x genre but that doesn't mean im gonna like more of it that's recommended, im more attracted to chord choice/melody",Mon Jan 09 19:27:49 +0000 2023,0,scraped,55
twitter_apify,tweet_1606883502905036800,,,@xaeIas i support this decision but if u don't please send me funny ones at least my feed is all bad (read: kids with youtube recommendation/spotify discover weekly generated taste trying to be elitist) music takes or japanese comedy 🥹🥹🥹,Sun Dec 25 05:24:16 +0000 2022,0,scraped,40
twitter_apify,tweet_1600302020291764224,,,There’s nothing that pisses me off more than a bad discover weekly on Spotify like do better,Wed Dec 07 01:31:48 +0000 2022,0,scraped,17
twitter_apify,tweet_1597453253851381764,,,my discover weekly b so bad sometimes i actually get offended that this is what spotify thinks i would like,Tue Nov 29 04:51:49 +0000 2022,0,scraped,20
twitter_apify,tweet_1596158623293800449,,,my spotify discover weekly algorithm wants me to be a let’s eat grandma fan so bad,Fri Nov 25 15:07:25 +0000 2022,0,scraped,16
twitter_apify,tweet_1596140138144288768,,,sometimes when i want to k word myself i go on spotify and try to find new silly music to add to my silly playlists but my discover weekly is so fucking bad this week i might just off myself this time,Fri Nov 25 13:53:58 +0000 2022,0,scraped,42
twitter_apify,tweet_1591262072876433409,,,You think that you’re having a bad week? My Spotify Discover Weekly was WAY off….,Sat Nov 12 02:50:17 +0000 2022,0,scraped,15
twitter_apify,tweet_1587818923931607044,,,"The Spotify intern in charge of making my discover weekly playlist watching me spin Bad Bunny, then King Von, then Sepultura, then Carrie Underwood, then High School Musical, then Black Veil Brides then Megan Thee Stallion https://t.co/aj8f4BfHPO",Wed Nov 02 14:48:26 +0000 2022,0,scraped,37
twitter_apify,tweet_1582551582717378560,,,my discover weekly is fire but it also shows how down bad I am lmao #spotify,Wed Oct 19 01:57:54 +0000 2022,0,scraped,16
twitter_apify,tweet_1579594724302000128,,,i’m offended by what spotify has given me for my discover weekly. so bad this week pls stop,Mon Oct 10 22:08:24 +0000 2022,0,scraped,18
twitter_apify,tweet_1579270943330824192,,,spotify discover weekly was so shit im in a bad mood now,Mon Oct 10 00:41:48 +0000 2022,0,scraped,12
twitter_apify,tweet_1577669252135456771,,,on my spotify discover weekly this week is a song called 'nutted by reality' from an album called 'jesus of cool' and its not even bad https://t.co/zP7sOXpqnD,Wed Oct 05 14:37:16 +0000 2022,0,scraped,27
twitter_apify,tweet_1577011145256316928,,,why has my discover weekly been SOOO bad recently do you guys have something against me be honest @Spotify,Mon Oct 03 19:02:11 +0000 2022,0,scraped,19
twitter_apify,tweet_1576951123390255105,,,"Overall, the @Spotify recommendations are not bad, but it's annoying that Discover Weekly often ""recommends"" songs that I already had in my playlist in the past and then removed.",Mon Oct 03 15:03:40 +0000 2022,0,scraped,29
twitter_apify,tweet_1573152797104934912,,,"Attn #Spotify listeners! My debut single She’s Good, She’s Bad is live on Weekly Discover Playlist! Could you do me a solid and check out the link below ! 

#playlist #music #musician #musicianlifestyle

https://t.co/X0jyXLYVYk",Fri Sep 23 03:30:29 +0000 2022,0,scraped,34
twitter_apify,tweet_1572803321681039360,,,"Such a bad UX on @Spotify 

Left: Player when playing Liked playlist has like button on right side
Right: Player when playing Discover weekly has like button on left side and discard on right https://t.co/nLVOUn4rQ0",Thu Sep 22 04:21:47 +0000 2022,0,scraped,35
twitter_apify,tweet_1569345885586313225,,,My Spotify discover weekly always gets it WRONG the songs are BAD,Mon Sep 12 15:23:10 +0000 2022,0,scraped,12
twitter_apify,tweet_1559912409820798977,,,Shani judging my spotify activity as if im even enjoying it (its discover weekly and its all bad),Wed Aug 17 14:37:54 +0000 2022,0,scraped,18
twitter_apify,tweet_1559034054300688384,,,Im starting to get offended at how bad the songs spotify is putting on my discover weekly https://t.co/ZbQUzIRlFw,Mon Aug 15 04:27:38 +0000 2022,0,scraped,18
twitter_apify,tweet_1557764971840393216,,,The bad part about listening to all kinds of music is my Spotify discover weekly is just fucked.,Thu Aug 11 16:24:45 +0000 2022,0,scraped,18
twitter_apify,tweet_1556670550109409280,,,Is having bad spotify discover weekly every wk the equivalent of “if it smells like shit everywhere u go check the bottom of ur shoe”,Mon Aug 08 15:55:55 +0000 2022,0,scraped,25
twitter_apify,tweet_1554539268827017216,,,the week off to a rough start. spotify discover weekly playlist was very bad!,Tue Aug 02 18:46:58 +0000 2022,0,scraped,14
twitter_apify,tweet_1553337454953828352,,,"@fergusonpj1 Very much the opposite for me. I listen to Discover Weekly &amp; Release Radar all the time but had little interest in exploring new artists pre-Spotify/Pandora. (Yeah, I have bad taste in music, and I'm okay with that.)",Sat Jul 30 11:11:23 +0000 2022,0,scraped,39
twitter_apify,tweet_1552144313399869440,,,spotify discover weekly will recommend you music you didnt even know existed and its all bad,Wed Jul 27 04:10:16 +0000 2022,0,scraped,16
twitter_apify,tweet_1549205274795380736,,,Mondays are bad sometimes but Monday’s ALSO mean that my Spotify discover weekly automatically resets,Tue Jul 19 01:31:35 +0000 2022,0,scraped,15
twitter_apify,tweet_1536370890057089024,,,Stop putting bad New Order covers on my Discover Weekly @Spotify,Mon Jun 13 15:32:19 +0000 2022,0,scraped,11
twitter_apify,tweet_1535602788192886784,,,"Spotify has put Shortparis on my discover weekly and I am really enjoying their song. Anyone know of any reasons why it would be bad to get into them? According to wikipedia they have protested the war so I'm feeling pretty safe, but welcome other info/views.",Sat Jun 11 12:40:09 +0000 2022,0,scraped,46
twitter_apify,tweet_1532148634460082176,,,"Spotify has some bad issues right now.

Release Radar is being abused with lazy artists putting fake collaborators/features to force themselves in the algorithm.

Discover Weekly is full of lazy artists making 'chopped' 'edited' 'slowed down' versions of liked artists' songs.",Wed Jun 01 23:54:35 +0000 2022,0,scraped,41
twitter_apify,tweet_1531544275795726338,,,You know it's going to be a bad day when your Spotify Discover Weekly brings you no good songs.,Tue May 31 07:53:04 +0000 2022,0,scraped,19
twitter_apify,tweet_1529166872658198528,,,i use spotify near DAILY like most of my day. why is my discover weekly SO BAD every week. make it make sense.,Tue May 24 18:26:07 +0000 2022,0,scraped,23
twitter_apify,tweet_1526462024573657088,,,"My Discover Weekly is getting so bad... but I can't blame you @Spotify.

If I had to recommend stuff to someone who listens to Michel Sardou, Katy Perry, Black Sabbath &amp; Hot Sugar in a row, I wouldn't know what to do either.",Tue May 17 07:18:01 +0000 2022,0,scraped,43
twitter_apify,tweet_1522322713460850694,,,I don’t understand how my Spotify discover weekly is so bad every week,Thu May 05 21:09:52 +0000 2022,0,scraped,13
twitter_apify,tweet_1522271827812306945,,,"Spotify put a bunch of groups I had never heard of on my discover weekly and I was like, hmm that’s not a language I’ve heard before… they’re Q-pop boy groups from Kazakstan. Not bad, not bad…",Thu May 05 17:47:40 +0000 2022,0,scraped,37
twitter_apify,tweet_1521270441226256385,,,Thinking about what I must have listened to to make my Spotify discover weekly playlist so bad https://t.co/jVwnAkz7C8,Mon May 02 23:28:31 +0000 2022,0,scraped,18
twitter_apify,tweet_1519034528853106689,,,my spotify discover weekly playlist was so bad just now that I paused the music and drove in silence,Tue Apr 26 19:23:48 +0000 2022,0,scraped,19
twitter_apify,tweet_1518282844602306565,,,My Spotify playlists are so different. My discover weekly is filled with gems but Release Radar has been bad for a while now.,Sun Apr 24 17:36:53 +0000 2022,0,scraped,23
twitter_apify,tweet_1516133545449861124,,,"Iedere week weer prachtige pareltjes in mijn Spotify Discover Weekly playlist, met deze week prachtige nummers van oa Nick Cave &amp; The Bad Seeds, Alim Qasimov, Nordmann, Parra for Cuva en Fred Again... https://t.co/dgrKAQImUA",Mon Apr 18 19:16:20 +0000 2022,0,scraped,34
twitter_apify,tweet_1513903131050102787,,,Why does my Spotify discover weekly suck so bad every week there is not a single jam on this playlist,Tue Apr 12 15:33:28 +0000 2022,0,scraped,20
twitter_apify,tweet_1511495203953258498,,,weekly discover is so bad tf is spotify algorithm tryna tell me,Wed Apr 06 00:05:13 +0000 2022,0,scraped,12
twitter_apify,tweet_1510941218733273095,,,I take it personally when my discover weekly is bad. Not because I have bad music taste (I don’t) but because Spotify thinks I would like these songs.,Mon Apr 04 11:23:53 +0000 2022,0,scraped,28
twitter_apify,tweet_1510693475813109766,,,There is no worse heartbreak than getting a bad discover weekly on Spotify,Sun Apr 03 18:59:26 +0000 2022,0,scraped,13
twitter_apify,tweet_1506357366824091653,,,My Spotify discover weekly sounds like ass it’s so bad my god,Tue Mar 22 19:49:17 +0000 2022,0,scraped,12
twitter_apify,tweet_1502423189728624640,,,I will litcherally never want ~relaxation~ music recommendations to appear in my Release Radar or Discover Weekly playlists on Spotify?? Listened to ONE ~sleep playlist~ months ago and I'm still being inundated w/ bad recos I don't need 😫,Fri Mar 11 23:16:16 +0000 2022,0,scraped,39
spotify_community,community_17295672452921724,,Why are recommendations so terrible,"The recommendations s*ck: - Listened to a few anime covers, now all my ""Discover Weekly"" is filled with disgusting covers. I'm trying to ""not like"" all of them, but it doesn't work. - In-playlist recommendations: the algorithm is as dumb as it can be: songs from the same artists, songs from the same country/related. How about actually recommending interesting songs based on the playlist? - You can't clean history. **bleep**, I've stopped listening to rock years ago and still get rock recommendations.",,0,scraped,82
spotify_community,community_-110604029623574023,,Re: Why are recommendations so terrible,"Hello @grandterr ! Thanks for your feedback. I suggest that you keep listening to the songs that you like. That way, the songs that you'll be recommended will be more similar to your music taste. Note that the songs that you listen to in private sessions may not influence your music recommendations. Hope this helps! Jose_M Spotify Star Help others find this answer and click ""Accept as Solution"". If you appreciate my answer, maybe give me a Like. Note: I'm not a Spotify employee.",,0,scraped,84
spotify_community,community_-5279219438435332538,,Re: Why are recommendations so terrible,"All songs that I got recommended in the past years are very similar to my most dominant music taste. But that's exactly the problem. It's >50% the same albums on every (weekly?) update. Often I'll listen to a song, at some point decide that I don't like it, and skip to the next on the song. Alas there is no ""dislike"" as Discover Weekly has, and the recommendation algorithm doesn't seem to pay attention to skipping. Also, I don't want to listen to my dominant genre all the time. My Daily Mix does reflect my diverse taste, I normally get 6 of them. Similarity of genre shouldn't be the only criterion. Diverse listeners should get diverse recommendations.",,0,scraped,117
spotify_community,community_7604612141912758025,,Unable to remove songs from Discover Weekly,"I'm on the premium plan, using the Windows desktop app version of Spotify. I'm trying to remove a song from my Discover Weekly playlist, since it's been there before and I didn't think much of it the first time. The button to do this has been removed. I can find old posts explaining where it is, and it's not there any more. How do I remove this song from my playlist? Solved! Go to Solution.",,0,scraped,75
spotify_community,community_2296512699060034962,,Re: Unable to remove songs from Discover Weekly,"The Hide button is now back on Desktop for 100% of users. If you don't see it, please update the App to its latest version and/or close/reopen the App a few times for it to take effect. Thanks again for your patience and comments. View solution in original post",,0,scraped,49
spotify_community,community_6065142195265400470,,Re: Unable to remove songs from Discover Weekly,"Every week, before I start listening to the new DW songs and reject the ones I dislike, I save the entire 30 songs to a separate playlist for archival. Did all 52 weeks last year, and haven't missed a week this year neither. Besides enjoying the collection, I also do this because I don't always get the time to listen each week's DW and enjoy going through them properly later. But since your recent changes to how songs can be added to a playlist / Liked, every song in DW is now auto-liked after archival. And I can no longer click ""Remove"" on the songs I don't like in DW to curate next week's list. Please let me save songs without ""Liking"" them, I ❤️ Discover Weekly, but it's ruined ATM.",,0,scraped,131
spotify_community,community_2664189769709025699,,Re: Unable to remove songs from Discover Weekly,"Hey folks, Thanks for reaching out about this here in the Community. We're making some internal changes which means that for now you won't be able to hide songs on Discover Weekly from your Desktop. We understand your frustration and are working on resolving this issue as soon as possible. Thanks for your understanding. Cheers! Eni Moderator Help others find this answer and click ""Accept as Solution"" . If you appreciate my answer, maybe give me a Like . “Music acts like a magic key, to which the most tightly closed heart opens.”– Maria von Trapp",,0,scraped,96
spotify_community,community_-6753958306523925278,,Re: Unable to remove songs from Discover Weekly,"Hi, this issue appeared on my side when I opened Spotify this week. I am assuming its due to some update. Edit: Realised the thread was for archiving, will create a new one Edit 2: Issue thread already exists and confirmed ( https://community.spotify.com/t5/Desktop-Windows/Fix-Show-quot-Hide-quot-Button-For-Discover-Weekly-... ) Spotify for Windows (64 bit) 1.2.53.438.g246d60c9",,0,scraped,50
spotify_community,community_4271428080287149149,,Chinese songs title suddenly translated to ENGLISH ??,"I listen to both English and Chinese songs and since last week I released that LOTS and LOTS of songs with chinese characters suddenly got replaced by English, either in PinYin or direct translation. Now most of the songs title are NOT RECOGNISABLE. This happen and I believe could be due to following. 1) This is a translation algorithm within Spotify. 2) This is the metadata provided by the record company. If it is (1), please fix it. If it is (2), don't Spotify have a policy to insist that metadata supplied by record owner MUST BE IN NATIVE LANGUAGE? This is a deal breaker NOW after being a premium user for a long time and I really enjoy Spotify. Attached a playlist of chinese songs curated by Spotify and the circled portions are example of what happen since last week. Plan Premium Country Singapore Device (iPhone 13 Pro Max, Samsung Tab S8) Operating System (iOS 15.5, Android 11) My Question or Issue Solved! Go to Solution.",,0,scraped,167
spotify_community,community_-4656544498628067087,,Re: Chinese songs title suddenly translated to ENGLISH ??,Hey folks! In connection to the recent test for the way multilingual data is used - we are working to revert the translated titles! The change should be reflected soon 🙂 Clear your cache if you continue to experience issues. Thanks & cheers! Jump to reply,,0,scraped,46
spotify_community,community_-4656544498628067087,,Re: Chinese songs title suddenly translated to ENGLISH ??,Hey folks! In connection to the recent test for the way multilingual data is used - we are working to revert the translated titles! The change should be reflected soon 🙂 Clear your cache if you continue to experience issues. Thanks & cheers!,,0,scraped,43
spotify_community,community_173661172042660164,,Re: Chinese songs title suddenly translated to ENGLISH ??,"Thanks Spotify for the reversal. I checked some of my playlists and they are now back to Chinese characters. If you still did not see the change, delete and reinstall the app, it works for me. View solution in original post",,0,scraped,41
spotify_community,community_-6042973095621984601,,Re: Chinese songs title suddenly translated to ENGLISH ??,"Yep, same thing with the issue here and it's annoying. Hopefully this will be fixed very quickly, I would dislike having to switch to another streaming platform.",,0,scraped,27
spotify_community,community_6499190865353762239,,Re: Chinese songs title suddenly translated to ENGLISH ??,"This happened to me too, upset as all the songs are unrecognisable - some changed to pinyin, some translated to english. What is We Will by JJ Lin??!! Dear Spotify, bilingual people exist! Please fix this.",,0,scraped,36
spotify_community,community_-6489086844363957897,,Re: Chinese songs title suddenly translated to ENGLISH ??,"Spotify, if you are to reverse this multilingual test as promised, do also change the names of the artists to their native languages, they deserve it. As an example (attached image), would expect the change to reflect as follow. BEST SOLUTION 男人女人 許茹芸 ALTERNATIVE 男人女人 (Men and Women) 許茹芸 (Valen Hsu) As mentioned by many users, it is also acceptable to provide a switch for users to switch.",,0,scraped,68
spotify_community,community_463151220083078637,,Discover Weekly keeps recycling the same songs,"Discover Weekly was a great service at first. I've found some really good music through it that I probably wouldn't otherwise. Then, a few months ago, I started getting the same tracks again. The first week with any duplicates actually had a song from the week before on it. How does that make any sense? How does that help me find new music? Isn't the purpose of ""Discover Weekly"" to discover things? Ever since then, every week's been about half duplicates (that I can remember, anyway, there might be more) of songs that've been on there since I started keeping up with it, back in August. I'm asking about this now, because this week, there were 5-10 songs that had already been on Discover Weekly twice, making this the third time I ""discovered"" them. These aren't songs that I added to any playlists, or saved, or listened to more from the artist, or gave any indication that I liked. I try to play every (new) song on Discover through once to give it a chance. I do that for all of them, and that's the only explanation I can think of. I've heard that skipping a song before 30 seconds marks it disliked, and it won't come up again, but I skipped some of those tracks already, and now they're back a third time. This week, I only count 9 tracks that I don't remember from Discover already. I'd like it if there was a way to get Discover to stop recommending edgy cybergoth music (we've all had times the algorithm missed the mark), but weeding out duplicates seems like a no-brainer that's critical to the whole purpose of Discover Weekly.",,0,scraped,281
spotify_community,community_-3275580931470423410,,Re: Discover Weekly keeps recycling the same songs,"Hey everyone, Thanks for reaching out about this to the Community. Note that there are several reasons why you might see the same song come up in your Discover Weekly more than once. One of them is that the song was released as part of multiple albums. Because of this it's identified by the system as a separate track. It's also possible that the song got removed and re-uploaded with a different version. In order avoid this from happenings and to get more diverse recommendations on your Discover Weekly in general, we suggest that you do the following: Make sure you're not listening to Spotify in Private Session Save your favorite songs and listen to music you like Unfollow your Discover Weekly playlist, and then follow it again under 'Browse > Discover' By following these steps and expanding your music collection you can give the algorithm a little push and should start seeing new suggestions, more in synch with your taste after a couple of integrations of your Discover Weekly. In order to be able to better address your individual issues with the playlist, we're closing off this thread for new comments. If you continue to experience any difficulties, you can always create a new thread in the relevant help board. Cheers! Jump to reply",,0,scraped,215
spotify_community,community_-3275580931470423410,,Re: Discover Weekly keeps recycling the same songs,"Hey everyone, Thanks for reaching out about this to the Community. Note that there are several reasons why you might see the same song come up in your Discover Weekly more than once. One of them is that the song was released as part of multiple albums. Because of this it's identified by the system as a separate track. It's also possible that the song got removed and re-uploaded with a different version. In order avoid this from happenings and to get more diverse recommendations on your Discover Weekly in general, we suggest that you do the following: Make sure you're not listening to Spotify in Private Session Save your favorite songs and listen to music you like Unfollow your Discover Weekly playlist, and then follow it again under 'Browse > Discover' By following these steps and expanding your music collection you can give the algorithm a little push and should start seeing new suggestions, more in synch with your taste after a couple of integrations of your Discover Weekly. In order to be able to better address your individual issues with the playlist, we're closing off this thread for new comments. If you continue to experience any difficulties, you can always create a new thread in the relevant help board. Cheers!",,0,scraped,212
spotify_community,community_-2401476453730736628,,Re: Discover Weekly keeps recycling the same songs,"Hi, @eskhn ! Welcome to the Spotify Community. Could you let us know if this started happening after a specific update or event? Also, have you used the Private Session mode recently? We'll see what we can suggest.",,0,scraped,38
spotify_community,community_-2749612586485072834,,[Guidelines] Music Exchange,"Welcome to Music Exchange ! This is the place for fans to share links to music and podcasts and to collaborate on playlists together. You can recommend content by sharing a link in a relevant thread, or you can start a new thread to crowdsource music which fits a certain genre, mood or theme. If you'd like to dig deeper and start or join a discussion on a given topic, make sure to check out the Music Discussion board! If you're sharing a new or emerging artist that most people have probably never heard of, then tell us about them and share some examples of their work in Discovery & Promo . We expect everyone to follow the Chat Guidelines and the Community Guidelines - make sure to familiarize yourselves with them before posting here. If you want to report anyone breaking these guidelines, here’s how: Click the three dots in the top right corner of the post Click ""Report Inappropriate Content"" in the drop-down menu Describe how the user is breaking the guidelines and/or write the Guideline number broken Click NOTIFY MODERATOR Thanks!",,0,scraped,184
spotify_community,community_-8166967961077245651,,[Guidelines] Discovery & Promo,"Welcome to Discovery & Promo ! This is the place to celebrate the new and emerging artists you've probably never heard of. We welcome artists and creators to promote their work here - but please only post links to the same content once. You can recommend content by sharing a link in a relevant thread, or you can start a new thread to tell us why we should check a certain track, album or artist out. If you're just sharing links with no details as to why, or sharing a playlist and you aren't the artist of the song(s), then please put that in Music Exchange . We expect everyone to follow the Chat Guidelines and the Community Guidelines - make sure to familiarize yourselves with them before posting here. If you want to report anyone breaking these guidelines, here’s how: Click the three dots in the top right corner of the post Click ""Report Inappropriate Content"" in the drop-down menu Describe how the user is breaking the guidelines and/or write the Guideline number broken Click NOTIFY MODERATOR Thanks!",,0,scraped,179
spotify_community,community_4833743167384208027,,Retirement of our Running Feature,"Hey everyone, the Spotify Community team here. We’re here to let you know we will be retiring our Running feature on 26 February 2018. We always take retiring features in Spotify very seriously. We’re pouring our energy into new ways of creating the best experience for our users. Of course, you can still workout with Spotify as your Running companion. You can find Running playlists in the Workout section of Browse section. You can also connect your Spotify running music with an exercise app. Check out our support articles on Nike+ Run Club and Runkeeper for more information. If you’re interested to learn more about how the app evolves, check out our article about testing and why features change . Please post here with any questions or feedback you might have. We’ll be sure it reaches the right teams. Thanks!",,0,scraped,140
spotify_community,community_-2783868212825679907,,Re: Retirement of our Running Feature,"I started running a little over a year ago and the discovery of this feature had kept me motivated. It was unique as fear as I know and I recommend it to EVERYONE who asks about running music. I just made this discovery today. I'm so, so sad as disappointed and I guess I'm off to see if I can find anything similar",,0,scraped,63
spotify_community,community_-835485250199691523,,Re: Retirement of our Running Feature,"For me this was the ONLY reason to use Spotify, and I loved the feature. Back to creating my OWN playlists from Mp3’s then...",,0,scraped,24
spotify_community,community_-8366683304429513665,,"New version 1.x is unusably slow (ios 7, iphone 5)","Update 4/24: New build 1.1.0.2549 seems to be available on the app store with an apology in the app description... I'm still testing it out but many users here report the problem is solved. Update 4/20: User named Matt Suda (mod?) has posted in this thread to expect an app update this week. No official word. Update 4/07-ish: Spotify support says they are aware of the problem and ""looking into it."" Spotify just upgraded itself to the newest 1.0 version on my iPhone 5 (iOS 7.1). The update renders the app unusably slow. After using it for several hours I had to revert back to the Apple Music app. Things I noticed: - After augmenting a playlist (deleting a track, for example), the app is unresponsive for ~5 second. - Clicking ""Share"" from the new popup menu renders the app unresponsive for ~5 seconds, and then executes several actions all at once. - The (REV, PLAY, FWD) controls from the lock screen are unresponsive after the first command. Tracks take about 5-10 seconds to switch, and if I keep pressing FWD, for example, the requests seem to be queued, executing over the next minute at random times. - Scrolling becomes slow / unresponsive. I must wait 5-10 seconds for scrolling in any list to be re-enabled. Usability-wise I am unimpressed with the new search / discovery feature. I found it difficult to view all albums by a particular artist. I have to search, then scroll down to Albums, and then click on Albums to view all of them. Maybe there were more albums listed in the previous version? Anyone else having these issues? The app is basically unusable at this stage, so I'm using the built in Apple Music app. Tempted to unsubscribe until the issue is resolved. Solved! Go to Solution.",,0,scraped,302
spotify_community,community_-954688861048731636,,"Re: New version 1.x is unusably slow (ios 7, iphone 5)","New update version 1.1 is now out! MattSuda Spotify Star Help others find this answer and click ""Accept as Solution"". If you appreciate my answer, maybe give me a Like. Note: I'm not a Spotify employee. View solution in original post",,0,scraped,41
spotify_community,community_-268904692663999255,,"Re: New version 1.x is unusably slow (ios 7, iphone 5)","You should now be able to update to v1.1 @Marieto2 from the App Store which brings some improvements. Peter Spotify Community Mentor and Troubleshooter Spotify Last.FM Twitter LinkedIn Meet Peter Rock Star Jam 2014 If this post was helpful, please add kudos below! View solution in original post",,0,scraped,48
spotify_community,community_-3427288455405845998,,App keeps switching to repeat,"Plan Premium Country USA Device Pixel 6 Pro Operating System Android 14 Spotify version: 8.8.92.700 My Question or Issue Everytime I open the app it switches playback to repeat/loop. It's not much of an issue if I hit play on a playlist. But I generally don't use playlists except at work. When I search a song and click it to play, its automatically on repeat. Since the ""playlist"" for one song is well... One song. That means it defaults to repeating the same song. I know the ""solution"" is to just uncheck the loop. But it's a hassle to open the player and change it every single time I start the app with a new session. And I'm usually not thinking about that. I'm thinking ""I wanna listen to Torna a Casa and the rest of the songs the algorithm suggests like it."" And it makes it essentially impossible to start listening hands free. Screenshots of behavior and settings.",,0,scraped,159
spotify_community,community_-1144635651714248295,,Re: App keeps switching to repeat,"Hey everyone, Thanks for posting in this thread! We appreciate your patience here while this is being looked into. Just to confirm, does this happens when listening directly from the Spotify app on your phone or PC? Or does it only occur when listening in the car via Bluetooth? And to help our teams with the investigation, we will need some more details. It would be great if you could send us the following (if you haven't already): The make, model and OS version of your device(s). Current Spotify version . Does this happen to every song or is it intermittent? Any patterns on when this happen? (i.e. when app starts for the first time). If possible, a short video showing how things look from your end (just make sure it doesn't include personal info). Should the files be too large to attach here in the Community, you can send them to us as unlisted YouTube videos or via Google Drive. We'll keep an eye out for your replies! Jump to reply",,0,scraped,172
spotify_community,community_-1144635651714248295,,Re: App keeps switching to repeat,"Hey everyone, Thanks for posting in this thread! We appreciate your patience here while this is being looked into. Just to confirm, does this happens when listening directly from the Spotify app on your phone or PC? Or does it only occur when listening in the car via Bluetooth? And to help our teams with the investigation, we will need some more details. It would be great if you could send us the following (if you haven't already): The make, model and OS version of your device(s). Current Spotify version . Does this happen to every song or is it intermittent? Any patterns on when this happen? (i.e. when app starts for the first time). If possible, a short video showing how things look from your end (just make sure it doesn't include personal info). Should the files be too large to attach here in the Community, you can send them to us as unlisted YouTube videos or via Google Drive. We'll keep an eye out for your replies!",,0,scraped,169
spotify_community,community_-3458824929909069418,,Re: App keeps switching to repeat,"Hey there @Apollo2231 , Thanks for posting on the Community! Could you check if clearing stored cache from the app makes any difference? Just make sure to switch off the Repeat function first. Once it's done, try logging out and then back in again. As odd as this may sound, this should resync your account info. Should the Repeat function still show as switched on, could you send us a video showing how things look from your end? If the files are too large to attach here in the Community, you can send them to us via Google Drive or as unlisted YouTube videos. Let us know how it goes! Maria Moderator Help others find this answer and click ""Accept as Solution"" . If you appreciate an answer, maybe give it a ""Like"" . Are you new to the Community? Take a moment to introduce yourself!",,0,scraped,146
spotify_community,community_5980405511719511909,,Re: App keeps switching to repeat,"This only happens to me when connecting with Android Auto in my 2021 Ford Escape SYNC system. It is very annoying, but at least I know when it happens and can turn repeat mode off as soon as I leave the car.",,0,scraped,42
spotify_community,community_-4862965554037243386,,Re: App keeps switching to repeat,"This started happening on my Pixel 7 a couple of months ago. Every time I restart the app from either a phone restart or after I haven't used Spotify for a day or so the repeat resets itself to on. I manually turn it off and it is fine for the session, until I go for several hours without playing anything. App: version 8.9.86.551 (current according to Play Store) Phone: Android 14, build number:AP2A.240905.003 As you know from this thread it has been a problem for years. (I found one post from 2019 which ended with a request that we post here if we're still having this problem.) Sorry in advance for venting my frustration below... Especially, given that I'm paying for my Spotify service, I'm really disappointed in your app and wish you all would fix this. I know your engineers are capable of fixing this issue so I assume that this is on purpose. I realize I'm probably wrong but this is how I feel. Thank you for listening and please, please, after 5 years... fix this issue.",,0,scraped,180
spotify_community,community_-6711382784355031717,,Repeat One turning off with selection of new song,"Plan Premium On Spotify desktop for Windows, but also for all other environments, the repeat one functionality seems odd to me. When repeat one is on and a new song is selected, the selection turns to just repeat (which just ensures that music keeps playing). I personally like to listen to a song for a while on loop, then change to a new song, and it's annoying to have to re-select the button each time to loop the song I requested. However, I know that some people do enjoy the current functionality, so my proposed solution would be to add in a toggle in the settings, for something like ""persistant repeat one"". This would simply toggle the functionality between what it is now and keeping repeat one on until the user disables it. This would allow people to be able to decide their own preferences, rather than having the repeat functionality be one way or another.",,0,scraped,156
spotify_community,community_-880628397397359640,,"Spotify Connect/Cast is Broken, Can't Switch Devices Without Losing Queue","Plan Premium Country United States Device Pixel Fold Operating System Windows 11 Pro My Question or Issue Spotify Connect and Cast is broken on Android. The issues I have seen in the past is what led me to switch to YouTube Music for a period of time, but that's bad in its own special way. My family voted me out so I had to switch us all back to Spotify. 1. If I am casting to a speaker (Google Home), and switch the playback device back to my phone via the Android app, playback stops and my queue disappears. 2. If I am playing on my PC, and I switch the playback device from my PC to my phone via the Android app, playback stops and my queue disappears. Spotify just shows some toast about being unable to play that track, but it's not track specific, it's any track. I have 22,000+ tracks in my library to choose from, and I have tried many. 3. If I am playing on my PC, and I switch the playback device from my PC to my phone via the Windows app, a whole new queue loads up and begins playing back on my phone. The queue I had on my PC is discarded and replaced with whatever queue my phone generated out of thin air. 4. If I am playing on my phone and I switch the the playback device from my Phone to my PC via the Android app, a whole new queue loads up and begins playing back on my PC. The queue I had on my phone is discarded and replaced with whatever queue my PC generated out of thin air. Please do not suggest a clean install. I haven't had Spotify installed on anything for months, this is about as clean as you can get. Everything was installed fresh yesterday. Solved! Go to Solution.",,0,scraped,315
spotify_community,community_-6809673446228028366,,"Re: Spotify Connect/Cast is Broken, Can't Switch Devices Without Losing Queue","So this is apparently a feature, not a bug. Per spotify's customer service twitter: "" This is actually expected behavior; starting playback on a new device resets the queue. To avoid this, keep music playing on the first device, open the app on the second, and use the ""available devices"" button, or add songs to the queue before switching. "" I doubt spoofify has any intention of fixing the issue or even addressing this thread Jump to reply",,0,scraped,78
spotify_community,community_-6809673446228028366,,"Re: Spotify Connect/Cast is Broken, Can't Switch Devices Without Losing Queue","So this is apparently a feature, not a bug. Per spotify's customer service twitter: "" This is actually expected behavior; starting playback on a new device resets the queue. To avoid this, keep music playing on the first device, open the app on the second, and use the ""available devices"" button, or add songs to the queue before switching. "" I doubt spoofify has any intention of fixing the issue or even addressing this thread",,0,scraped,75
spotify_community,community_7003311512065752344,,"Re: Spotify Connect/Cast is Broken, Can't Switch Devices Without Losing Queue","Hey everyone, We're unable to provide an ETA for a fix at the moment, but we’re regularly looking for opportunities to enhance the user experience for everyone, so your feedback on this is greatly appreciated. In the meantime, make sure you're always running the latest version of Spotify so you don't miss out on any updates. The Community is here if there's anything else you need assistance with. Jump to reply",,0,scraped,71
spotify_community,community_6238040626835956414,,Option to disable Made for you feature,The 'made for you' feature being an automatic feature on so many playlists is just meaning every single playlist sounds the same and has the same songs in it! The reason I want to listen to a different playlist is because I want new music not to be pushed the exact same songs I am already listening to - half of them don't even match the genre. An option to disable this feature and just listen to the default Spotify version would be really useful as it is getting really tedious. Also sometimes you listen to a playlist with someone else and your like oh I really like these tracks they share the playlist and then it's all different because you are logged in. Seems to defeat the object of a playlist. Solved! Go to Solution.,,0,scraped,136
spotify_community,community_64715652641102538,,Re: Option to disable Made for you feature,"Hey there @eleanorjane92 , Thanks for reaching out about this here in the Community. We moved your post from the Ideas board to the relevant Help board, where it fits better. Keep in mind that the Made for you playlists are based on your listening habits (what you like, share, save, skip) and the listening habits of others with similar taste. In this case, it's expected for the app to suggest similar songs to the ones you usually listen to. If you'd like to discover new music, you can also use the Radio feature or head to Search and choose a category where you'll find a lot of playlists made by Spotify. Additionally, it looks like other users would like to have this option as well and posted this idea. You can add your vote by clicking on the Thumbs up icon, if you'd like to have this option in the future. The Idea Exchange is a great way for us to see what our users are interested in and how many people like a certain idea. On another note, when another user shares one of their Made for you playlists with you, you should be able to listen to it as it is, even if you're logged in to your account. If that's not how it works on your end, would you mind giving us more info on what you're experiencing? Also, sending us some screenshots would come in handy. You can attach them to your next response by using the Insert image option in the post editor. Make sure not to send any private info. We'll be on the lookout. Eni Moderator Help others find this answer and click ""Accept as Solution"" . If you appreciate my answer, maybe give me a Like . “Music acts like a magic key, to which the most tightly closed heart opens.”– Maria von Trapp View solution in original post",,0,scraped,318
spotify_community,community_64715652641102538,,Re: Option to disable Made for you feature,"Hey there @eleanorjane92 , Thanks for reaching out about this here in the Community. We moved your post from the Ideas board to the relevant Help board, where it fits better. Keep in mind that the Made for you playlists are based on your listening habits (what you like, share, save, skip) and the listening habits of others with similar taste. In this case, it's expected for the app to suggest similar songs to the ones you usually listen to. If you'd like to discover new music, you can also use the Radio feature or head to Search and choose a category where you'll find a lot of playlists made by Spotify. Additionally, it looks like other users would like to have this option as well and posted this idea. You can add your vote by clicking on the Thumbs up icon, if you'd like to have this option in the future. The Idea Exchange is a great way for us to see what our users are interested in and how many people like a certain idea. On another note, when another user shares one of their Made for you playlists with you, you should be able to listen to it as it is, even if you're logged in to your account. If that's not how it works on your end, would you mind giving us more info on what you're experiencing? Also, sending us some screenshots would come in handy. You can attach them to your next response by using the Insert image option in the post editor. Make sure not to send any private info. We'll be on the lookout. Eni Moderator Help others find this answer and click ""Accept as Solution"" . If you appreciate my answer, maybe give me a Like . “Music acts like a magic key, to which the most tightly closed heart opens.”– Maria von Trapp",,0,scraped,313
spotify_community,community_4994452814614760906,,Re: Option to disable Made for you feature,"Same frustrations here. After being a Spotify user for a decade, I'm considering deleting my account because of this. New music discovery is now near impossible. Even Spotify's pre-made playlists somehow become ""made for you,"" resulting in a torturous, never-ending loop of the same few songs. I'm paying for a premium subscription only to receive a service that does not, in any way, meet users' needs or wants like it used to. Please, please, please get rid of the ""made for you"" feature, Spotify. The AI technology and resulting algorithms you're relying on are destroying what was once such a loved streaming service.",,0,scraped,103
spotify_community,community_6849155880449976421,,Re: Option to disable Made for you feature,"The current DJ and Daily Mix features are doing the same thing - I want to discover new music, but after playing just a few songs, it keeps recommending songs I've heard dozens of times before. Even if I love those songs, it gets really annoying. Because of this, my most played song in my 2024 Wrapped was actually a song I don't even like! I strongly suggest fixing this recommendation algorithm! And add a 'dislike' feature too!!!",,0,scraped,78
spotify_community,community_-9217531303420771071,,my personal experience with spotify across devices,"Seamless Soundscapes: My Spotify Experience Across Devices (A Personal Case Study) Introduction: The Music That Follows Me I live my life to a soundtrack. As a music enthusiast juggling two laptops, two phones, a TV and an iPad, Spotify is my constant companion. This case study explores how its cross-device features transformed my listening from a series of interruptions into a single, uninterrupted soundscape that flows with my day. The magic is in the handoff—the seamless way my music follows me from device to device, keeping me focused, productive, and in the zone. The Daily Scramble My workday is a dynamic mix of deep focus sessions and creative breaks, each powered by a different playlist. But switching devices used to be a point of friction. Moving from a laptop meeting to a walk with my phone meant the music would stop dead. I’d have to find my place in the song, breaking my concentration and killing the vibe. I grew curious: could Spotify's cross-device sync really deliver a flawless handoff? One Network, Total Control My first ""wow"" moment came from Spotify Connect. As soon as I connect a device to my Wi-Fi, it instantly appears in a menu “Playing from” . There’s no pairing, no Bluetooth headaches—it just works. Whether I start a playlist on my laptop or phone, I can switch control to any other device with a single tap. My current song, queue, and even the exact playback position move with me. ""The first time I walked away from my laptop with Spotify still playing and lowered the volume from my phone from the spotify app, it felt like pure magic."" The Uninterrupted Workflow: Never Miss a Beat (or a Call) The real game-changer was discovering how Spotify handles incoming calls. Instead of just pausing the music on my phone, it automatically rerouted the playback to my other phone, connected on the same network, and continued playing the music. I could answer the call without my focus-enhancing soundtrack ever stopping. Once the call ends, I could resume on m",,0,scraped,341
spotify_community,community_4556170163500781884,,Re: my personal experience with spotify across devices,"Hi, When I connect my Spotify to a google nest or speaker, it's in fast forward. I've uninstalled both Spotify and all my speakers, then reinstalled them, to no avail. 🫤 Does this ever happen to you? I also have Premium. Any help or advice would be welcome. Thanks",,0,scraped,49
spotify_community,community_5447378311181340021,,New Your Library view (iOS & Android),"Spotify is introducing a new version of the Your Library view to mobile users of the iOS and Android apps. When you open up the Spotify mobile app you will see this new view. 📱 Check out this Spotify news article for more information: Listeners Can Explore Their Spotify Collections Faster and Easier With a New ‘Your Library’ This thread is your go-to destination for getting an overview of what's new, asking questions, getting help for issues you might have, as well as to share your feedback on this new version of Your Library. Also, do you have any tips for other users on how you are using the new Your Library? We'd love to hear them. What's new? See your entire collection in one simple list Dynamic filters and better sort options for your collection Pinned library items to find your favorites, faster More control at your fingertips with a new grid view Universal search allows you to search through your entire collection and see your recent searches Faster settings navigation allows you to tap on your profile picture to get to settings faster Get to your downloads , faster Here is a walkthrough of what's new: One simple list: Your Library is now one simple list. At the top, tap on the filters to filter the content you want to see and tap on the sort options to change the sort order of the list. To create a new playlist, tap on the + (plus) symbol at the top right corner. Dynamic filter options: At the top, tap on the filters to filter the content you want to see. Tap on the X and then chose another filter to see another type of content. Having no filter selected will show all types of content in the list. Playlists Artists Albums Podcasts & Shows Downloaded Sort options: At the top, tap on the sort options to change the sort order of the list. Recents Recently added Alphabetical Creator And in the ""Playlists"" filter view, you'll have this option to see your playlists in your own order like in the desktop app and web player: Custom order 📌 Pinned library items: If yo",,0,scraped,363
spotify_community,community_1605749148172936492,,Re: New Your Library view (iOS & Android),"Updates: This section will inform you of updates to the new mobile Your Library view such as changes and new features. iOS and Android updates are not always released at the same time so there may be a short delay. December 2021: ✅ New features for Playlist Folders: You can now sort inside of Playlist Folders (shares same sort order as the playlists filter) Grid View is now supported inside of Playlist Folders Downloaded: You can select the ""downloaded"" filter at the top of the Playlist Folder to only see downloaded playlists inside of the Playlist Folder Tap on the + icon to create a new empty playlist inside of the Playlist Folder October 2021 (app version 8.6.64): ✅ Ability to set a seperate sort order for each filter (no longer shared) One of the main points users made in this feedback thread is that they wanted the ability to be able to set a separate sort order for each filter and not have each filter share the same selected sort order. With app version 8.6.64, when you change the sort order for one of the filters, it will be remembered for that filter. For example, now you can have Playlists set to sort by ""custom"", Artists set to sort by ""recently added"", Albums set to sort by ""alphabetical"", and Podcasts set to sort by ""recently updated"", or however you want them to be sorted. When you switch between the filters, it will now show the same sort order you selected last time you used that specific filter. FAQ: This section will answer your frequently asked questions and will be updated with the latest answers. Related help articles on the support website: • Your Library • Sort and filter • Playlist folders Where can I give my feedback about the new Your Library view for iOS & Android? The best place to post your feedback is here in this thread. If your feedback is suggesting certain changes, it is best to also post each individual idea in the Community Idea Exchange where users can vote and comment on your ideas and it'll be easier to track each idea. You can",,0,scraped,360
spotify_community,community_1213481172391693115,,Re: New Your Library view (iOS & Android),"I feel very strongly about this UI update but I will try to keep this as objective as possible. This library design requires more interactions to use the way I (and I assume many) use it. With everything lumped together, it is actually more difficult to use. Previously, to reach playlists was one click (on library, then shows playlists by default). Then it was one swipe for artists. These could be ordered differently, for example playlists could be ordered by last played and artists could be alphabetical. Now, to view playlists is one click (library) then one click with a small hit box (playlists). To change to artists it is then unselecting playlists, then clicking artists. To view both pages is not four clicks instead of one click and one swipe. This does not factor in the extra clicks if one prefers to have playlists and artists sorted differently as mentioned above. I really hope this change can be reverted. For me, it is actually less functional as my music service. In the past I have taken issue with Spotify UI updates but none have made me react so much as to create an online account and lodge a complaint.",,0,scraped,200
spotify_community,community_2591235406427598966,,Following your Listening Stats,"You probably already know Spotify releases the Spotify Wrapped every year, which is a rewind of your listening stats. It presents each user their listening stats for that year, including the most listened-to artists and songs, for example. It's really like an annual event every user and fan of Spotify waits the whole year to share their Wrapped cards with their friends on Social Media or to check out how was their listening experience over the 365 days of the year... Taking another step, and after listening to the users, Spotify is launching a new experience when it comes to following the listening stats... Welcome to Your Sound Capsule . Currently only available in Brazil, India and Indonesia , Your Sound Capsule is a brand new way to keep up with what you're listening to each month of the year, including information like: how many minutes you spent listening to content your top artists your top songs You can also get some exclusive insights into the Proportion of Your Listening , Streak , Unlikely Combinations , Total Listening Time , Throwback , and Top x% Listener . Proportion of Your Listening You will get insights into the proportion of the time you spent listening on Spotify that month. You'll see which playlist/artist you spent more time listening to, considering the total listening time. Streak Are you a huge fan of an Artist? Then you probably listen to them in a sequence of days, right? You can check it out on your capsule. Unlikely Combinations If you are like me, you probably listen to the most different genres ever and only you can understand the unlikely combinations you do when listening to your favorite songs. Total Listening Time Are you curious to know how many minutes you spent listening to your favorite songs in the month? Here is the definitive stat! Throwback It showcases some songs or artists you were listening to a lot a few months ago and gives you the opportunity to a throwback. It's excellent to know how your music taste has evolved throu",,0,scraped,346
spotify_community,community_3023088541533954843,,Re: Following your Listening Stats,"Hi, @spencer09 Your Sound Capsule is being launched, initially in Brazil, India and Indonesia. Once it reaches more countries, I’ll update this post with the information. Luan Spotify Star Help others find this answer and click ""Accept as Solution"". If you appreciate my answer, maybe give me a Like. Note: I'm not a Spotify employee. View solution in original post",,0,scraped,60
spotify_community,community_132021869829866703,,New Spotify app is awful.,"Plan Premium Country UK Device motorola g7 power Operating System android My Question or Issue I'm a long time fan of Spotify, been using the app for years and been premium for around 3 years. It used to be an incredible app, great for organising playlists and downloading a ton of albums. However, since the latest major update the app has been ruined, I'll try and break it down here: The new UI is incredibly slow even in offline mode. Sometimes it won't load my songs/playlist at all and I have to restart the app. It was fairly slow even before this update but its gotten much worse now. I'm on a brand new phone. WHERE ARE MY SAVED ARTISTS??? My process of saving songs on spotify has always been to find an artist I like, tap download on one of their songs/albums and then they would appear in my artist list. I had hundreds of artists in there, after the update I have 5. Apparently I now have to go through all of the songs in my library (over 2.5k) and check ""follow"" on the artist. This is incredibly annoying and unintuitive. Where is the ""SONGS"" section??? In the older version there was a section that just listed every single song in my library. Now there is just ""liked songs"" which now only shows songs that i've ""liked"" rather than simply saved or downloaded. I barely use the ""like"" function and just want to be able to scroll through all the songs i own in order of recently added. ""Recently played"" has moved to home tab, don't know why you'd move this here makes much more sense to be part of the library section where I spend most of the time browsing. Now everytime I want to find a song I listened to 10 minutes ago I have to tab to home and load all the explore **bleep** which is super slow. I've basically stopped using this function now. Searching is slower than ever, shouldn't take that long. Especially in offline mode. Also side note; would be nice to be able to search songs/artists/albums just in my library in this section rather than the entire spotify catalogue.",,0,scraped,368
